#!ascii label /Users/megardn/Desktop/BGD_Repos/labels/rh_0046.label , from subject  vox2ras=TkReg
13277
-1  15.000  -75.000  -35.000 0.0000000000
-1  13.000  -75.000  -35.000 0.0000000000
-1  13.000  -75.000  -36.000 0.0000000000
-1  12.000  -75.000  -36.000 0.0000000000
-1  14.000  -75.000  -38.000 0.0000000000
-1  19.000  -75.000  -40.000 0.0000000000
-1  15.000  -74.000  -33.000 0.0000000000
-1  15.000  -74.000  -34.000 0.0000000000
-1  14.000  -74.000  -34.000 0.0000000000
-1  13.000  -74.000  -34.000 0.0000000000
-1  12.000  -74.000  -34.000 0.0000000000
-1  11.000  -74.000  -34.000 0.0000000000
-1  15.000  -74.000  -35.000 0.0000000000
-1  14.000  -74.000  -35.000 0.0000000000
-1  13.000  -74.000  -35.000 0.0000000000
-1  12.000  -74.000  -35.000 0.0000000000
-1  15.000  -74.000  -36.000 0.0000000000
-1  14.000  -74.000  -36.000 0.0000000000
-1  13.000  -74.000  -36.000 0.0000000000
-1  12.000  -74.000  -36.000 0.0000000000
-1  11.000  -74.000  -36.000 0.0000000000
-1  18.000  -74.000  -37.000 0.0000000000
-1  17.000  -74.000  -37.000 0.0000000000
-1  16.000  -74.000  -37.000 0.0000000000
-1  15.000  -74.000  -37.000 0.0000000000
-1  14.000  -74.000  -37.000 0.0000000000
-1  13.000  -74.000  -37.000 0.0000000000
-1  12.000  -74.000  -37.000 0.0000000000
-1  11.000  -74.000  -37.000 0.0000000000
-1  10.000  -74.000  -37.000 0.0000000000
-1  16.000  -74.000  -38.000 0.0000000000
-1  20.000  -74.000  -39.000 0.0000000000
-1  18.000  -74.000  -39.000 0.0000000000
-1  17.000  -74.000  -39.000 0.0000000000
-1  16.000  -74.000  -39.000 0.0000000000
-1  15.000  -74.000  -39.000 0.0000000000
-1  14.000  -74.000  -39.000 0.0000000000
-1  21.000  -74.000  -40.000 0.0000000000
-1  20.000  -74.000  -40.000 0.0000000000
-1  19.000  -74.000  -40.000 0.0000000000
-1  18.000  -74.000  -40.000 0.0000000000
-1  14.000  -74.000  -40.000 0.0000000000
-1  11.000  -73.000  -32.000 0.0000000000
-1  15.000  -73.000  -33.000 0.0000000000
-1  14.000  -73.000  -33.000 0.0000000000
-1  13.000  -73.000  -33.000 0.0000000000
-1  15.000  -73.000  -34.000 0.0000000000
-1  14.000  -73.000  -34.000 0.0000000000
-1  13.000  -73.000  -34.000 0.0000000000
-1  12.000  -73.000  -34.000 0.0000000000
-1  11.000  -73.000  -34.000 0.0000000000
-1  10.000  -73.000  -34.000 0.0000000000
-1  18.000  -73.000  -35.000 0.0000000000
-1  17.000  -73.000  -35.000 0.0000000000
-1  16.000  -73.000  -35.000 0.0000000000
-1  15.000  -73.000  -35.000 0.0000000000
-1  14.000  -73.000  -35.000 0.0000000000
-1  13.000  -73.000  -35.000 0.0000000000
-1  12.000  -73.000  -35.000 0.0000000000
-1  11.000  -73.000  -35.000 0.0000000000
-1  22.000  -73.000  -36.000 0.0000000000
-1  21.000  -73.000  -36.000 0.0000000000
-1  20.000  -73.000  -36.000 0.0000000000
-1  19.000  -73.000  -36.000 0.0000000000
-1  18.000  -73.000  -36.000 0.0000000000
-1  17.000  -73.000  -36.000 0.0000000000
-1  16.000  -73.000  -36.000 0.0000000000
-1  15.000  -73.000  -36.000 0.0000000000
-1  14.000  -73.000  -36.000 0.0000000000
-1  13.000  -73.000  -36.000 0.0000000000
-1  12.000  -73.000  -36.000 0.0000000000
-1  11.000  -73.000  -36.000 0.0000000000
-1  10.000  -73.000  -36.000 0.0000000000
-1  21.000  -73.000  -37.000 0.0000000000
-1  20.000  -73.000  -37.000 0.0000000000
-1  19.000  -73.000  -37.000 0.0000000000
-1  18.000  -73.000  -37.000 0.0000000000
-1  17.000  -73.000  -37.000 0.0000000000
-1  16.000  -73.000  -37.000 0.0000000000
-1  15.000  -73.000  -37.000 0.0000000000
-1  14.000  -73.000  -37.000 0.0000000000
-1  13.000  -73.000  -37.000 0.0000000000
-1  12.000  -73.000  -37.000 0.0000000000
-1  11.000  -73.000  -37.000 0.0000000000
-1  22.000  -73.000  -38.000 0.0000000000
-1  21.000  -73.000  -38.000 0.0000000000
-1  20.000  -73.000  -38.000 0.0000000000
-1  19.000  -73.000  -38.000 0.0000000000
-1  18.000  -73.000  -38.000 0.0000000000
-1  17.000  -73.000  -38.000 0.0000000000
-1  16.000  -73.000  -38.000 0.0000000000
-1  15.000  -73.000  -38.000 0.0000000000
-1  14.000  -73.000  -38.000 0.0000000000
-1  13.000  -73.000  -38.000 0.0000000000
-1  12.000  -73.000  -38.000 0.0000000000
-1  21.000  -73.000  -39.000 0.0000000000
-1  20.000  -73.000  -39.000 0.0000000000
-1  19.000  -73.000  -39.000 0.0000000000
-1  18.000  -73.000  -39.000 0.0000000000
-1  17.000  -73.000  -39.000 0.0000000000
-1  16.000  -73.000  -39.000 0.0000000000
-1  15.000  -73.000  -39.000 0.0000000000
-1  14.000  -73.000  -39.000 0.0000000000
-1  13.000  -73.000  -39.000 0.0000000000
-1  23.000  -73.000  -40.000 0.0000000000
-1  22.000  -73.000  -40.000 0.0000000000
-1  21.000  -73.000  -40.000 0.0000000000
-1  20.000  -73.000  -40.000 0.0000000000
-1  19.000  -73.000  -40.000 0.0000000000
-1  18.000  -73.000  -40.000 0.0000000000
-1  17.000  -73.000  -40.000 0.0000000000
-1  16.000  -73.000  -40.000 0.0000000000
-1  15.000  -73.000  -40.000 0.0000000000
-1  14.000  -73.000  -40.000 0.0000000000
-1  13.000  -73.000  -40.000 0.0000000000
-1  20.000  -73.000  -41.000 0.0000000000
-1  19.000  -73.000  -41.000 0.0000000000
-1  18.000  -73.000  -41.000 0.0000000000
-1  17.000  -73.000  -41.000 0.0000000000
-1  16.000  -73.000  -41.000 0.0000000000
-1  15.000  -73.000  -41.000 0.0000000000
-1  21.000  -73.000  -42.000 0.0000000000
-1  20.000  -73.000  -42.000 0.0000000000
-1  18.000  -73.000  -43.000 0.0000000000
-1  12.000  -72.000  -31.000 0.0000000000
-1  11.000  -72.000  -31.000 0.0000000000
-1  10.000  -72.000  -31.000 0.0000000000
-1  9.000  -72.000  -31.000 0.0000000000
-1  14.000  -72.000  -32.000 0.0000000000
-1  13.000  -72.000  -32.000 0.0000000000
-1  12.000  -72.000  -32.000 0.0000000000
-1  11.000  -72.000  -32.000 0.0000000000
-1  17.000  -72.000  -33.000 0.0000000000
-1  16.000  -72.000  -33.000 0.0000000000
-1  15.000  -72.000  -33.000 0.0000000000
-1  14.000  -72.000  -33.000 0.0000000000
-1  13.000  -72.000  -33.000 0.0000000000
-1  12.000  -72.000  -33.000 0.0000000000
-1  11.000  -72.000  -33.000 0.0000000000
-1  10.000  -72.000  -33.000 0.0000000000
-1  18.000  -72.000  -34.000 0.0000000000
-1  17.000  -72.000  -34.000 0.0000000000
-1  16.000  -72.000  -34.000 0.0000000000
-1  15.000  -72.000  -34.000 0.0000000000
-1  14.000  -72.000  -34.000 0.0000000000
-1  13.000  -72.000  -34.000 0.0000000000
-1  12.000  -72.000  -34.000 0.0000000000
-1  11.000  -72.000  -34.000 0.0000000000
-1  10.000  -72.000  -34.000 0.0000000000
-1  9.000  -72.000  -34.000 0.0000000000
-1  20.000  -72.000  -35.000 0.0000000000
-1  19.000  -72.000  -35.000 0.0000000000
-1  18.000  -72.000  -35.000 0.0000000000
-1  17.000  -72.000  -35.000 0.0000000000
-1  16.000  -72.000  -35.000 0.0000000000
-1  15.000  -72.000  -35.000 0.0000000000
-1  14.000  -72.000  -35.000 0.0000000000
-1  13.000  -72.000  -35.000 0.0000000000
-1  12.000  -72.000  -35.000 0.0000000000
-1  11.000  -72.000  -35.000 0.0000000000
-1  10.000  -72.000  -35.000 0.0000000000
-1  24.000  -72.000  -36.000 0.0000000000
-1  22.000  -72.000  -36.000 0.0000000000
-1  21.000  -72.000  -36.000 0.0000000000
-1  20.000  -72.000  -36.000 0.0000000000
-1  19.000  -72.000  -36.000 0.0000000000
-1  18.000  -72.000  -36.000 0.0000000000
-1  17.000  -72.000  -36.000 0.0000000000
-1  16.000  -72.000  -36.000 0.0000000000
-1  15.000  -72.000  -36.000 0.0000000000
-1  14.000  -72.000  -36.000 0.0000000000
-1  13.000  -72.000  -36.000 0.0000000000
-1  12.000  -72.000  -36.000 0.0000000000
-1  11.000  -72.000  -36.000 0.0000000000
-1  10.000  -72.000  -36.000 0.0000000000
-1  24.000  -72.000  -37.000 0.0000000000
-1  23.000  -72.000  -37.000 0.0000000000
-1  22.000  -72.000  -37.000 0.0000000000
-1  21.000  -72.000  -37.000 0.0000000000
-1  20.000  -72.000  -37.000 0.0000000000
-1  19.000  -72.000  -37.000 0.0000000000
-1  18.000  -72.000  -37.000 0.0000000000
-1  17.000  -72.000  -37.000 0.0000000000
-1  16.000  -72.000  -37.000 0.0000000000
-1  15.000  -72.000  -37.000 0.0000000000
-1  14.000  -72.000  -37.000 0.0000000000
-1  13.000  -72.000  -37.000 0.0000000000
-1  12.000  -72.000  -37.000 0.0000000000
-1  11.000  -72.000  -37.000 0.0000000000
-1  23.000  -72.000  -38.000 0.0000000000
-1  22.000  -72.000  -38.000 0.0000000000
-1  21.000  -72.000  -38.000 0.0000000000
-1  20.000  -72.000  -38.000 0.0000000000
-1  19.000  -72.000  -38.000 0.0000000000
-1  18.000  -72.000  -38.000 0.0000000000
-1  17.000  -72.000  -38.000 0.0000000000
-1  16.000  -72.000  -38.000 0.0000000000
-1  15.000  -72.000  -38.000 0.0000000000
-1  14.000  -72.000  -38.000 0.0000000000
-1  13.000  -72.000  -38.000 0.0000000000
-1  12.000  -72.000  -38.000 0.0000000000
-1  22.000  -72.000  -39.000 0.0000000000
-1  21.000  -72.000  -39.000 0.0000000000
-1  20.000  -72.000  -39.000 0.0000000000
-1  19.000  -72.000  -39.000 0.0000000000
-1  18.000  -72.000  -39.000 0.0000000000
-1  17.000  -72.000  -39.000 0.0000000000
-1  16.000  -72.000  -39.000 0.0000000000
-1  15.000  -72.000  -39.000 0.0000000000
-1  14.000  -72.000  -39.000 0.0000000000
-1  13.000  -72.000  -39.000 0.0000000000
-1  12.000  -72.000  -39.000 0.0000000000
-1  23.000  -72.000  -40.000 0.0000000000
-1  22.000  -72.000  -40.000 0.0000000000
-1  21.000  -72.000  -40.000 0.0000000000
-1  20.000  -72.000  -40.000 0.0000000000
-1  19.000  -72.000  -40.000 0.0000000000
-1  18.000  -72.000  -40.000 0.0000000000
-1  17.000  -72.000  -40.000 0.0000000000
-1  16.000  -72.000  -40.000 0.0000000000
-1  15.000  -72.000  -40.000 0.0000000000
-1  14.000  -72.000  -40.000 0.0000000000
-1  13.000  -72.000  -40.000 0.0000000000
-1  25.000  -72.000  -41.000 0.0000000000
-1  23.000  -72.000  -41.000 0.0000000000
-1  22.000  -72.000  -41.000 0.0000000000
-1  21.000  -72.000  -41.000 0.0000000000
-1  20.000  -72.000  -41.000 0.0000000000
-1  19.000  -72.000  -41.000 0.0000000000
-1  18.000  -72.000  -41.000 0.0000000000
-1  17.000  -72.000  -41.000 0.0000000000
-1  16.000  -72.000  -41.000 0.0000000000
-1  15.000  -72.000  -41.000 0.0000000000
-1  23.000  -72.000  -42.000 0.0000000000
-1  22.000  -72.000  -42.000 0.0000000000
-1  21.000  -72.000  -42.000 0.0000000000
-1  20.000  -72.000  -42.000 0.0000000000
-1  19.000  -72.000  -42.000 0.0000000000
-1  18.000  -72.000  -42.000 0.0000000000
-1  17.000  -72.000  -42.000 0.0000000000
-1  21.000  -72.000  -43.000 0.0000000000
-1  20.000  -72.000  -43.000 0.0000000000
-1  19.000  -72.000  -43.000 0.0000000000
-1  18.000  -72.000  -43.000 0.0000000000
-1  14.000  -71.000  -30.000 0.0000000000
-1  13.000  -71.000  -30.000 0.0000000000
-1  12.000  -71.000  -30.000 0.0000000000
-1  11.000  -71.000  -30.000 0.0000000000
-1  10.000  -71.000  -30.000 0.0000000000
-1  9.000  -71.000  -30.000 0.0000000000
-1  14.000  -71.000  -31.000 0.0000000000
-1  13.000  -71.000  -31.000 0.0000000000
-1  12.000  -71.000  -31.000 0.0000000000
-1  11.000  -71.000  -31.000 0.0000000000
-1  10.000  -71.000  -31.000 0.0000000000
-1  9.000  -71.000  -31.000 0.0000000000
-1  17.000  -71.000  -32.000 0.0000000000
-1  16.000  -71.000  -32.000 0.0000000000
-1  15.000  -71.000  -32.000 0.0000000000
-1  14.000  -71.000  -32.000 0.0000000000
-1  13.000  -71.000  -32.000 0.0000000000
-1  12.000  -71.000  -32.000 0.0000000000
-1  11.000  -71.000  -32.000 0.0000000000
-1  10.000  -71.000  -32.000 0.0000000000
-1  9.000  -71.000  -32.000 0.0000000000
-1  19.000  -71.000  -33.000 0.0000000000
-1  18.000  -71.000  -33.000 0.0000000000
-1  17.000  -71.000  -33.000 0.0000000000
-1  16.000  -71.000  -33.000 0.0000000000
-1  15.000  -71.000  -33.000 0.0000000000
-1  14.000  -71.000  -33.000 0.0000000000
-1  13.000  -71.000  -33.000 0.0000000000
-1  12.000  -71.000  -33.000 0.0000000000
-1  11.000  -71.000  -33.000 0.0000000000
-1  10.000  -71.000  -33.000 0.0000000000
-1  9.000  -71.000  -33.000 0.0000000000
-1  20.000  -71.000  -34.000 0.0000000000
-1  19.000  -71.000  -34.000 0.0000000000
-1  18.000  -71.000  -34.000 0.0000000000
-1  17.000  -71.000  -34.000 0.0000000000
-1  16.000  -71.000  -34.000 0.0000000000
-1  15.000  -71.000  -34.000 0.0000000000
-1  14.000  -71.000  -34.000 0.0000000000
-1  13.000  -71.000  -34.000 0.0000000000
-1  12.000  -71.000  -34.000 0.0000000000
-1  11.000  -71.000  -34.000 0.0000000000
-1  10.000  -71.000  -34.000 0.0000000000
-1  21.000  -71.000  -35.000 0.0000000000
-1  20.000  -71.000  -35.000 0.0000000000
-1  19.000  -71.000  -35.000 0.0000000000
-1  18.000  -71.000  -35.000 0.0000000000
-1  17.000  -71.000  -35.000 0.0000000000
-1  16.000  -71.000  -35.000 0.0000000000
-1  15.000  -71.000  -35.000 0.0000000000
-1  14.000  -71.000  -35.000 0.0000000000
-1  13.000  -71.000  -35.000 0.0000000000
-1  12.000  -71.000  -35.000 0.0000000000
-1  11.000  -71.000  -35.000 0.0000000000
-1  10.000  -71.000  -35.000 0.0000000000
-1  23.000  -71.000  -36.000 0.0000000000
-1  22.000  -71.000  -36.000 0.0000000000
-1  21.000  -71.000  -36.000 0.0000000000
-1  20.000  -71.000  -36.000 0.0000000000
-1  19.000  -71.000  -36.000 0.0000000000
-1  18.000  -71.000  -36.000 0.0000000000
-1  17.000  -71.000  -36.000 0.0000000000
-1  16.000  -71.000  -36.000 0.0000000000
-1  15.000  -71.000  -36.000 0.0000000000
-1  14.000  -71.000  -36.000 0.0000000000
-1  13.000  -71.000  -36.000 0.0000000000
-1  12.000  -71.000  -36.000 0.0000000000
-1  11.000  -71.000  -36.000 0.0000000000
-1  10.000  -71.000  -36.000 0.0000000000
-1  25.000  -71.000  -37.000 0.0000000000
-1  24.000  -71.000  -37.000 0.0000000000
-1  23.000  -71.000  -37.000 0.0000000000
-1  22.000  -71.000  -37.000 0.0000000000
-1  21.000  -71.000  -37.000 0.0000000000
-1  20.000  -71.000  -37.000 0.0000000000
-1  19.000  -71.000  -37.000 0.0000000000
-1  18.000  -71.000  -37.000 0.0000000000
-1  17.000  -71.000  -37.000 0.0000000000
-1  16.000  -71.000  -37.000 0.0000000000
-1  15.000  -71.000  -37.000 0.0000000000
-1  14.000  -71.000  -37.000 0.0000000000
-1  13.000  -71.000  -37.000 0.0000000000
-1  12.000  -71.000  -37.000 0.0000000000
-1  11.000  -71.000  -37.000 0.0000000000
-1  10.000  -71.000  -37.000 0.0000000000
-1  25.000  -71.000  -38.000 0.0000000000
-1  24.000  -71.000  -38.000 0.0000000000
-1  23.000  -71.000  -38.000 0.0000000000
-1  22.000  -71.000  -38.000 0.0000000000
-1  21.000  -71.000  -38.000 0.0000000000
-1  20.000  -71.000  -38.000 0.0000000000
-1  19.000  -71.000  -38.000 0.0000000000
-1  18.000  -71.000  -38.000 0.0000000000
-1  17.000  -71.000  -38.000 0.0000000000
-1  16.000  -71.000  -38.000 0.0000000000
-1  15.000  -71.000  -38.000 0.0000000000
-1  14.000  -71.000  -38.000 0.0000000000
-1  13.000  -71.000  -38.000 0.0000000000
-1  12.000  -71.000  -38.000 0.0000000000
-1  11.000  -71.000  -38.000 0.0000000000
-1  25.000  -71.000  -39.000 0.0000000000
-1  24.000  -71.000  -39.000 0.0000000000
-1  23.000  -71.000  -39.000 0.0000000000
-1  22.000  -71.000  -39.000 0.0000000000
-1  21.000  -71.000  -39.000 0.0000000000
-1  20.000  -71.000  -39.000 0.0000000000
-1  19.000  -71.000  -39.000 0.0000000000
-1  18.000  -71.000  -39.000 0.0000000000
-1  17.000  -71.000  -39.000 0.0000000000
-1  16.000  -71.000  -39.000 0.0000000000
-1  15.000  -71.000  -39.000 0.0000000000
-1  14.000  -71.000  -39.000 0.0000000000
-1  13.000  -71.000  -39.000 0.0000000000
-1  12.000  -71.000  -39.000 0.0000000000
-1  25.000  -71.000  -40.000 0.0000000000
-1  24.000  -71.000  -40.000 0.0000000000
-1  23.000  -71.000  -40.000 0.0000000000
-1  22.000  -71.000  -40.000 0.0000000000
-1  21.000  -71.000  -40.000 0.0000000000
-1  20.000  -71.000  -40.000 0.0000000000
-1  19.000  -71.000  -40.000 0.0000000000
-1  18.000  -71.000  -40.000 0.0000000000
-1  17.000  -71.000  -40.000 0.0000000000
-1  16.000  -71.000  -40.000 0.0000000000
-1  15.000  -71.000  -40.000 0.0000000000
-1  14.000  -71.000  -40.000 0.0000000000
-1  13.000  -71.000  -40.000 0.0000000000
-1  26.000  -71.000  -41.000 0.0000000000
-1  25.000  -71.000  -41.000 0.0000000000
-1  24.000  -71.000  -41.000 0.0000000000
-1  23.000  -71.000  -41.000 0.0000000000
-1  22.000  -71.000  -41.000 0.0000000000
-1  21.000  -71.000  -41.000 0.0000000000
-1  20.000  -71.000  -41.000 0.0000000000
-1  19.000  -71.000  -41.000 0.0000000000
-1  18.000  -71.000  -41.000 0.0000000000
-1  17.000  -71.000  -41.000 0.0000000000
-1  16.000  -71.000  -41.000 0.0000000000
-1  15.000  -71.000  -41.000 0.0000000000
-1  24.000  -71.000  -42.000 0.0000000000
-1  23.000  -71.000  -42.000 0.0000000000
-1  22.000  -71.000  -42.000 0.0000000000
-1  21.000  -71.000  -42.000 0.0000000000
-1  20.000  -71.000  -42.000 0.0000000000
-1  19.000  -71.000  -42.000 0.0000000000
-1  18.000  -71.000  -42.000 0.0000000000
-1  17.000  -71.000  -42.000 0.0000000000
-1  16.000  -71.000  -42.000 0.0000000000
-1  23.000  -71.000  -43.000 0.0000000000
-1  22.000  -71.000  -43.000 0.0000000000
-1  21.000  -71.000  -43.000 0.0000000000
-1  20.000  -71.000  -43.000 0.0000000000
-1  19.000  -71.000  -43.000 0.0000000000
-1  12.000  -70.000  -29.000 0.0000000000
-1  11.000  -70.000  -29.000 0.0000000000
-1  13.000  -70.000  -30.000 0.0000000000
-1  12.000  -70.000  -30.000 0.0000000000
-1  11.000  -70.000  -30.000 0.0000000000
-1  10.000  -70.000  -30.000 0.0000000000
-1  9.000  -70.000  -30.000 0.0000000000
-1  8.000  -70.000  -30.000 0.0000000000
-1  7.000  -70.000  -30.000 0.0000000000
-1  15.000  -70.000  -31.000 0.0000000000
-1  14.000  -70.000  -31.000 0.0000000000
-1  13.000  -70.000  -31.000 0.0000000000
-1  12.000  -70.000  -31.000 0.0000000000
-1  11.000  -70.000  -31.000 0.0000000000
-1  10.000  -70.000  -31.000 0.0000000000
-1  9.000  -70.000  -31.000 0.0000000000
-1  8.000  -70.000  -31.000 0.0000000000
-1  16.000  -70.000  -32.000 0.0000000000
-1  15.000  -70.000  -32.000 0.0000000000
-1  14.000  -70.000  -32.000 0.0000000000
-1  13.000  -70.000  -32.000 0.0000000000
-1  12.000  -70.000  -32.000 0.0000000000
-1  11.000  -70.000  -32.000 0.0000000000
-1  10.000  -70.000  -32.000 0.0000000000
-1  9.000  -70.000  -32.000 0.0000000000
-1  8.000  -70.000  -32.000 0.0000000000
-1  20.000  -70.000  -33.000 0.0000000000
-1  19.000  -70.000  -33.000 0.0000000000
-1  18.000  -70.000  -33.000 0.0000000000
-1  17.000  -70.000  -33.000 0.0000000000
-1  16.000  -70.000  -33.000 0.0000000000
-1  15.000  -70.000  -33.000 0.0000000000
-1  14.000  -70.000  -33.000 0.0000000000
-1  13.000  -70.000  -33.000 0.0000000000
-1  12.000  -70.000  -33.000 0.0000000000
-1  11.000  -70.000  -33.000 0.0000000000
-1  10.000  -70.000  -33.000 0.0000000000
-1  9.000  -70.000  -33.000 0.0000000000
-1  8.000  -70.000  -33.000 0.0000000000
-1  33.000  -70.000  -34.000 0.0000000000
-1  32.000  -70.000  -34.000 0.0000000000
-1  20.000  -70.000  -34.000 0.0000000000
-1  19.000  -70.000  -34.000 0.0000000000
-1  18.000  -70.000  -34.000 0.0000000000
-1  17.000  -70.000  -34.000 0.0000000000
-1  16.000  -70.000  -34.000 0.0000000000
-1  15.000  -70.000  -34.000 0.0000000000
-1  14.000  -70.000  -34.000 0.0000000000
-1  13.000  -70.000  -34.000 0.0000000000
-1  12.000  -70.000  -34.000 0.0000000000
-1  11.000  -70.000  -34.000 0.0000000000
-1  10.000  -70.000  -34.000 0.0000000000
-1  22.000  -70.000  -35.000 0.0000000000
-1  21.000  -70.000  -35.000 0.0000000000
-1  20.000  -70.000  -35.000 0.0000000000
-1  19.000  -70.000  -35.000 0.0000000000
-1  18.000  -70.000  -35.000 0.0000000000
-1  17.000  -70.000  -35.000 0.0000000000
-1  16.000  -70.000  -35.000 0.0000000000
-1  15.000  -70.000  -35.000 0.0000000000
-1  14.000  -70.000  -35.000 0.0000000000
-1  13.000  -70.000  -35.000 0.0000000000
-1  12.000  -70.000  -35.000 0.0000000000
-1  11.000  -70.000  -35.000 0.0000000000
-1  10.000  -70.000  -35.000 0.0000000000
-1  9.000  -70.000  -35.000 0.0000000000
-1  25.000  -70.000  -36.000 0.0000000000
-1  23.000  -70.000  -36.000 0.0000000000
-1  22.000  -70.000  -36.000 0.0000000000
-1  21.000  -70.000  -36.000 0.0000000000
-1  20.000  -70.000  -36.000 0.0000000000
-1  19.000  -70.000  -36.000 0.0000000000
-1  18.000  -70.000  -36.000 0.0000000000
-1  17.000  -70.000  -36.000 0.0000000000
-1  16.000  -70.000  -36.000 0.0000000000
-1  15.000  -70.000  -36.000 0.0000000000
-1  14.000  -70.000  -36.000 0.0000000000
-1  13.000  -70.000  -36.000 0.0000000000
-1  12.000  -70.000  -36.000 0.0000000000
-1  11.000  -70.000  -36.000 0.0000000000
-1  28.000  -70.000  -37.000 0.0000000000
-1  27.000  -70.000  -37.000 0.0000000000
-1  26.000  -70.000  -37.000 0.0000000000
-1  25.000  -70.000  -37.000 0.0000000000
-1  24.000  -70.000  -37.000 0.0000000000
-1  23.000  -70.000  -37.000 0.0000000000
-1  22.000  -70.000  -37.000 0.0000000000
-1  21.000  -70.000  -37.000 0.0000000000
-1  20.000  -70.000  -37.000 0.0000000000
-1  19.000  -70.000  -37.000 0.0000000000
-1  18.000  -70.000  -37.000 0.0000000000
-1  17.000  -70.000  -37.000 0.0000000000
-1  16.000  -70.000  -37.000 0.0000000000
-1  15.000  -70.000  -37.000 0.0000000000
-1  14.000  -70.000  -37.000 0.0000000000
-1  13.000  -70.000  -37.000 0.0000000000
-1  12.000  -70.000  -37.000 0.0000000000
-1  11.000  -70.000  -37.000 0.0000000000
-1  26.000  -70.000  -38.000 0.0000000000
-1  25.000  -70.000  -38.000 0.0000000000
-1  24.000  -70.000  -38.000 0.0000000000
-1  23.000  -70.000  -38.000 0.0000000000
-1  22.000  -70.000  -38.000 0.0000000000
-1  21.000  -70.000  -38.000 0.0000000000
-1  20.000  -70.000  -38.000 0.0000000000
-1  19.000  -70.000  -38.000 0.0000000000
-1  18.000  -70.000  -38.000 0.0000000000
-1  17.000  -70.000  -38.000 0.0000000000
-1  16.000  -70.000  -38.000 0.0000000000
-1  15.000  -70.000  -38.000 0.0000000000
-1  14.000  -70.000  -38.000 0.0000000000
-1  13.000  -70.000  -38.000 0.0000000000
-1  12.000  -70.000  -38.000 0.0000000000
-1  11.000  -70.000  -38.000 0.0000000000
-1  26.000  -70.000  -39.000 0.0000000000
-1  25.000  -70.000  -39.000 0.0000000000
-1  24.000  -70.000  -39.000 0.0000000000
-1  23.000  -70.000  -39.000 0.0000000000
-1  22.000  -70.000  -39.000 0.0000000000
-1  21.000  -70.000  -39.000 0.0000000000
-1  20.000  -70.000  -39.000 0.0000000000
-1  19.000  -70.000  -39.000 0.0000000000
-1  18.000  -70.000  -39.000 0.0000000000
-1  17.000  -70.000  -39.000 0.0000000000
-1  16.000  -70.000  -39.000 0.0000000000
-1  15.000  -70.000  -39.000 0.0000000000
-1  14.000  -70.000  -39.000 0.0000000000
-1  13.000  -70.000  -39.000 0.0000000000
-1  12.000  -70.000  -39.000 0.0000000000
-1  26.000  -70.000  -40.000 0.0000000000
-1  25.000  -70.000  -40.000 0.0000000000
-1  24.000  -70.000  -40.000 0.0000000000
-1  23.000  -70.000  -40.000 0.0000000000
-1  22.000  -70.000  -40.000 0.0000000000
-1  21.000  -70.000  -40.000 0.0000000000
-1  20.000  -70.000  -40.000 0.0000000000
-1  19.000  -70.000  -40.000 0.0000000000
-1  18.000  -70.000  -40.000 0.0000000000
-1  17.000  -70.000  -40.000 0.0000000000
-1  16.000  -70.000  -40.000 0.0000000000
-1  15.000  -70.000  -40.000 0.0000000000
-1  14.000  -70.000  -40.000 0.0000000000
-1  13.000  -70.000  -40.000 0.0000000000
-1  28.000  -70.000  -41.000 0.0000000000
-1  27.000  -70.000  -41.000 0.0000000000
-1  26.000  -70.000  -41.000 0.0000000000
-1  25.000  -70.000  -41.000 0.0000000000
-1  24.000  -70.000  -41.000 0.0000000000
-1  23.000  -70.000  -41.000 0.0000000000
-1  22.000  -70.000  -41.000 0.0000000000
-1  21.000  -70.000  -41.000 0.0000000000
-1  20.000  -70.000  -41.000 0.0000000000
-1  19.000  -70.000  -41.000 0.0000000000
-1  18.000  -70.000  -41.000 0.0000000000
-1  17.000  -70.000  -41.000 0.0000000000
-1  16.000  -70.000  -41.000 0.0000000000
-1  15.000  -70.000  -41.000 0.0000000000
-1  14.000  -70.000  -41.000 0.0000000000
-1  27.000  -70.000  -42.000 0.0000000000
-1  26.000  -70.000  -42.000 0.0000000000
-1  25.000  -70.000  -42.000 0.0000000000
-1  24.000  -70.000  -42.000 0.0000000000
-1  23.000  -70.000  -42.000 0.0000000000
-1  22.000  -70.000  -42.000 0.0000000000
-1  21.000  -70.000  -42.000 0.0000000000
-1  20.000  -70.000  -42.000 0.0000000000
-1  19.000  -70.000  -42.000 0.0000000000
-1  18.000  -70.000  -42.000 0.0000000000
-1  17.000  -70.000  -42.000 0.0000000000
-1  16.000  -70.000  -42.000 0.0000000000
-1  15.000  -70.000  -42.000 0.0000000000
-1  25.000  -70.000  -43.000 0.0000000000
-1  24.000  -70.000  -43.000 0.0000000000
-1  23.000  -70.000  -43.000 0.0000000000
-1  22.000  -70.000  -43.000 0.0000000000
-1  21.000  -70.000  -43.000 0.0000000000
-1  20.000  -70.000  -43.000 0.0000000000
-1  19.000  -70.000  -43.000 0.0000000000
-1  18.000  -70.000  -43.000 0.0000000000
-1  17.000  -70.000  -43.000 0.0000000000
-1  23.000  -70.000  -44.000 0.0000000000
-1  22.000  -70.000  -44.000 0.0000000000
-1  21.000  -70.000  -44.000 0.0000000000
-1  10.000  -69.000  -28.000 0.0000000000
-1  9.000  -69.000  -28.000 0.0000000000
-1  8.000  -69.000  -28.000 0.0000000000
-1  13.000  -69.000  -29.000 0.0000000000
-1  11.000  -69.000  -29.000 0.0000000000
-1  10.000  -69.000  -29.000 0.0000000000
-1  9.000  -69.000  -29.000 0.0000000000
-1  8.000  -69.000  -29.000 0.0000000000
-1  14.000  -69.000  -30.000 0.0000000000
-1  13.000  -69.000  -30.000 0.0000000000
-1  12.000  -69.000  -30.000 0.0000000000
-1  11.000  -69.000  -30.000 0.0000000000
-1  10.000  -69.000  -30.000 0.0000000000
-1  9.000  -69.000  -30.000 0.0000000000
-1  8.000  -69.000  -30.000 0.0000000000
-1  7.000  -69.000  -30.000 0.0000000000
-1  17.000  -69.000  -31.000 0.0000000000
-1  16.000  -69.000  -31.000 0.0000000000
-1  15.000  -69.000  -31.000 0.0000000000
-1  14.000  -69.000  -31.000 0.0000000000
-1  13.000  -69.000  -31.000 0.0000000000
-1  12.000  -69.000  -31.000 0.0000000000
-1  11.000  -69.000  -31.000 0.0000000000
-1  10.000  -69.000  -31.000 0.0000000000
-1  9.000  -69.000  -31.000 0.0000000000
-1  8.000  -69.000  -31.000 0.0000000000
-1  18.000  -69.000  -32.000 0.0000000000
-1  17.000  -69.000  -32.000 0.0000000000
-1  16.000  -69.000  -32.000 0.0000000000
-1  15.000  -69.000  -32.000 0.0000000000
-1  14.000  -69.000  -32.000 0.0000000000
-1  13.000  -69.000  -32.000 0.0000000000
-1  12.000  -69.000  -32.000 0.0000000000
-1  11.000  -69.000  -32.000 0.0000000000
-1  10.000  -69.000  -32.000 0.0000000000
-1  9.000  -69.000  -32.000 0.0000000000
-1  8.000  -69.000  -32.000 0.0000000000
-1  19.000  -69.000  -33.000 0.0000000000
-1  18.000  -69.000  -33.000 0.0000000000
-1  17.000  -69.000  -33.000 0.0000000000
-1  16.000  -69.000  -33.000 0.0000000000
-1  15.000  -69.000  -33.000 0.0000000000
-1  14.000  -69.000  -33.000 0.0000000000
-1  13.000  -69.000  -33.000 0.0000000000
-1  12.000  -69.000  -33.000 0.0000000000
-1  11.000  -69.000  -33.000 0.0000000000
-1  10.000  -69.000  -33.000 0.0000000000
-1  9.000  -69.000  -33.000 0.0000000000
-1  8.000  -69.000  -33.000 0.0000000000
-1  38.000  -69.000  -34.000 0.0000000000
-1  35.000  -69.000  -34.000 0.0000000000
-1  33.000  -69.000  -34.000 0.0000000000
-1  32.000  -69.000  -34.000 0.0000000000
-1  21.000  -69.000  -34.000 0.0000000000
-1  20.000  -69.000  -34.000 0.0000000000
-1  19.000  -69.000  -34.000 0.0000000000
-1  18.000  -69.000  -34.000 0.0000000000
-1  17.000  -69.000  -34.000 0.0000000000
-1  16.000  -69.000  -34.000 0.0000000000
-1  15.000  -69.000  -34.000 0.0000000000
-1  14.000  -69.000  -34.000 0.0000000000
-1  13.000  -69.000  -34.000 0.0000000000
-1  12.000  -69.000  -34.000 0.0000000000
-1  11.000  -69.000  -34.000 0.0000000000
-1  10.000  -69.000  -34.000 0.0000000000
-1  9.000  -69.000  -34.000 0.0000000000
-1  34.000  -69.000  -35.000 0.0000000000
-1  32.000  -69.000  -35.000 0.0000000000
-1  31.000  -69.000  -35.000 0.0000000000
-1  30.000  -69.000  -35.000 0.0000000000
-1  29.000  -69.000  -35.000 0.0000000000
-1  26.000  -69.000  -35.000 0.0000000000
-1  22.000  -69.000  -35.000 0.0000000000
-1  21.000  -69.000  -35.000 0.0000000000
-1  20.000  -69.000  -35.000 0.0000000000
-1  19.000  -69.000  -35.000 0.0000000000
-1  18.000  -69.000  -35.000 0.0000000000
-1  17.000  -69.000  -35.000 0.0000000000
-1  16.000  -69.000  -35.000 0.0000000000
-1  15.000  -69.000  -35.000 0.0000000000
-1  14.000  -69.000  -35.000 0.0000000000
-1  13.000  -69.000  -35.000 0.0000000000
-1  12.000  -69.000  -35.000 0.0000000000
-1  11.000  -69.000  -35.000 0.0000000000
-1  10.000  -69.000  -35.000 0.0000000000
-1  9.000  -69.000  -35.000 0.0000000000
-1  29.000  -69.000  -36.000 0.0000000000
-1  26.000  -69.000  -36.000 0.0000000000
-1  25.000  -69.000  -36.000 0.0000000000
-1  24.000  -69.000  -36.000 0.0000000000
-1  23.000  -69.000  -36.000 0.0000000000
-1  22.000  -69.000  -36.000 0.0000000000
-1  21.000  -69.000  -36.000 0.0000000000
-1  20.000  -69.000  -36.000 0.0000000000
-1  19.000  -69.000  -36.000 0.0000000000
-1  18.000  -69.000  -36.000 0.0000000000
-1  17.000  -69.000  -36.000 0.0000000000
-1  16.000  -69.000  -36.000 0.0000000000
-1  15.000  -69.000  -36.000 0.0000000000
-1  14.000  -69.000  -36.000 0.0000000000
-1  13.000  -69.000  -36.000 0.0000000000
-1  12.000  -69.000  -36.000 0.0000000000
-1  11.000  -69.000  -36.000 0.0000000000
-1  10.000  -69.000  -36.000 0.0000000000
-1  27.000  -69.000  -37.000 0.0000000000
-1  25.000  -69.000  -37.000 0.0000000000
-1  24.000  -69.000  -37.000 0.0000000000
-1  23.000  -69.000  -37.000 0.0000000000
-1  22.000  -69.000  -37.000 0.0000000000
-1  21.000  -69.000  -37.000 0.0000000000
-1  20.000  -69.000  -37.000 0.0000000000
-1  19.000  -69.000  -37.000 0.0000000000
-1  18.000  -69.000  -37.000 0.0000000000
-1  17.000  -69.000  -37.000 0.0000000000
-1  16.000  -69.000  -37.000 0.0000000000
-1  15.000  -69.000  -37.000 0.0000000000
-1  14.000  -69.000  -37.000 0.0000000000
-1  13.000  -69.000  -37.000 0.0000000000
-1  12.000  -69.000  -37.000 0.0000000000
-1  11.000  -69.000  -37.000 0.0000000000
-1  29.000  -69.000  -38.000 0.0000000000
-1  28.000  -69.000  -38.000 0.0000000000
-1  27.000  -69.000  -38.000 0.0000000000
-1  26.000  -69.000  -38.000 0.0000000000
-1  25.000  -69.000  -38.000 0.0000000000
-1  24.000  -69.000  -38.000 0.0000000000
-1  23.000  -69.000  -38.000 0.0000000000
-1  22.000  -69.000  -38.000 0.0000000000
-1  21.000  -69.000  -38.000 0.0000000000
-1  20.000  -69.000  -38.000 0.0000000000
-1  19.000  -69.000  -38.000 0.0000000000
-1  18.000  -69.000  -38.000 0.0000000000
-1  17.000  -69.000  -38.000 0.0000000000
-1  16.000  -69.000  -38.000 0.0000000000
-1  15.000  -69.000  -38.000 0.0000000000
-1  14.000  -69.000  -38.000 0.0000000000
-1  13.000  -69.000  -38.000 0.0000000000
-1  12.000  -69.000  -38.000 0.0000000000
-1  11.000  -69.000  -38.000 0.0000000000
-1  28.000  -69.000  -39.000 0.0000000000
-1  27.000  -69.000  -39.000 0.0000000000
-1  26.000  -69.000  -39.000 0.0000000000
-1  25.000  -69.000  -39.000 0.0000000000
-1  24.000  -69.000  -39.000 0.0000000000
-1  23.000  -69.000  -39.000 0.0000000000
-1  22.000  -69.000  -39.000 0.0000000000
-1  21.000  -69.000  -39.000 0.0000000000
-1  20.000  -69.000  -39.000 0.0000000000
-1  19.000  -69.000  -39.000 0.0000000000
-1  18.000  -69.000  -39.000 0.0000000000
-1  17.000  -69.000  -39.000 0.0000000000
-1  16.000  -69.000  -39.000 0.0000000000
-1  15.000  -69.000  -39.000 0.0000000000
-1  14.000  -69.000  -39.000 0.0000000000
-1  13.000  -69.000  -39.000 0.0000000000
-1  12.000  -69.000  -39.000 0.0000000000
-1  28.000  -69.000  -40.000 0.0000000000
-1  27.000  -69.000  -40.000 0.0000000000
-1  26.000  -69.000  -40.000 0.0000000000
-1  25.000  -69.000  -40.000 0.0000000000
-1  24.000  -69.000  -40.000 0.0000000000
-1  23.000  -69.000  -40.000 0.0000000000
-1  22.000  -69.000  -40.000 0.0000000000
-1  21.000  -69.000  -40.000 0.0000000000
-1  20.000  -69.000  -40.000 0.0000000000
-1  19.000  -69.000  -40.000 0.0000000000
-1  18.000  -69.000  -40.000 0.0000000000
-1  17.000  -69.000  -40.000 0.0000000000
-1  16.000  -69.000  -40.000 0.0000000000
-1  15.000  -69.000  -40.000 0.0000000000
-1  14.000  -69.000  -40.000 0.0000000000
-1  13.000  -69.000  -40.000 0.0000000000
-1  28.000  -69.000  -41.000 0.0000000000
-1  27.000  -69.000  -41.000 0.0000000000
-1  26.000  -69.000  -41.000 0.0000000000
-1  25.000  -69.000  -41.000 0.0000000000
-1  24.000  -69.000  -41.000 0.0000000000
-1  23.000  -69.000  -41.000 0.0000000000
-1  22.000  -69.000  -41.000 0.0000000000
-1  21.000  -69.000  -41.000 0.0000000000
-1  20.000  -69.000  -41.000 0.0000000000
-1  19.000  -69.000  -41.000 0.0000000000
-1  18.000  -69.000  -41.000 0.0000000000
-1  17.000  -69.000  -41.000 0.0000000000
-1  16.000  -69.000  -41.000 0.0000000000
-1  15.000  -69.000  -41.000 0.0000000000
-1  14.000  -69.000  -41.000 0.0000000000
-1  13.000  -69.000  -41.000 0.0000000000
-1  28.000  -69.000  -42.000 0.0000000000
-1  27.000  -69.000  -42.000 0.0000000000
-1  26.000  -69.000  -42.000 0.0000000000
-1  25.000  -69.000  -42.000 0.0000000000
-1  24.000  -69.000  -42.000 0.0000000000
-1  23.000  -69.000  -42.000 0.0000000000
-1  22.000  -69.000  -42.000 0.0000000000
-1  21.000  -69.000  -42.000 0.0000000000
-1  20.000  -69.000  -42.000 0.0000000000
-1  19.000  -69.000  -42.000 0.0000000000
-1  18.000  -69.000  -42.000 0.0000000000
-1  17.000  -69.000  -42.000 0.0000000000
-1  16.000  -69.000  -42.000 0.0000000000
-1  15.000  -69.000  -42.000 0.0000000000
-1  27.000  -69.000  -43.000 0.0000000000
-1  26.000  -69.000  -43.000 0.0000000000
-1  25.000  -69.000  -43.000 0.0000000000
-1  24.000  -69.000  -43.000 0.0000000000
-1  23.000  -69.000  -43.000 0.0000000000
-1  22.000  -69.000  -43.000 0.0000000000
-1  21.000  -69.000  -43.000 0.0000000000
-1  20.000  -69.000  -43.000 0.0000000000
-1  19.000  -69.000  -43.000 0.0000000000
-1  25.000  -69.000  -44.000 0.0000000000
-1  24.000  -69.000  -44.000 0.0000000000
-1  23.000  -69.000  -44.000 0.0000000000
-1  22.000  -69.000  -44.000 0.0000000000
-1  21.000  -69.000  -44.000 0.0000000000
-1  11.000  -68.000  -28.000 0.0000000000
-1  10.000  -68.000  -28.000 0.0000000000
-1  9.000  -68.000  -28.000 0.0000000000
-1  8.000  -68.000  -28.000 0.0000000000
-1  14.000  -68.000  -29.000 0.0000000000
-1  13.000  -68.000  -29.000 0.0000000000
-1  12.000  -68.000  -29.000 0.0000000000
-1  11.000  -68.000  -29.000 0.0000000000
-1  10.000  -68.000  -29.000 0.0000000000
-1  9.000  -68.000  -29.000 0.0000000000
-1  8.000  -68.000  -29.000 0.0000000000
-1  7.000  -68.000  -29.000 0.0000000000
-1  17.000  -68.000  -30.000 0.0000000000
-1  16.000  -68.000  -30.000 0.0000000000
-1  15.000  -68.000  -30.000 0.0000000000
-1  14.000  -68.000  -30.000 0.0000000000
-1  13.000  -68.000  -30.000 0.0000000000
-1  12.000  -68.000  -30.000 0.0000000000
-1  11.000  -68.000  -30.000 0.0000000000
-1  10.000  -68.000  -30.000 0.0000000000
-1  9.000  -68.000  -30.000 0.0000000000
-1  8.000  -68.000  -30.000 0.0000000000
-1  18.000  -68.000  -31.000 0.0000000000
-1  17.000  -68.000  -31.000 0.0000000000
-1  16.000  -68.000  -31.000 0.0000000000
-1  15.000  -68.000  -31.000 0.0000000000
-1  14.000  -68.000  -31.000 0.0000000000
-1  13.000  -68.000  -31.000 0.0000000000
-1  12.000  -68.000  -31.000 0.0000000000
-1  11.000  -68.000  -31.000 0.0000000000
-1  10.000  -68.000  -31.000 0.0000000000
-1  9.000  -68.000  -31.000 0.0000000000
-1  8.000  -68.000  -31.000 0.0000000000
-1  18.000  -68.000  -32.000 0.0000000000
-1  17.000  -68.000  -32.000 0.0000000000
-1  16.000  -68.000  -32.000 0.0000000000
-1  15.000  -68.000  -32.000 0.0000000000
-1  14.000  -68.000  -32.000 0.0000000000
-1  13.000  -68.000  -32.000 0.0000000000
-1  12.000  -68.000  -32.000 0.0000000000
-1  11.000  -68.000  -32.000 0.0000000000
-1  10.000  -68.000  -32.000 0.0000000000
-1  9.000  -68.000  -32.000 0.0000000000
-1  8.000  -68.000  -32.000 0.0000000000
-1  20.000  -68.000  -33.000 0.0000000000
-1  19.000  -68.000  -33.000 0.0000000000
-1  18.000  -68.000  -33.000 0.0000000000
-1  17.000  -68.000  -33.000 0.0000000000
-1  16.000  -68.000  -33.000 0.0000000000
-1  15.000  -68.000  -33.000 0.0000000000
-1  14.000  -68.000  -33.000 0.0000000000
-1  13.000  -68.000  -33.000 0.0000000000
-1  12.000  -68.000  -33.000 0.0000000000
-1  11.000  -68.000  -33.000 0.0000000000
-1  10.000  -68.000  -33.000 0.0000000000
-1  9.000  -68.000  -33.000 0.0000000000
-1  8.000  -68.000  -33.000 0.0000000000
-1  21.000  -68.000  -34.000 0.0000000000
-1  20.000  -68.000  -34.000 0.0000000000
-1  19.000  -68.000  -34.000 0.0000000000
-1  18.000  -68.000  -34.000 0.0000000000
-1  17.000  -68.000  -34.000 0.0000000000
-1  16.000  -68.000  -34.000 0.0000000000
-1  15.000  -68.000  -34.000 0.0000000000
-1  14.000  -68.000  -34.000 0.0000000000
-1  13.000  -68.000  -34.000 0.0000000000
-1  12.000  -68.000  -34.000 0.0000000000
-1  11.000  -68.000  -34.000 0.0000000000
-1  10.000  -68.000  -34.000 0.0000000000
-1  9.000  -68.000  -34.000 0.0000000000
-1  35.000  -68.000  -35.000 0.0000000000
-1  34.000  -68.000  -35.000 0.0000000000
-1  33.000  -68.000  -35.000 0.0000000000
-1  32.000  -68.000  -35.000 0.0000000000
-1  31.000  -68.000  -35.000 0.0000000000
-1  22.000  -68.000  -35.000 0.0000000000
-1  21.000  -68.000  -35.000 0.0000000000
-1  20.000  -68.000  -35.000 0.0000000000
-1  19.000  -68.000  -35.000 0.0000000000
-1  18.000  -68.000  -35.000 0.0000000000
-1  17.000  -68.000  -35.000 0.0000000000
-1  16.000  -68.000  -35.000 0.0000000000
-1  15.000  -68.000  -35.000 0.0000000000
-1  14.000  -68.000  -35.000 0.0000000000
-1  13.000  -68.000  -35.000 0.0000000000
-1  12.000  -68.000  -35.000 0.0000000000
-1  11.000  -68.000  -35.000 0.0000000000
-1  10.000  -68.000  -35.000 0.0000000000
-1  26.000  -68.000  -36.000 0.0000000000
-1  25.000  -68.000  -36.000 0.0000000000
-1  24.000  -68.000  -36.000 0.0000000000
-1  23.000  -68.000  -36.000 0.0000000000
-1  22.000  -68.000  -36.000 0.0000000000
-1  21.000  -68.000  -36.000 0.0000000000
-1  20.000  -68.000  -36.000 0.0000000000
-1  19.000  -68.000  -36.000 0.0000000000
-1  18.000  -68.000  -36.000 0.0000000000
-1  17.000  -68.000  -36.000 0.0000000000
-1  16.000  -68.000  -36.000 0.0000000000
-1  15.000  -68.000  -36.000 0.0000000000
-1  14.000  -68.000  -36.000 0.0000000000
-1  13.000  -68.000  -36.000 0.0000000000
-1  12.000  -68.000  -36.000 0.0000000000
-1  11.000  -68.000  -36.000 0.0000000000
-1  29.000  -68.000  -37.000 0.0000000000
-1  28.000  -68.000  -37.000 0.0000000000
-1  27.000  -68.000  -37.000 0.0000000000
-1  26.000  -68.000  -37.000 0.0000000000
-1  25.000  -68.000  -37.000 0.0000000000
-1  24.000  -68.000  -37.000 0.0000000000
-1  23.000  -68.000  -37.000 0.0000000000
-1  22.000  -68.000  -37.000 0.0000000000
-1  21.000  -68.000  -37.000 0.0000000000
-1  20.000  -68.000  -37.000 0.0000000000
-1  19.000  -68.000  -37.000 0.0000000000
-1  18.000  -68.000  -37.000 0.0000000000
-1  17.000  -68.000  -37.000 0.0000000000
-1  16.000  -68.000  -37.000 0.0000000000
-1  15.000  -68.000  -37.000 0.0000000000
-1  14.000  -68.000  -37.000 0.0000000000
-1  13.000  -68.000  -37.000 0.0000000000
-1  12.000  -68.000  -37.000 0.0000000000
-1  11.000  -68.000  -37.000 0.0000000000
-1  30.000  -68.000  -38.000 0.0000000000
-1  29.000  -68.000  -38.000 0.0000000000
-1  28.000  -68.000  -38.000 0.0000000000
-1  27.000  -68.000  -38.000 0.0000000000
-1  26.000  -68.000  -38.000 0.0000000000
-1  25.000  -68.000  -38.000 0.0000000000
-1  24.000  -68.000  -38.000 0.0000000000
-1  23.000  -68.000  -38.000 0.0000000000
-1  22.000  -68.000  -38.000 0.0000000000
-1  21.000  -68.000  -38.000 0.0000000000
-1  20.000  -68.000  -38.000 0.0000000000
-1  19.000  -68.000  -38.000 0.0000000000
-1  18.000  -68.000  -38.000 0.0000000000
-1  17.000  -68.000  -38.000 0.0000000000
-1  16.000  -68.000  -38.000 0.0000000000
-1  15.000  -68.000  -38.000 0.0000000000
-1  14.000  -68.000  -38.000 0.0000000000
-1  13.000  -68.000  -38.000 0.0000000000
-1  12.000  -68.000  -38.000 0.0000000000
-1  11.000  -68.000  -38.000 0.0000000000
-1  28.000  -68.000  -39.000 0.0000000000
-1  27.000  -68.000  -39.000 0.0000000000
-1  26.000  -68.000  -39.000 0.0000000000
-1  25.000  -68.000  -39.000 0.0000000000
-1  24.000  -68.000  -39.000 0.0000000000
-1  23.000  -68.000  -39.000 0.0000000000
-1  22.000  -68.000  -39.000 0.0000000000
-1  21.000  -68.000  -39.000 0.0000000000
-1  20.000  -68.000  -39.000 0.0000000000
-1  19.000  -68.000  -39.000 0.0000000000
-1  18.000  -68.000  -39.000 0.0000000000
-1  17.000  -68.000  -39.000 0.0000000000
-1  16.000  -68.000  -39.000 0.0000000000
-1  15.000  -68.000  -39.000 0.0000000000
-1  14.000  -68.000  -39.000 0.0000000000
-1  13.000  -68.000  -39.000 0.0000000000
-1  28.000  -68.000  -40.000 0.0000000000
-1  27.000  -68.000  -40.000 0.0000000000
-1  26.000  -68.000  -40.000 0.0000000000
-1  25.000  -68.000  -40.000 0.0000000000
-1  24.000  -68.000  -40.000 0.0000000000
-1  23.000  -68.000  -40.000 0.0000000000
-1  22.000  -68.000  -40.000 0.0000000000
-1  21.000  -68.000  -40.000 0.0000000000
-1  20.000  -68.000  -40.000 0.0000000000
-1  19.000  -68.000  -40.000 0.0000000000
-1  18.000  -68.000  -40.000 0.0000000000
-1  17.000  -68.000  -40.000 0.0000000000
-1  16.000  -68.000  -40.000 0.0000000000
-1  15.000  -68.000  -40.000 0.0000000000
-1  14.000  -68.000  -40.000 0.0000000000
-1  13.000  -68.000  -40.000 0.0000000000
-1  29.000  -68.000  -41.000 0.0000000000
-1  28.000  -68.000  -41.000 0.0000000000
-1  27.000  -68.000  -41.000 0.0000000000
-1  26.000  -68.000  -41.000 0.0000000000
-1  25.000  -68.000  -41.000 0.0000000000
-1  24.000  -68.000  -41.000 0.0000000000
-1  23.000  -68.000  -41.000 0.0000000000
-1  22.000  -68.000  -41.000 0.0000000000
-1  21.000  -68.000  -41.000 0.0000000000
-1  20.000  -68.000  -41.000 0.0000000000
-1  19.000  -68.000  -41.000 0.0000000000
-1  18.000  -68.000  -41.000 0.0000000000
-1  17.000  -68.000  -41.000 0.0000000000
-1  16.000  -68.000  -41.000 0.0000000000
-1  15.000  -68.000  -41.000 0.0000000000
-1  14.000  -68.000  -41.000 0.0000000000
-1  29.000  -68.000  -42.000 0.0000000000
-1  28.000  -68.000  -42.000 0.0000000000
-1  27.000  -68.000  -42.000 0.0000000000
-1  26.000  -68.000  -42.000 0.0000000000
-1  25.000  -68.000  -42.000 0.0000000000
-1  24.000  -68.000  -42.000 0.0000000000
-1  23.000  -68.000  -42.000 0.0000000000
-1  22.000  -68.000  -42.000 0.0000000000
-1  21.000  -68.000  -42.000 0.0000000000
-1  20.000  -68.000  -42.000 0.0000000000
-1  19.000  -68.000  -42.000 0.0000000000
-1  18.000  -68.000  -42.000 0.0000000000
-1  17.000  -68.000  -42.000 0.0000000000
-1  16.000  -68.000  -42.000 0.0000000000
-1  15.000  -68.000  -42.000 0.0000000000
-1  29.000  -68.000  -43.000 0.0000000000
-1  28.000  -68.000  -43.000 0.0000000000
-1  27.000  -68.000  -43.000 0.0000000000
-1  26.000  -68.000  -43.000 0.0000000000
-1  25.000  -68.000  -43.000 0.0000000000
-1  24.000  -68.000  -43.000 0.0000000000
-1  23.000  -68.000  -43.000 0.0000000000
-1  22.000  -68.000  -43.000 0.0000000000
-1  21.000  -68.000  -43.000 0.0000000000
-1  20.000  -68.000  -43.000 0.0000000000
-1  19.000  -68.000  -43.000 0.0000000000
-1  18.000  -68.000  -43.000 0.0000000000
-1  17.000  -68.000  -43.000 0.0000000000
-1  28.000  -68.000  -44.000 0.0000000000
-1  27.000  -68.000  -44.000 0.0000000000
-1  26.000  -68.000  -44.000 0.0000000000
-1  25.000  -68.000  -44.000 0.0000000000
-1  24.000  -68.000  -44.000 0.0000000000
-1  23.000  -68.000  -44.000 0.0000000000
-1  22.000  -68.000  -44.000 0.0000000000
-1  27.000  -68.000  -45.000 0.0000000000
-1  26.000  -68.000  -45.000 0.0000000000
-1  9.000  -67.000  -27.000 0.0000000000
-1  8.000  -67.000  -27.000 0.0000000000
-1  7.000  -67.000  -27.000 0.0000000000
-1  12.000  -67.000  -28.000 0.0000000000
-1  11.000  -67.000  -28.000 0.0000000000
-1  10.000  -67.000  -28.000 0.0000000000
-1  9.000  -67.000  -28.000 0.0000000000
-1  8.000  -67.000  -28.000 0.0000000000
-1  14.000  -67.000  -29.000 0.0000000000
-1  13.000  -67.000  -29.000 0.0000000000
-1  12.000  -67.000  -29.000 0.0000000000
-1  11.000  -67.000  -29.000 0.0000000000
-1  10.000  -67.000  -29.000 0.0000000000
-1  9.000  -67.000  -29.000 0.0000000000
-1  8.000  -67.000  -29.000 0.0000000000
-1  7.000  -67.000  -29.000 0.0000000000
-1  6.000  -67.000  -29.000 0.0000000000
-1  5.000  -67.000  -29.000 0.0000000000
-1  18.000  -67.000  -30.000 0.0000000000
-1  17.000  -67.000  -30.000 0.0000000000
-1  16.000  -67.000  -30.000 0.0000000000
-1  15.000  -67.000  -30.000 0.0000000000
-1  14.000  -67.000  -30.000 0.0000000000
-1  13.000  -67.000  -30.000 0.0000000000
-1  12.000  -67.000  -30.000 0.0000000000
-1  11.000  -67.000  -30.000 0.0000000000
-1  10.000  -67.000  -30.000 0.0000000000
-1  9.000  -67.000  -30.000 0.0000000000
-1  8.000  -67.000  -30.000 0.0000000000
-1  7.000  -67.000  -30.000 0.0000000000
-1  19.000  -67.000  -31.000 0.0000000000
-1  18.000  -67.000  -31.000 0.0000000000
-1  17.000  -67.000  -31.000 0.0000000000
-1  16.000  -67.000  -31.000 0.0000000000
-1  15.000  -67.000  -31.000 0.0000000000
-1  14.000  -67.000  -31.000 0.0000000000
-1  13.000  -67.000  -31.000 0.0000000000
-1  12.000  -67.000  -31.000 0.0000000000
-1  11.000  -67.000  -31.000 0.0000000000
-1  10.000  -67.000  -31.000 0.0000000000
-1  9.000  -67.000  -31.000 0.0000000000
-1  8.000  -67.000  -31.000 0.0000000000
-1  20.000  -67.000  -32.000 0.0000000000
-1  19.000  -67.000  -32.000 0.0000000000
-1  18.000  -67.000  -32.000 0.0000000000
-1  17.000  -67.000  -32.000 0.0000000000
-1  16.000  -67.000  -32.000 0.0000000000
-1  15.000  -67.000  -32.000 0.0000000000
-1  14.000  -67.000  -32.000 0.0000000000
-1  13.000  -67.000  -32.000 0.0000000000
-1  12.000  -67.000  -32.000 0.0000000000
-1  11.000  -67.000  -32.000 0.0000000000
-1  10.000  -67.000  -32.000 0.0000000000
-1  9.000  -67.000  -32.000 0.0000000000
-1  8.000  -67.000  -32.000 0.0000000000
-1  21.000  -67.000  -33.000 0.0000000000
-1  20.000  -67.000  -33.000 0.0000000000
-1  19.000  -67.000  -33.000 0.0000000000
-1  18.000  -67.000  -33.000 0.0000000000
-1  17.000  -67.000  -33.000 0.0000000000
-1  16.000  -67.000  -33.000 0.0000000000
-1  15.000  -67.000  -33.000 0.0000000000
-1  14.000  -67.000  -33.000 0.0000000000
-1  13.000  -67.000  -33.000 0.0000000000
-1  12.000  -67.000  -33.000 0.0000000000
-1  11.000  -67.000  -33.000 0.0000000000
-1  10.000  -67.000  -33.000 0.0000000000
-1  9.000  -67.000  -33.000 0.0000000000
-1  8.000  -67.000  -33.000 0.0000000000
-1  23.000  -67.000  -34.000 0.0000000000
-1  22.000  -67.000  -34.000 0.0000000000
-1  21.000  -67.000  -34.000 0.0000000000
-1  20.000  -67.000  -34.000 0.0000000000
-1  19.000  -67.000  -34.000 0.0000000000
-1  18.000  -67.000  -34.000 0.0000000000
-1  17.000  -67.000  -34.000 0.0000000000
-1  16.000  -67.000  -34.000 0.0000000000
-1  15.000  -67.000  -34.000 0.0000000000
-1  14.000  -67.000  -34.000 0.0000000000
-1  13.000  -67.000  -34.000 0.0000000000
-1  12.000  -67.000  -34.000 0.0000000000
-1  11.000  -67.000  -34.000 0.0000000000
-1  10.000  -67.000  -34.000 0.0000000000
-1  9.000  -67.000  -34.000 0.0000000000
-1  34.000  -67.000  -35.000 0.0000000000
-1  33.000  -67.000  -35.000 0.0000000000
-1  23.000  -67.000  -35.000 0.0000000000
-1  22.000  -67.000  -35.000 0.0000000000
-1  21.000  -67.000  -35.000 0.0000000000
-1  20.000  -67.000  -35.000 0.0000000000
-1  19.000  -67.000  -35.000 0.0000000000
-1  18.000  -67.000  -35.000 0.0000000000
-1  17.000  -67.000  -35.000 0.0000000000
-1  16.000  -67.000  -35.000 0.0000000000
-1  15.000  -67.000  -35.000 0.0000000000
-1  14.000  -67.000  -35.000 0.0000000000
-1  13.000  -67.000  -35.000 0.0000000000
-1  12.000  -67.000  -35.000 0.0000000000
-1  11.000  -67.000  -35.000 0.0000000000
-1  10.000  -67.000  -35.000 0.0000000000
-1  36.000  -67.000  -36.000 0.0000000000
-1  35.000  -67.000  -36.000 0.0000000000
-1  34.000  -67.000  -36.000 0.0000000000
-1  33.000  -67.000  -36.000 0.0000000000
-1  32.000  -67.000  -36.000 0.0000000000
-1  31.000  -67.000  -36.000 0.0000000000
-1  30.000  -67.000  -36.000 0.0000000000
-1  29.000  -67.000  -36.000 0.0000000000
-1  28.000  -67.000  -36.000 0.0000000000
-1  27.000  -67.000  -36.000 0.0000000000
-1  26.000  -67.000  -36.000 0.0000000000
-1  25.000  -67.000  -36.000 0.0000000000
-1  24.000  -67.000  -36.000 0.0000000000
-1  23.000  -67.000  -36.000 0.0000000000
-1  22.000  -67.000  -36.000 0.0000000000
-1  21.000  -67.000  -36.000 0.0000000000
-1  20.000  -67.000  -36.000 0.0000000000
-1  19.000  -67.000  -36.000 0.0000000000
-1  18.000  -67.000  -36.000 0.0000000000
-1  17.000  -67.000  -36.000 0.0000000000
-1  16.000  -67.000  -36.000 0.0000000000
-1  15.000  -67.000  -36.000 0.0000000000
-1  14.000  -67.000  -36.000 0.0000000000
-1  13.000  -67.000  -36.000 0.0000000000
-1  12.000  -67.000  -36.000 0.0000000000
-1  11.000  -67.000  -36.000 0.0000000000
-1  10.000  -67.000  -36.000 0.0000000000
-1  34.000  -67.000  -37.000 0.0000000000
-1  33.000  -67.000  -37.000 0.0000000000
-1  32.000  -67.000  -37.000 0.0000000000
-1  31.000  -67.000  -37.000 0.0000000000
-1  30.000  -67.000  -37.000 0.0000000000
-1  29.000  -67.000  -37.000 0.0000000000
-1  28.000  -67.000  -37.000 0.0000000000
-1  27.000  -67.000  -37.000 0.0000000000
-1  26.000  -67.000  -37.000 0.0000000000
-1  25.000  -67.000  -37.000 0.0000000000
-1  24.000  -67.000  -37.000 0.0000000000
-1  23.000  -67.000  -37.000 0.0000000000
-1  22.000  -67.000  -37.000 0.0000000000
-1  21.000  -67.000  -37.000 0.0000000000
-1  20.000  -67.000  -37.000 0.0000000000
-1  19.000  -67.000  -37.000 0.0000000000
-1  18.000  -67.000  -37.000 0.0000000000
-1  17.000  -67.000  -37.000 0.0000000000
-1  16.000  -67.000  -37.000 0.0000000000
-1  15.000  -67.000  -37.000 0.0000000000
-1  14.000  -67.000  -37.000 0.0000000000
-1  13.000  -67.000  -37.000 0.0000000000
-1  12.000  -67.000  -37.000 0.0000000000
-1  11.000  -67.000  -37.000 0.0000000000
-1  29.000  -67.000  -38.000 0.0000000000
-1  28.000  -67.000  -38.000 0.0000000000
-1  27.000  -67.000  -38.000 0.0000000000
-1  26.000  -67.000  -38.000 0.0000000000
-1  25.000  -67.000  -38.000 0.0000000000
-1  24.000  -67.000  -38.000 0.0000000000
-1  23.000  -67.000  -38.000 0.0000000000
-1  22.000  -67.000  -38.000 0.0000000000
-1  21.000  -67.000  -38.000 0.0000000000
-1  20.000  -67.000  -38.000 0.0000000000
-1  19.000  -67.000  -38.000 0.0000000000
-1  18.000  -67.000  -38.000 0.0000000000
-1  17.000  -67.000  -38.000 0.0000000000
-1  16.000  -67.000  -38.000 0.0000000000
-1  15.000  -67.000  -38.000 0.0000000000
-1  14.000  -67.000  -38.000 0.0000000000
-1  13.000  -67.000  -38.000 0.0000000000
-1  12.000  -67.000  -38.000 0.0000000000
-1  30.000  -67.000  -39.000 0.0000000000
-1  29.000  -67.000  -39.000 0.0000000000
-1  28.000  -67.000  -39.000 0.0000000000
-1  27.000  -67.000  -39.000 0.0000000000
-1  26.000  -67.000  -39.000 0.0000000000
-1  25.000  -67.000  -39.000 0.0000000000
-1  24.000  -67.000  -39.000 0.0000000000
-1  23.000  -67.000  -39.000 0.0000000000
-1  22.000  -67.000  -39.000 0.0000000000
-1  21.000  -67.000  -39.000 0.0000000000
-1  20.000  -67.000  -39.000 0.0000000000
-1  19.000  -67.000  -39.000 0.0000000000
-1  18.000  -67.000  -39.000 0.0000000000
-1  17.000  -67.000  -39.000 0.0000000000
-1  16.000  -67.000  -39.000 0.0000000000
-1  15.000  -67.000  -39.000 0.0000000000
-1  14.000  -67.000  -39.000 0.0000000000
-1  13.000  -67.000  -39.000 0.0000000000
-1  12.000  -67.000  -39.000 0.0000000000
-1  30.000  -67.000  -40.000 0.0000000000
-1  29.000  -67.000  -40.000 0.0000000000
-1  28.000  -67.000  -40.000 0.0000000000
-1  27.000  -67.000  -40.000 0.0000000000
-1  26.000  -67.000  -40.000 0.0000000000
-1  25.000  -67.000  -40.000 0.0000000000
-1  24.000  -67.000  -40.000 0.0000000000
-1  23.000  -67.000  -40.000 0.0000000000
-1  22.000  -67.000  -40.000 0.0000000000
-1  21.000  -67.000  -40.000 0.0000000000
-1  20.000  -67.000  -40.000 0.0000000000
-1  19.000  -67.000  -40.000 0.0000000000
-1  18.000  -67.000  -40.000 0.0000000000
-1  17.000  -67.000  -40.000 0.0000000000
-1  16.000  -67.000  -40.000 0.0000000000
-1  15.000  -67.000  -40.000 0.0000000000
-1  14.000  -67.000  -40.000 0.0000000000
-1  13.000  -67.000  -40.000 0.0000000000
-1  29.000  -67.000  -41.000 0.0000000000
-1  28.000  -67.000  -41.000 0.0000000000
-1  27.000  -67.000  -41.000 0.0000000000
-1  26.000  -67.000  -41.000 0.0000000000
-1  25.000  -67.000  -41.000 0.0000000000
-1  24.000  -67.000  -41.000 0.0000000000
-1  23.000  -67.000  -41.000 0.0000000000
-1  22.000  -67.000  -41.000 0.0000000000
-1  21.000  -67.000  -41.000 0.0000000000
-1  20.000  -67.000  -41.000 0.0000000000
-1  19.000  -67.000  -41.000 0.0000000000
-1  18.000  -67.000  -41.000 0.0000000000
-1  17.000  -67.000  -41.000 0.0000000000
-1  16.000  -67.000  -41.000 0.0000000000
-1  15.000  -67.000  -41.000 0.0000000000
-1  14.000  -67.000  -41.000 0.0000000000
-1  30.000  -67.000  -42.000 0.0000000000
-1  29.000  -67.000  -42.000 0.0000000000
-1  28.000  -67.000  -42.000 0.0000000000
-1  27.000  -67.000  -42.000 0.0000000000
-1  26.000  -67.000  -42.000 0.0000000000
-1  25.000  -67.000  -42.000 0.0000000000
-1  24.000  -67.000  -42.000 0.0000000000
-1  23.000  -67.000  -42.000 0.0000000000
-1  22.000  -67.000  -42.000 0.0000000000
-1  21.000  -67.000  -42.000 0.0000000000
-1  20.000  -67.000  -42.000 0.0000000000
-1  19.000  -67.000  -42.000 0.0000000000
-1  18.000  -67.000  -42.000 0.0000000000
-1  17.000  -67.000  -42.000 0.0000000000
-1  16.000  -67.000  -42.000 0.0000000000
-1  15.000  -67.000  -42.000 0.0000000000
-1  30.000  -67.000  -43.000 0.0000000000
-1  29.000  -67.000  -43.000 0.0000000000
-1  28.000  -67.000  -43.000 0.0000000000
-1  27.000  -67.000  -43.000 0.0000000000
-1  26.000  -67.000  -43.000 0.0000000000
-1  25.000  -67.000  -43.000 0.0000000000
-1  24.000  -67.000  -43.000 0.0000000000
-1  23.000  -67.000  -43.000 0.0000000000
-1  22.000  -67.000  -43.000 0.0000000000
-1  21.000  -67.000  -43.000 0.0000000000
-1  20.000  -67.000  -43.000 0.0000000000
-1  19.000  -67.000  -43.000 0.0000000000
-1  18.000  -67.000  -43.000 0.0000000000
-1  17.000  -67.000  -43.000 0.0000000000
-1  30.000  -67.000  -44.000 0.0000000000
-1  29.000  -67.000  -44.000 0.0000000000
-1  28.000  -67.000  -44.000 0.0000000000
-1  27.000  -67.000  -44.000 0.0000000000
-1  26.000  -67.000  -44.000 0.0000000000
-1  25.000  -67.000  -44.000 0.0000000000
-1  24.000  -67.000  -44.000 0.0000000000
-1  23.000  -67.000  -44.000 0.0000000000
-1  22.000  -67.000  -44.000 0.0000000000
-1  21.000  -67.000  -44.000 0.0000000000
-1  30.000  -67.000  -45.000 0.0000000000
-1  29.000  -67.000  -45.000 0.0000000000
-1  28.000  -67.000  -45.000 0.0000000000
-1  27.000  -67.000  -45.000 0.0000000000
-1  26.000  -67.000  -45.000 0.0000000000
-1  11.000  -66.000  -26.000 0.0000000000
-1  10.000  -66.000  -26.000 0.0000000000
-1  12.000  -66.000  -27.000 0.0000000000
-1  11.000  -66.000  -27.000 0.0000000000
-1  10.000  -66.000  -27.000 0.0000000000
-1  9.000  -66.000  -27.000 0.0000000000
-1  8.000  -66.000  -27.000 0.0000000000
-1  7.000  -66.000  -27.000 0.0000000000
-1  13.000  -66.000  -28.000 0.0000000000
-1  12.000  -66.000  -28.000 0.0000000000
-1  11.000  -66.000  -28.000 0.0000000000
-1  10.000  -66.000  -28.000 0.0000000000
-1  9.000  -66.000  -28.000 0.0000000000
-1  8.000  -66.000  -28.000 0.0000000000
-1  17.000  -66.000  -29.000 0.0000000000
-1  16.000  -66.000  -29.000 0.0000000000
-1  15.000  -66.000  -29.000 0.0000000000
-1  14.000  -66.000  -29.000 0.0000000000
-1  13.000  -66.000  -29.000 0.0000000000
-1  12.000  -66.000  -29.000 0.0000000000
-1  11.000  -66.000  -29.000 0.0000000000
-1  10.000  -66.000  -29.000 0.0000000000
-1  9.000  -66.000  -29.000 0.0000000000
-1  8.000  -66.000  -29.000 0.0000000000
-1  7.000  -66.000  -29.000 0.0000000000
-1  6.000  -66.000  -29.000 0.0000000000
-1  20.000  -66.000  -30.000 0.0000000000
-1  19.000  -66.000  -30.000 0.0000000000
-1  18.000  -66.000  -30.000 0.0000000000
-1  17.000  -66.000  -30.000 0.0000000000
-1  16.000  -66.000  -30.000 0.0000000000
-1  15.000  -66.000  -30.000 0.0000000000
-1  14.000  -66.000  -30.000 0.0000000000
-1  13.000  -66.000  -30.000 0.0000000000
-1  12.000  -66.000  -30.000 0.0000000000
-1  11.000  -66.000  -30.000 0.0000000000
-1  10.000  -66.000  -30.000 0.0000000000
-1  9.000  -66.000  -30.000 0.0000000000
-1  8.000  -66.000  -30.000 0.0000000000
-1  7.000  -66.000  -30.000 0.0000000000
-1  20.000  -66.000  -31.000 0.0000000000
-1  19.000  -66.000  -31.000 0.0000000000
-1  18.000  -66.000  -31.000 0.0000000000
-1  17.000  -66.000  -31.000 0.0000000000
-1  16.000  -66.000  -31.000 0.0000000000
-1  15.000  -66.000  -31.000 0.0000000000
-1  14.000  -66.000  -31.000 0.0000000000
-1  13.000  -66.000  -31.000 0.0000000000
-1  12.000  -66.000  -31.000 0.0000000000
-1  11.000  -66.000  -31.000 0.0000000000
-1  10.000  -66.000  -31.000 0.0000000000
-1  9.000  -66.000  -31.000 0.0000000000
-1  8.000  -66.000  -31.000 0.0000000000
-1  7.000  -66.000  -31.000 0.0000000000
-1  21.000  -66.000  -32.000 0.0000000000
-1  20.000  -66.000  -32.000 0.0000000000
-1  19.000  -66.000  -32.000 0.0000000000
-1  18.000  -66.000  -32.000 0.0000000000
-1  17.000  -66.000  -32.000 0.0000000000
-1  16.000  -66.000  -32.000 0.0000000000
-1  15.000  -66.000  -32.000 0.0000000000
-1  14.000  -66.000  -32.000 0.0000000000
-1  13.000  -66.000  -32.000 0.0000000000
-1  12.000  -66.000  -32.000 0.0000000000
-1  11.000  -66.000  -32.000 0.0000000000
-1  10.000  -66.000  -32.000 0.0000000000
-1  9.000  -66.000  -32.000 0.0000000000
-1  8.000  -66.000  -32.000 0.0000000000
-1  21.000  -66.000  -33.000 0.0000000000
-1  20.000  -66.000  -33.000 0.0000000000
-1  19.000  -66.000  -33.000 0.0000000000
-1  18.000  -66.000  -33.000 0.0000000000
-1  17.000  -66.000  -33.000 0.0000000000
-1  16.000  -66.000  -33.000 0.0000000000
-1  15.000  -66.000  -33.000 0.0000000000
-1  14.000  -66.000  -33.000 0.0000000000
-1  13.000  -66.000  -33.000 0.0000000000
-1  12.000  -66.000  -33.000 0.0000000000
-1  11.000  -66.000  -33.000 0.0000000000
-1  10.000  -66.000  -33.000 0.0000000000
-1  9.000  -66.000  -33.000 0.0000000000
-1  8.000  -66.000  -33.000 0.0000000000
-1  23.000  -66.000  -34.000 0.0000000000
-1  22.000  -66.000  -34.000 0.0000000000
-1  21.000  -66.000  -34.000 0.0000000000
-1  20.000  -66.000  -34.000 0.0000000000
-1  19.000  -66.000  -34.000 0.0000000000
-1  18.000  -66.000  -34.000 0.0000000000
-1  17.000  -66.000  -34.000 0.0000000000
-1  16.000  -66.000  -34.000 0.0000000000
-1  15.000  -66.000  -34.000 0.0000000000
-1  14.000  -66.000  -34.000 0.0000000000
-1  13.000  -66.000  -34.000 0.0000000000
-1  12.000  -66.000  -34.000 0.0000000000
-1  11.000  -66.000  -34.000 0.0000000000
-1  10.000  -66.000  -34.000 0.0000000000
-1  9.000  -66.000  -34.000 0.0000000000
-1  8.000  -66.000  -34.000 0.0000000000
-1  38.000  -66.000  -35.000 0.0000000000
-1  37.000  -66.000  -35.000 0.0000000000
-1  36.000  -66.000  -35.000 0.0000000000
-1  35.000  -66.000  -35.000 0.0000000000
-1  34.000  -66.000  -35.000 0.0000000000
-1  33.000  -66.000  -35.000 0.0000000000
-1  24.000  -66.000  -35.000 0.0000000000
-1  23.000  -66.000  -35.000 0.0000000000
-1  22.000  -66.000  -35.000 0.0000000000
-1  21.000  -66.000  -35.000 0.0000000000
-1  20.000  -66.000  -35.000 0.0000000000
-1  19.000  -66.000  -35.000 0.0000000000
-1  18.000  -66.000  -35.000 0.0000000000
-1  17.000  -66.000  -35.000 0.0000000000
-1  16.000  -66.000  -35.000 0.0000000000
-1  15.000  -66.000  -35.000 0.0000000000
-1  14.000  -66.000  -35.000 0.0000000000
-1  13.000  -66.000  -35.000 0.0000000000
-1  12.000  -66.000  -35.000 0.0000000000
-1  11.000  -66.000  -35.000 0.0000000000
-1  10.000  -66.000  -35.000 0.0000000000
-1  9.000  -66.000  -35.000 0.0000000000
-1  36.000  -66.000  -36.000 0.0000000000
-1  35.000  -66.000  -36.000 0.0000000000
-1  34.000  -66.000  -36.000 0.0000000000
-1  33.000  -66.000  -36.000 0.0000000000
-1  32.000  -66.000  -36.000 0.0000000000
-1  31.000  -66.000  -36.000 0.0000000000
-1  30.000  -66.000  -36.000 0.0000000000
-1  29.000  -66.000  -36.000 0.0000000000
-1  27.000  -66.000  -36.000 0.0000000000
-1  26.000  -66.000  -36.000 0.0000000000
-1  25.000  -66.000  -36.000 0.0000000000
-1  24.000  -66.000  -36.000 0.0000000000
-1  23.000  -66.000  -36.000 0.0000000000
-1  22.000  -66.000  -36.000 0.0000000000
-1  21.000  -66.000  -36.000 0.0000000000
-1  20.000  -66.000  -36.000 0.0000000000
-1  19.000  -66.000  -36.000 0.0000000000
-1  18.000  -66.000  -36.000 0.0000000000
-1  17.000  -66.000  -36.000 0.0000000000
-1  16.000  -66.000  -36.000 0.0000000000
-1  15.000  -66.000  -36.000 0.0000000000
-1  14.000  -66.000  -36.000 0.0000000000
-1  13.000  -66.000  -36.000 0.0000000000
-1  12.000  -66.000  -36.000 0.0000000000
-1  11.000  -66.000  -36.000 0.0000000000
-1  10.000  -66.000  -36.000 0.0000000000
-1  33.000  -66.000  -37.000 0.0000000000
-1  32.000  -66.000  -37.000 0.0000000000
-1  31.000  -66.000  -37.000 0.0000000000
-1  30.000  -66.000  -37.000 0.0000000000
-1  29.000  -66.000  -37.000 0.0000000000
-1  28.000  -66.000  -37.000 0.0000000000
-1  27.000  -66.000  -37.000 0.0000000000
-1  26.000  -66.000  -37.000 0.0000000000
-1  25.000  -66.000  -37.000 0.0000000000
-1  24.000  -66.000  -37.000 0.0000000000
-1  23.000  -66.000  -37.000 0.0000000000
-1  22.000  -66.000  -37.000 0.0000000000
-1  21.000  -66.000  -37.000 0.0000000000
-1  20.000  -66.000  -37.000 0.0000000000
-1  19.000  -66.000  -37.000 0.0000000000
-1  18.000  -66.000  -37.000 0.0000000000
-1  17.000  -66.000  -37.000 0.0000000000
-1  16.000  -66.000  -37.000 0.0000000000
-1  15.000  -66.000  -37.000 0.0000000000
-1  14.000  -66.000  -37.000 0.0000000000
-1  13.000  -66.000  -37.000 0.0000000000
-1  12.000  -66.000  -37.000 0.0000000000
-1  11.000  -66.000  -37.000 0.0000000000
-1  10.000  -66.000  -37.000 0.0000000000
-1  32.000  -66.000  -38.000 0.0000000000
-1  31.000  -66.000  -38.000 0.0000000000
-1  30.000  -66.000  -38.000 0.0000000000
-1  29.000  -66.000  -38.000 0.0000000000
-1  28.000  -66.000  -38.000 0.0000000000
-1  27.000  -66.000  -38.000 0.0000000000
-1  26.000  -66.000  -38.000 0.0000000000
-1  25.000  -66.000  -38.000 0.0000000000
-1  24.000  -66.000  -38.000 0.0000000000
-1  23.000  -66.000  -38.000 0.0000000000
-1  22.000  -66.000  -38.000 0.0000000000
-1  21.000  -66.000  -38.000 0.0000000000
-1  20.000  -66.000  -38.000 0.0000000000
-1  19.000  -66.000  -38.000 0.0000000000
-1  18.000  -66.000  -38.000 0.0000000000
-1  17.000  -66.000  -38.000 0.0000000000
-1  16.000  -66.000  -38.000 0.0000000000
-1  15.000  -66.000  -38.000 0.0000000000
-1  14.000  -66.000  -38.000 0.0000000000
-1  13.000  -66.000  -38.000 0.0000000000
-1  12.000  -66.000  -38.000 0.0000000000
-1  11.000  -66.000  -38.000 0.0000000000
-1  31.000  -66.000  -39.000 0.0000000000
-1  30.000  -66.000  -39.000 0.0000000000
-1  29.000  -66.000  -39.000 0.0000000000
-1  28.000  -66.000  -39.000 0.0000000000
-1  27.000  -66.000  -39.000 0.0000000000
-1  26.000  -66.000  -39.000 0.0000000000
-1  25.000  -66.000  -39.000 0.0000000000
-1  24.000  -66.000  -39.000 0.0000000000
-1  23.000  -66.000  -39.000 0.0000000000
-1  22.000  -66.000  -39.000 0.0000000000
-1  21.000  -66.000  -39.000 0.0000000000
-1  20.000  -66.000  -39.000 0.0000000000
-1  19.000  -66.000  -39.000 0.0000000000
-1  18.000  -66.000  -39.000 0.0000000000
-1  17.000  -66.000  -39.000 0.0000000000
-1  16.000  -66.000  -39.000 0.0000000000
-1  15.000  -66.000  -39.000 0.0000000000
-1  14.000  -66.000  -39.000 0.0000000000
-1  13.000  -66.000  -39.000 0.0000000000
-1  12.000  -66.000  -39.000 0.0000000000
-1  30.000  -66.000  -40.000 0.0000000000
-1  29.000  -66.000  -40.000 0.0000000000
-1  28.000  -66.000  -40.000 0.0000000000
-1  27.000  -66.000  -40.000 0.0000000000
-1  26.000  -66.000  -40.000 0.0000000000
-1  25.000  -66.000  -40.000 0.0000000000
-1  24.000  -66.000  -40.000 0.0000000000
-1  23.000  -66.000  -40.000 0.0000000000
-1  22.000  -66.000  -40.000 0.0000000000
-1  21.000  -66.000  -40.000 0.0000000000
-1  20.000  -66.000  -40.000 0.0000000000
-1  19.000  -66.000  -40.000 0.0000000000
-1  18.000  -66.000  -40.000 0.0000000000
-1  17.000  -66.000  -40.000 0.0000000000
-1  16.000  -66.000  -40.000 0.0000000000
-1  15.000  -66.000  -40.000 0.0000000000
-1  14.000  -66.000  -40.000 0.0000000000
-1  13.000  -66.000  -40.000 0.0000000000
-1  30.000  -66.000  -41.000 0.0000000000
-1  29.000  -66.000  -41.000 0.0000000000
-1  28.000  -66.000  -41.000 0.0000000000
-1  27.000  -66.000  -41.000 0.0000000000
-1  26.000  -66.000  -41.000 0.0000000000
-1  25.000  -66.000  -41.000 0.0000000000
-1  24.000  -66.000  -41.000 0.0000000000
-1  23.000  -66.000  -41.000 0.0000000000
-1  22.000  -66.000  -41.000 0.0000000000
-1  21.000  -66.000  -41.000 0.0000000000
-1  20.000  -66.000  -41.000 0.0000000000
-1  19.000  -66.000  -41.000 0.0000000000
-1  18.000  -66.000  -41.000 0.0000000000
-1  17.000  -66.000  -41.000 0.0000000000
-1  16.000  -66.000  -41.000 0.0000000000
-1  15.000  -66.000  -41.000 0.0000000000
-1  14.000  -66.000  -41.000 0.0000000000
-1  13.000  -66.000  -41.000 0.0000000000
-1  31.000  -66.000  -42.000 0.0000000000
-1  30.000  -66.000  -42.000 0.0000000000
-1  29.000  -66.000  -42.000 0.0000000000
-1  28.000  -66.000  -42.000 0.0000000000
-1  27.000  -66.000  -42.000 0.0000000000
-1  26.000  -66.000  -42.000 0.0000000000
-1  25.000  -66.000  -42.000 0.0000000000
-1  24.000  -66.000  -42.000 0.0000000000
-1  23.000  -66.000  -42.000 0.0000000000
-1  22.000  -66.000  -42.000 0.0000000000
-1  21.000  -66.000  -42.000 0.0000000000
-1  20.000  -66.000  -42.000 0.0000000000
-1  19.000  -66.000  -42.000 0.0000000000
-1  18.000  -66.000  -42.000 0.0000000000
-1  17.000  -66.000  -42.000 0.0000000000
-1  16.000  -66.000  -42.000 0.0000000000
-1  15.000  -66.000  -42.000 0.0000000000
-1  14.000  -66.000  -42.000 0.0000000000
-1  30.000  -66.000  -43.000 0.0000000000
-1  29.000  -66.000  -43.000 0.0000000000
-1  28.000  -66.000  -43.000 0.0000000000
-1  27.000  -66.000  -43.000 0.0000000000
-1  26.000  -66.000  -43.000 0.0000000000
-1  25.000  -66.000  -43.000 0.0000000000
-1  24.000  -66.000  -43.000 0.0000000000
-1  23.000  -66.000  -43.000 0.0000000000
-1  22.000  -66.000  -43.000 0.0000000000
-1  21.000  -66.000  -43.000 0.0000000000
-1  20.000  -66.000  -43.000 0.0000000000
-1  19.000  -66.000  -43.000 0.0000000000
-1  30.000  -66.000  -44.000 0.0000000000
-1  29.000  -66.000  -44.000 0.0000000000
-1  28.000  -66.000  -44.000 0.0000000000
-1  27.000  -66.000  -44.000 0.0000000000
-1  26.000  -66.000  -44.000 0.0000000000
-1  25.000  -66.000  -44.000 0.0000000000
-1  24.000  -66.000  -44.000 0.0000000000
-1  23.000  -66.000  -44.000 0.0000000000
-1  22.000  -66.000  -44.000 0.0000000000
-1  21.000  -66.000  -44.000 0.0000000000
-1  31.000  -66.000  -45.000 0.0000000000
-1  30.000  -66.000  -45.000 0.0000000000
-1  29.000  -66.000  -45.000 0.0000000000
-1  28.000  -66.000  -45.000 0.0000000000
-1  27.000  -66.000  -45.000 0.0000000000
-1  26.000  -66.000  -45.000 0.0000000000
-1  13.000  -65.000  -27.000 0.0000000000
-1  12.000  -65.000  -27.000 0.0000000000
-1  11.000  -65.000  -27.000 0.0000000000
-1  10.000  -65.000  -27.000 0.0000000000
-1  9.000  -65.000  -27.000 0.0000000000
-1  8.000  -65.000  -27.000 0.0000000000
-1  7.000  -65.000  -27.000 0.0000000000
-1  14.000  -65.000  -28.000 0.0000000000
-1  13.000  -65.000  -28.000 0.0000000000
-1  12.000  -65.000  -28.000 0.0000000000
-1  11.000  -65.000  -28.000 0.0000000000
-1  10.000  -65.000  -28.000 0.0000000000
-1  9.000  -65.000  -28.000 0.0000000000
-1  8.000  -65.000  -28.000 0.0000000000
-1  7.000  -65.000  -28.000 0.0000000000
-1  6.000  -65.000  -28.000 0.0000000000
-1  16.000  -65.000  -29.000 0.0000000000
-1  15.000  -65.000  -29.000 0.0000000000
-1  14.000  -65.000  -29.000 0.0000000000
-1  13.000  -65.000  -29.000 0.0000000000
-1  12.000  -65.000  -29.000 0.0000000000
-1  11.000  -65.000  -29.000 0.0000000000
-1  10.000  -65.000  -29.000 0.0000000000
-1  9.000  -65.000  -29.000 0.0000000000
-1  8.000  -65.000  -29.000 0.0000000000
-1  7.000  -65.000  -29.000 0.0000000000
-1  6.000  -65.000  -29.000 0.0000000000
-1  5.000  -65.000  -29.000 0.0000000000
-1  19.000  -65.000  -30.000 0.0000000000
-1  18.000  -65.000  -30.000 0.0000000000
-1  17.000  -65.000  -30.000 0.0000000000
-1  16.000  -65.000  -30.000 0.0000000000
-1  15.000  -65.000  -30.000 0.0000000000
-1  14.000  -65.000  -30.000 0.0000000000
-1  13.000  -65.000  -30.000 0.0000000000
-1  12.000  -65.000  -30.000 0.0000000000
-1  11.000  -65.000  -30.000 0.0000000000
-1  10.000  -65.000  -30.000 0.0000000000
-1  9.000  -65.000  -30.000 0.0000000000
-1  8.000  -65.000  -30.000 0.0000000000
-1  7.000  -65.000  -30.000 0.0000000000
-1  6.000  -65.000  -30.000 0.0000000000
-1  21.000  -65.000  -31.000 0.0000000000
-1  20.000  -65.000  -31.000 0.0000000000
-1  19.000  -65.000  -31.000 0.0000000000
-1  18.000  -65.000  -31.000 0.0000000000
-1  17.000  -65.000  -31.000 0.0000000000
-1  16.000  -65.000  -31.000 0.0000000000
-1  15.000  -65.000  -31.000 0.0000000000
-1  14.000  -65.000  -31.000 0.0000000000
-1  13.000  -65.000  -31.000 0.0000000000
-1  12.000  -65.000  -31.000 0.0000000000
-1  11.000  -65.000  -31.000 0.0000000000
-1  10.000  -65.000  -31.000 0.0000000000
-1  9.000  -65.000  -31.000 0.0000000000
-1  8.000  -65.000  -31.000 0.0000000000
-1  7.000  -65.000  -31.000 0.0000000000
-1  22.000  -65.000  -32.000 0.0000000000
-1  21.000  -65.000  -32.000 0.0000000000
-1  20.000  -65.000  -32.000 0.0000000000
-1  19.000  -65.000  -32.000 0.0000000000
-1  18.000  -65.000  -32.000 0.0000000000
-1  17.000  -65.000  -32.000 0.0000000000
-1  16.000  -65.000  -32.000 0.0000000000
-1  15.000  -65.000  -32.000 0.0000000000
-1  14.000  -65.000  -32.000 0.0000000000
-1  13.000  -65.000  -32.000 0.0000000000
-1  12.000  -65.000  -32.000 0.0000000000
-1  11.000  -65.000  -32.000 0.0000000000
-1  10.000  -65.000  -32.000 0.0000000000
-1  9.000  -65.000  -32.000 0.0000000000
-1  8.000  -65.000  -32.000 0.0000000000
-1  7.000  -65.000  -32.000 0.0000000000
-1  22.000  -65.000  -33.000 0.0000000000
-1  21.000  -65.000  -33.000 0.0000000000
-1  20.000  -65.000  -33.000 0.0000000000
-1  19.000  -65.000  -33.000 0.0000000000
-1  18.000  -65.000  -33.000 0.0000000000
-1  17.000  -65.000  -33.000 0.0000000000
-1  16.000  -65.000  -33.000 0.0000000000
-1  15.000  -65.000  -33.000 0.0000000000
-1  14.000  -65.000  -33.000 0.0000000000
-1  13.000  -65.000  -33.000 0.0000000000
-1  12.000  -65.000  -33.000 0.0000000000
-1  11.000  -65.000  -33.000 0.0000000000
-1  10.000  -65.000  -33.000 0.0000000000
-1  9.000  -65.000  -33.000 0.0000000000
-1  8.000  -65.000  -33.000 0.0000000000
-1  24.000  -65.000  -34.000 0.0000000000
-1  23.000  -65.000  -34.000 0.0000000000
-1  22.000  -65.000  -34.000 0.0000000000
-1  21.000  -65.000  -34.000 0.0000000000
-1  20.000  -65.000  -34.000 0.0000000000
-1  19.000  -65.000  -34.000 0.0000000000
-1  18.000  -65.000  -34.000 0.0000000000
-1  17.000  -65.000  -34.000 0.0000000000
-1  16.000  -65.000  -34.000 0.0000000000
-1  15.000  -65.000  -34.000 0.0000000000
-1  14.000  -65.000  -34.000 0.0000000000
-1  13.000  -65.000  -34.000 0.0000000000
-1  12.000  -65.000  -34.000 0.0000000000
-1  11.000  -65.000  -34.000 0.0000000000
-1  10.000  -65.000  -34.000 0.0000000000
-1  9.000  -65.000  -34.000 0.0000000000
-1  8.000  -65.000  -34.000 0.0000000000
-1  25.000  -65.000  -35.000 0.0000000000
-1  24.000  -65.000  -35.000 0.0000000000
-1  23.000  -65.000  -35.000 0.0000000000
-1  22.000  -65.000  -35.000 0.0000000000
-1  21.000  -65.000  -35.000 0.0000000000
-1  20.000  -65.000  -35.000 0.0000000000
-1  19.000  -65.000  -35.000 0.0000000000
-1  18.000  -65.000  -35.000 0.0000000000
-1  17.000  -65.000  -35.000 0.0000000000
-1  16.000  -65.000  -35.000 0.0000000000
-1  15.000  -65.000  -35.000 0.0000000000
-1  14.000  -65.000  -35.000 0.0000000000
-1  13.000  -65.000  -35.000 0.0000000000
-1  12.000  -65.000  -35.000 0.0000000000
-1  11.000  -65.000  -35.000 0.0000000000
-1  10.000  -65.000  -35.000 0.0000000000
-1  9.000  -65.000  -35.000 0.0000000000
-1  38.000  -65.000  -36.000 0.0000000000
-1  37.000  -65.000  -36.000 0.0000000000
-1  36.000  -65.000  -36.000 0.0000000000
-1  35.000  -65.000  -36.000 0.0000000000
-1  34.000  -65.000  -36.000 0.0000000000
-1  33.000  -65.000  -36.000 0.0000000000
-1  32.000  -65.000  -36.000 0.0000000000
-1  31.000  -65.000  -36.000 0.0000000000
-1  30.000  -65.000  -36.000 0.0000000000
-1  29.000  -65.000  -36.000 0.0000000000
-1  28.000  -65.000  -36.000 0.0000000000
-1  27.000  -65.000  -36.000 0.0000000000
-1  26.000  -65.000  -36.000 0.0000000000
-1  25.000  -65.000  -36.000 0.0000000000
-1  24.000  -65.000  -36.000 0.0000000000
-1  23.000  -65.000  -36.000 0.0000000000
-1  22.000  -65.000  -36.000 0.0000000000
-1  21.000  -65.000  -36.000 0.0000000000
-1  20.000  -65.000  -36.000 0.0000000000
-1  19.000  -65.000  -36.000 0.0000000000
-1  18.000  -65.000  -36.000 0.0000000000
-1  17.000  -65.000  -36.000 0.0000000000
-1  16.000  -65.000  -36.000 0.0000000000
-1  15.000  -65.000  -36.000 0.0000000000
-1  14.000  -65.000  -36.000 0.0000000000
-1  13.000  -65.000  -36.000 0.0000000000
-1  12.000  -65.000  -36.000 0.0000000000
-1  11.000  -65.000  -36.000 0.0000000000
-1  10.000  -65.000  -36.000 0.0000000000
-1  35.000  -65.000  -37.000 0.0000000000
-1  34.000  -65.000  -37.000 0.0000000000
-1  33.000  -65.000  -37.000 0.0000000000
-1  32.000  -65.000  -37.000 0.0000000000
-1  31.000  -65.000  -37.000 0.0000000000
-1  30.000  -65.000  -37.000 0.0000000000
-1  29.000  -65.000  -37.000 0.0000000000
-1  28.000  -65.000  -37.000 0.0000000000
-1  27.000  -65.000  -37.000 0.0000000000
-1  26.000  -65.000  -37.000 0.0000000000
-1  25.000  -65.000  -37.000 0.0000000000
-1  24.000  -65.000  -37.000 0.0000000000
-1  23.000  -65.000  -37.000 0.0000000000
-1  22.000  -65.000  -37.000 0.0000000000
-1  21.000  -65.000  -37.000 0.0000000000
-1  20.000  -65.000  -37.000 0.0000000000
-1  19.000  -65.000  -37.000 0.0000000000
-1  18.000  -65.000  -37.000 0.0000000000
-1  17.000  -65.000  -37.000 0.0000000000
-1  16.000  -65.000  -37.000 0.0000000000
-1  15.000  -65.000  -37.000 0.0000000000
-1  14.000  -65.000  -37.000 0.0000000000
-1  13.000  -65.000  -37.000 0.0000000000
-1  12.000  -65.000  -37.000 0.0000000000
-1  11.000  -65.000  -37.000 0.0000000000
-1  10.000  -65.000  -37.000 0.0000000000
-1  32.000  -65.000  -38.000 0.0000000000
-1  31.000  -65.000  -38.000 0.0000000000
-1  30.000  -65.000  -38.000 0.0000000000
-1  29.000  -65.000  -38.000 0.0000000000
-1  28.000  -65.000  -38.000 0.0000000000
-1  27.000  -65.000  -38.000 0.0000000000
-1  26.000  -65.000  -38.000 0.0000000000
-1  25.000  -65.000  -38.000 0.0000000000
-1  24.000  -65.000  -38.000 0.0000000000
-1  23.000  -65.000  -38.000 0.0000000000
-1  22.000  -65.000  -38.000 0.0000000000
-1  21.000  -65.000  -38.000 0.0000000000
-1  20.000  -65.000  -38.000 0.0000000000
-1  19.000  -65.000  -38.000 0.0000000000
-1  18.000  -65.000  -38.000 0.0000000000
-1  17.000  -65.000  -38.000 0.0000000000
-1  16.000  -65.000  -38.000 0.0000000000
-1  15.000  -65.000  -38.000 0.0000000000
-1  14.000  -65.000  -38.000 0.0000000000
-1  13.000  -65.000  -38.000 0.0000000000
-1  12.000  -65.000  -38.000 0.0000000000
-1  11.000  -65.000  -38.000 0.0000000000
-1  32.000  -65.000  -39.000 0.0000000000
-1  31.000  -65.000  -39.000 0.0000000000
-1  30.000  -65.000  -39.000 0.0000000000
-1  29.000  -65.000  -39.000 0.0000000000
-1  28.000  -65.000  -39.000 0.0000000000
-1  27.000  -65.000  -39.000 0.0000000000
-1  26.000  -65.000  -39.000 0.0000000000
-1  25.000  -65.000  -39.000 0.0000000000
-1  24.000  -65.000  -39.000 0.0000000000
-1  23.000  -65.000  -39.000 0.0000000000
-1  22.000  -65.000  -39.000 0.0000000000
-1  21.000  -65.000  -39.000 0.0000000000
-1  20.000  -65.000  -39.000 0.0000000000
-1  19.000  -65.000  -39.000 0.0000000000
-1  18.000  -65.000  -39.000 0.0000000000
-1  17.000  -65.000  -39.000 0.0000000000
-1  16.000  -65.000  -39.000 0.0000000000
-1  15.000  -65.000  -39.000 0.0000000000
-1  14.000  -65.000  -39.000 0.0000000000
-1  13.000  -65.000  -39.000 0.0000000000
-1  12.000  -65.000  -39.000 0.0000000000
-1  11.000  -65.000  -39.000 0.0000000000
-1  32.000  -65.000  -40.000 0.0000000000
-1  31.000  -65.000  -40.000 0.0000000000
-1  30.000  -65.000  -40.000 0.0000000000
-1  29.000  -65.000  -40.000 0.0000000000
-1  28.000  -65.000  -40.000 0.0000000000
-1  27.000  -65.000  -40.000 0.0000000000
-1  26.000  -65.000  -40.000 0.0000000000
-1  25.000  -65.000  -40.000 0.0000000000
-1  24.000  -65.000  -40.000 0.0000000000
-1  23.000  -65.000  -40.000 0.0000000000
-1  22.000  -65.000  -40.000 0.0000000000
-1  21.000  -65.000  -40.000 0.0000000000
-1  20.000  -65.000  -40.000 0.0000000000
-1  19.000  -65.000  -40.000 0.0000000000
-1  18.000  -65.000  -40.000 0.0000000000
-1  17.000  -65.000  -40.000 0.0000000000
-1  16.000  -65.000  -40.000 0.0000000000
-1  15.000  -65.000  -40.000 0.0000000000
-1  14.000  -65.000  -40.000 0.0000000000
-1  13.000  -65.000  -40.000 0.0000000000
-1  12.000  -65.000  -40.000 0.0000000000
-1  11.000  -65.000  -40.000 0.0000000000
-1  31.000  -65.000  -41.000 0.0000000000
-1  30.000  -65.000  -41.000 0.0000000000
-1  29.000  -65.000  -41.000 0.0000000000
-1  28.000  -65.000  -41.000 0.0000000000
-1  27.000  -65.000  -41.000 0.0000000000
-1  26.000  -65.000  -41.000 0.0000000000
-1  25.000  -65.000  -41.000 0.0000000000
-1  24.000  -65.000  -41.000 0.0000000000
-1  23.000  -65.000  -41.000 0.0000000000
-1  22.000  -65.000  -41.000 0.0000000000
-1  21.000  -65.000  -41.000 0.0000000000
-1  20.000  -65.000  -41.000 0.0000000000
-1  19.000  -65.000  -41.000 0.0000000000
-1  18.000  -65.000  -41.000 0.0000000000
-1  17.000  -65.000  -41.000 0.0000000000
-1  16.000  -65.000  -41.000 0.0000000000
-1  15.000  -65.000  -41.000 0.0000000000
-1  14.000  -65.000  -41.000 0.0000000000
-1  13.000  -65.000  -41.000 0.0000000000
-1  31.000  -65.000  -42.000 0.0000000000
-1  30.000  -65.000  -42.000 0.0000000000
-1  29.000  -65.000  -42.000 0.0000000000
-1  28.000  -65.000  -42.000 0.0000000000
-1  27.000  -65.000  -42.000 0.0000000000
-1  26.000  -65.000  -42.000 0.0000000000
-1  25.000  -65.000  -42.000 0.0000000000
-1  24.000  -65.000  -42.000 0.0000000000
-1  23.000  -65.000  -42.000 0.0000000000
-1  22.000  -65.000  -42.000 0.0000000000
-1  21.000  -65.000  -42.000 0.0000000000
-1  20.000  -65.000  -42.000 0.0000000000
-1  19.000  -65.000  -42.000 0.0000000000
-1  18.000  -65.000  -42.000 0.0000000000
-1  17.000  -65.000  -42.000 0.0000000000
-1  16.000  -65.000  -42.000 0.0000000000
-1  15.000  -65.000  -42.000 0.0000000000
-1  14.000  -65.000  -42.000 0.0000000000
-1  31.000  -65.000  -43.000 0.0000000000
-1  30.000  -65.000  -43.000 0.0000000000
-1  29.000  -65.000  -43.000 0.0000000000
-1  28.000  -65.000  -43.000 0.0000000000
-1  27.000  -65.000  -43.000 0.0000000000
-1  26.000  -65.000  -43.000 0.0000000000
-1  25.000  -65.000  -43.000 0.0000000000
-1  24.000  -65.000  -43.000 0.0000000000
-1  23.000  -65.000  -43.000 0.0000000000
-1  22.000  -65.000  -43.000 0.0000000000
-1  21.000  -65.000  -43.000 0.0000000000
-1  20.000  -65.000  -43.000 0.0000000000
-1  19.000  -65.000  -43.000 0.0000000000
-1  31.000  -65.000  -44.000 0.0000000000
-1  30.000  -65.000  -44.000 0.0000000000
-1  29.000  -65.000  -44.000 0.0000000000
-1  28.000  -65.000  -44.000 0.0000000000
-1  27.000  -65.000  -44.000 0.0000000000
-1  26.000  -65.000  -44.000 0.0000000000
-1  25.000  -65.000  -44.000 0.0000000000
-1  24.000  -65.000  -44.000 0.0000000000
-1  23.000  -65.000  -44.000 0.0000000000
-1  22.000  -65.000  -44.000 0.0000000000
-1  32.000  -65.000  -45.000 0.0000000000
-1  31.000  -65.000  -45.000 0.0000000000
-1  30.000  -65.000  -45.000 0.0000000000
-1  29.000  -65.000  -45.000 0.0000000000
-1  28.000  -65.000  -45.000 0.0000000000
-1  27.000  -65.000  -45.000 0.0000000000
-1  26.000  -65.000  -45.000 0.0000000000
-1  13.000  -64.000  -27.000 0.0000000000
-1  12.000  -64.000  -27.000 0.0000000000
-1  11.000  -64.000  -27.000 0.0000000000
-1  10.000  -64.000  -27.000 0.0000000000
-1  9.000  -64.000  -27.000 0.0000000000
-1  8.000  -64.000  -27.000 0.0000000000
-1  16.000  -64.000  -28.000 0.0000000000
-1  15.000  -64.000  -28.000 0.0000000000
-1  14.000  -64.000  -28.000 0.0000000000
-1  13.000  -64.000  -28.000 0.0000000000
-1  12.000  -64.000  -28.000 0.0000000000
-1  11.000  -64.000  -28.000 0.0000000000
-1  10.000  -64.000  -28.000 0.0000000000
-1  9.000  -64.000  -28.000 0.0000000000
-1  8.000  -64.000  -28.000 0.0000000000
-1  7.000  -64.000  -28.000 0.0000000000
-1  6.000  -64.000  -28.000 0.0000000000
-1  17.000  -64.000  -29.000 0.0000000000
-1  16.000  -64.000  -29.000 0.0000000000
-1  15.000  -64.000  -29.000 0.0000000000
-1  14.000  -64.000  -29.000 0.0000000000
-1  13.000  -64.000  -29.000 0.0000000000
-1  12.000  -64.000  -29.000 0.0000000000
-1  11.000  -64.000  -29.000 0.0000000000
-1  10.000  -64.000  -29.000 0.0000000000
-1  9.000  -64.000  -29.000 0.0000000000
-1  8.000  -64.000  -29.000 0.0000000000
-1  7.000  -64.000  -29.000 0.0000000000
-1  6.000  -64.000  -29.000 0.0000000000
-1  5.000  -64.000  -29.000 0.0000000000
-1  21.000  -64.000  -30.000 0.0000000000
-1  20.000  -64.000  -30.000 0.0000000000
-1  19.000  -64.000  -30.000 0.0000000000
-1  18.000  -64.000  -30.000 0.0000000000
-1  17.000  -64.000  -30.000 0.0000000000
-1  16.000  -64.000  -30.000 0.0000000000
-1  15.000  -64.000  -30.000 0.0000000000
-1  14.000  -64.000  -30.000 0.0000000000
-1  13.000  -64.000  -30.000 0.0000000000
-1  12.000  -64.000  -30.000 0.0000000000
-1  11.000  -64.000  -30.000 0.0000000000
-1  10.000  -64.000  -30.000 0.0000000000
-1  9.000  -64.000  -30.000 0.0000000000
-1  8.000  -64.000  -30.000 0.0000000000
-1  7.000  -64.000  -30.000 0.0000000000
-1  6.000  -64.000  -30.000 0.0000000000
-1  5.000  -64.000  -30.000 0.0000000000
-1  4.000  -64.000  -30.000 0.0000000000
-1  22.000  -64.000  -31.000 0.0000000000
-1  21.000  -64.000  -31.000 0.0000000000
-1  20.000  -64.000  -31.000 0.0000000000
-1  19.000  -64.000  -31.000 0.0000000000
-1  18.000  -64.000  -31.000 0.0000000000
-1  17.000  -64.000  -31.000 0.0000000000
-1  16.000  -64.000  -31.000 0.0000000000
-1  15.000  -64.000  -31.000 0.0000000000
-1  14.000  -64.000  -31.000 0.0000000000
-1  13.000  -64.000  -31.000 0.0000000000
-1  12.000  -64.000  -31.000 0.0000000000
-1  11.000  -64.000  -31.000 0.0000000000
-1  10.000  -64.000  -31.000 0.0000000000
-1  9.000  -64.000  -31.000 0.0000000000
-1  8.000  -64.000  -31.000 0.0000000000
-1  7.000  -64.000  -31.000 0.0000000000
-1  6.000  -64.000  -31.000 0.0000000000
-1  5.000  -64.000  -31.000 0.0000000000
-1  23.000  -64.000  -32.000 0.0000000000
-1  22.000  -64.000  -32.000 0.0000000000
-1  21.000  -64.000  -32.000 0.0000000000
-1  20.000  -64.000  -32.000 0.0000000000
-1  19.000  -64.000  -32.000 0.0000000000
-1  18.000  -64.000  -32.000 0.0000000000
-1  17.000  -64.000  -32.000 0.0000000000
-1  16.000  -64.000  -32.000 0.0000000000
-1  15.000  -64.000  -32.000 0.0000000000
-1  14.000  -64.000  -32.000 0.0000000000
-1  13.000  -64.000  -32.000 0.0000000000
-1  12.000  -64.000  -32.000 0.0000000000
-1  11.000  -64.000  -32.000 0.0000000000
-1  10.000  -64.000  -32.000 0.0000000000
-1  9.000  -64.000  -32.000 0.0000000000
-1  8.000  -64.000  -32.000 0.0000000000
-1  7.000  -64.000  -32.000 0.0000000000
-1  6.000  -64.000  -32.000 0.0000000000
-1  5.000  -64.000  -32.000 0.0000000000
-1  24.000  -64.000  -33.000 0.0000000000
-1  23.000  -64.000  -33.000 0.0000000000
-1  22.000  -64.000  -33.000 0.0000000000
-1  21.000  -64.000  -33.000 0.0000000000
-1  20.000  -64.000  -33.000 0.0000000000
-1  19.000  -64.000  -33.000 0.0000000000
-1  18.000  -64.000  -33.000 0.0000000000
-1  17.000  -64.000  -33.000 0.0000000000
-1  16.000  -64.000  -33.000 0.0000000000
-1  15.000  -64.000  -33.000 0.0000000000
-1  14.000  -64.000  -33.000 0.0000000000
-1  13.000  -64.000  -33.000 0.0000000000
-1  12.000  -64.000  -33.000 0.0000000000
-1  11.000  -64.000  -33.000 0.0000000000
-1  10.000  -64.000  -33.000 0.0000000000
-1  9.000  -64.000  -33.000 0.0000000000
-1  8.000  -64.000  -33.000 0.0000000000
-1  7.000  -64.000  -33.000 0.0000000000
-1  24.000  -64.000  -34.000 0.0000000000
-1  23.000  -64.000  -34.000 0.0000000000
-1  22.000  -64.000  -34.000 0.0000000000
-1  21.000  -64.000  -34.000 0.0000000000
-1  20.000  -64.000  -34.000 0.0000000000
-1  19.000  -64.000  -34.000 0.0000000000
-1  18.000  -64.000  -34.000 0.0000000000
-1  17.000  -64.000  -34.000 0.0000000000
-1  16.000  -64.000  -34.000 0.0000000000
-1  15.000  -64.000  -34.000 0.0000000000
-1  14.000  -64.000  -34.000 0.0000000000
-1  13.000  -64.000  -34.000 0.0000000000
-1  12.000  -64.000  -34.000 0.0000000000
-1  11.000  -64.000  -34.000 0.0000000000
-1  10.000  -64.000  -34.000 0.0000000000
-1  9.000  -64.000  -34.000 0.0000000000
-1  8.000  -64.000  -34.000 0.0000000000
-1  25.000  -64.000  -35.000 0.0000000000
-1  24.000  -64.000  -35.000 0.0000000000
-1  23.000  -64.000  -35.000 0.0000000000
-1  22.000  -64.000  -35.000 0.0000000000
-1  21.000  -64.000  -35.000 0.0000000000
-1  20.000  -64.000  -35.000 0.0000000000
-1  19.000  -64.000  -35.000 0.0000000000
-1  18.000  -64.000  -35.000 0.0000000000
-1  17.000  -64.000  -35.000 0.0000000000
-1  16.000  -64.000  -35.000 0.0000000000
-1  15.000  -64.000  -35.000 0.0000000000
-1  14.000  -64.000  -35.000 0.0000000000
-1  13.000  -64.000  -35.000 0.0000000000
-1  12.000  -64.000  -35.000 0.0000000000
-1  11.000  -64.000  -35.000 0.0000000000
-1  10.000  -64.000  -35.000 0.0000000000
-1  9.000  -64.000  -35.000 0.0000000000
-1  8.000  -64.000  -35.000 0.0000000000
-1  39.000  -64.000  -36.000 0.0000000000
-1  38.000  -64.000  -36.000 0.0000000000
-1  37.000  -64.000  -36.000 0.0000000000
-1  36.000  -64.000  -36.000 0.0000000000
-1  35.000  -64.000  -36.000 0.0000000000
-1  34.000  -64.000  -36.000 0.0000000000
-1  33.000  -64.000  -36.000 0.0000000000
-1  32.000  -64.000  -36.000 0.0000000000
-1  31.000  -64.000  -36.000 0.0000000000
-1  30.000  -64.000  -36.000 0.0000000000
-1  29.000  -64.000  -36.000 0.0000000000
-1  28.000  -64.000  -36.000 0.0000000000
-1  27.000  -64.000  -36.000 0.0000000000
-1  26.000  -64.000  -36.000 0.0000000000
-1  25.000  -64.000  -36.000 0.0000000000
-1  24.000  -64.000  -36.000 0.0000000000
-1  23.000  -64.000  -36.000 0.0000000000
-1  22.000  -64.000  -36.000 0.0000000000
-1  21.000  -64.000  -36.000 0.0000000000
-1  20.000  -64.000  -36.000 0.0000000000
-1  19.000  -64.000  -36.000 0.0000000000
-1  18.000  -64.000  -36.000 0.0000000000
-1  17.000  -64.000  -36.000 0.0000000000
-1  16.000  -64.000  -36.000 0.0000000000
-1  15.000  -64.000  -36.000 0.0000000000
-1  14.000  -64.000  -36.000 0.0000000000
-1  13.000  -64.000  -36.000 0.0000000000
-1  12.000  -64.000  -36.000 0.0000000000
-1  11.000  -64.000  -36.000 0.0000000000
-1  10.000  -64.000  -36.000 0.0000000000
-1  9.000  -64.000  -36.000 0.0000000000
-1  38.000  -64.000  -37.000 0.0000000000
-1  37.000  -64.000  -37.000 0.0000000000
-1  36.000  -64.000  -37.000 0.0000000000
-1  35.000  -64.000  -37.000 0.0000000000
-1  34.000  -64.000  -37.000 0.0000000000
-1  33.000  -64.000  -37.000 0.0000000000
-1  32.000  -64.000  -37.000 0.0000000000
-1  31.000  -64.000  -37.000 0.0000000000
-1  30.000  -64.000  -37.000 0.0000000000
-1  29.000  -64.000  -37.000 0.0000000000
-1  28.000  -64.000  -37.000 0.0000000000
-1  27.000  -64.000  -37.000 0.0000000000
-1  26.000  -64.000  -37.000 0.0000000000
-1  25.000  -64.000  -37.000 0.0000000000
-1  24.000  -64.000  -37.000 0.0000000000
-1  23.000  -64.000  -37.000 0.0000000000
-1  22.000  -64.000  -37.000 0.0000000000
-1  21.000  -64.000  -37.000 0.0000000000
-1  20.000  -64.000  -37.000 0.0000000000
-1  19.000  -64.000  -37.000 0.0000000000
-1  18.000  -64.000  -37.000 0.0000000000
-1  17.000  -64.000  -37.000 0.0000000000
-1  16.000  -64.000  -37.000 0.0000000000
-1  15.000  -64.000  -37.000 0.0000000000
-1  14.000  -64.000  -37.000 0.0000000000
-1  13.000  -64.000  -37.000 0.0000000000
-1  12.000  -64.000  -37.000 0.0000000000
-1  11.000  -64.000  -37.000 0.0000000000
-1  10.000  -64.000  -37.000 0.0000000000
-1  33.000  -64.000  -38.000 0.0000000000
-1  32.000  -64.000  -38.000 0.0000000000
-1  31.000  -64.000  -38.000 0.0000000000
-1  30.000  -64.000  -38.000 0.0000000000
-1  29.000  -64.000  -38.000 0.0000000000
-1  28.000  -64.000  -38.000 0.0000000000
-1  27.000  -64.000  -38.000 0.0000000000
-1  26.000  -64.000  -38.000 0.0000000000
-1  25.000  -64.000  -38.000 0.0000000000
-1  24.000  -64.000  -38.000 0.0000000000
-1  23.000  -64.000  -38.000 0.0000000000
-1  22.000  -64.000  -38.000 0.0000000000
-1  21.000  -64.000  -38.000 0.0000000000
-1  20.000  -64.000  -38.000 0.0000000000
-1  19.000  -64.000  -38.000 0.0000000000
-1  18.000  -64.000  -38.000 0.0000000000
-1  17.000  -64.000  -38.000 0.0000000000
-1  16.000  -64.000  -38.000 0.0000000000
-1  15.000  -64.000  -38.000 0.0000000000
-1  14.000  -64.000  -38.000 0.0000000000
-1  13.000  -64.000  -38.000 0.0000000000
-1  12.000  -64.000  -38.000 0.0000000000
-1  11.000  -64.000  -38.000 0.0000000000
-1  33.000  -64.000  -39.000 0.0000000000
-1  32.000  -64.000  -39.000 0.0000000000
-1  31.000  -64.000  -39.000 0.0000000000
-1  30.000  -64.000  -39.000 0.0000000000
-1  29.000  -64.000  -39.000 0.0000000000
-1  28.000  -64.000  -39.000 0.0000000000
-1  27.000  -64.000  -39.000 0.0000000000
-1  26.000  -64.000  -39.000 0.0000000000
-1  25.000  -64.000  -39.000 0.0000000000
-1  24.000  -64.000  -39.000 0.0000000000
-1  23.000  -64.000  -39.000 0.0000000000
-1  22.000  -64.000  -39.000 0.0000000000
-1  21.000  -64.000  -39.000 0.0000000000
-1  20.000  -64.000  -39.000 0.0000000000
-1  19.000  -64.000  -39.000 0.0000000000
-1  18.000  -64.000  -39.000 0.0000000000
-1  17.000  -64.000  -39.000 0.0000000000
-1  16.000  -64.000  -39.000 0.0000000000
-1  15.000  -64.000  -39.000 0.0000000000
-1  14.000  -64.000  -39.000 0.0000000000
-1  13.000  -64.000  -39.000 0.0000000000
-1  12.000  -64.000  -39.000 0.0000000000
-1  11.000  -64.000  -39.000 0.0000000000
-1  32.000  -64.000  -40.000 0.0000000000
-1  31.000  -64.000  -40.000 0.0000000000
-1  30.000  -64.000  -40.000 0.0000000000
-1  29.000  -64.000  -40.000 0.0000000000
-1  28.000  -64.000  -40.000 0.0000000000
-1  27.000  -64.000  -40.000 0.0000000000
-1  26.000  -64.000  -40.000 0.0000000000
-1  25.000  -64.000  -40.000 0.0000000000
-1  24.000  -64.000  -40.000 0.0000000000
-1  23.000  -64.000  -40.000 0.0000000000
-1  22.000  -64.000  -40.000 0.0000000000
-1  21.000  -64.000  -40.000 0.0000000000
-1  20.000  -64.000  -40.000 0.0000000000
-1  19.000  -64.000  -40.000 0.0000000000
-1  18.000  -64.000  -40.000 0.0000000000
-1  17.000  -64.000  -40.000 0.0000000000
-1  16.000  -64.000  -40.000 0.0000000000
-1  15.000  -64.000  -40.000 0.0000000000
-1  14.000  -64.000  -40.000 0.0000000000
-1  13.000  -64.000  -40.000 0.0000000000
-1  12.000  -64.000  -40.000 0.0000000000
-1  32.000  -64.000  -41.000 0.0000000000
-1  31.000  -64.000  -41.000 0.0000000000
-1  30.000  -64.000  -41.000 0.0000000000
-1  29.000  -64.000  -41.000 0.0000000000
-1  28.000  -64.000  -41.000 0.0000000000
-1  27.000  -64.000  -41.000 0.0000000000
-1  26.000  -64.000  -41.000 0.0000000000
-1  25.000  -64.000  -41.000 0.0000000000
-1  24.000  -64.000  -41.000 0.0000000000
-1  23.000  -64.000  -41.000 0.0000000000
-1  22.000  -64.000  -41.000 0.0000000000
-1  21.000  -64.000  -41.000 0.0000000000
-1  20.000  -64.000  -41.000 0.0000000000
-1  19.000  -64.000  -41.000 0.0000000000
-1  18.000  -64.000  -41.000 0.0000000000
-1  17.000  -64.000  -41.000 0.0000000000
-1  16.000  -64.000  -41.000 0.0000000000
-1  15.000  -64.000  -41.000 0.0000000000
-1  14.000  -64.000  -41.000 0.0000000000
-1  13.000  -64.000  -41.000 0.0000000000
-1  31.000  -64.000  -42.000 0.0000000000
-1  30.000  -64.000  -42.000 0.0000000000
-1  29.000  -64.000  -42.000 0.0000000000
-1  28.000  -64.000  -42.000 0.0000000000
-1  27.000  -64.000  -42.000 0.0000000000
-1  26.000  -64.000  -42.000 0.0000000000
-1  25.000  -64.000  -42.000 0.0000000000
-1  24.000  -64.000  -42.000 0.0000000000
-1  23.000  -64.000  -42.000 0.0000000000
-1  22.000  -64.000  -42.000 0.0000000000
-1  21.000  -64.000  -42.000 0.0000000000
-1  20.000  -64.000  -42.000 0.0000000000
-1  19.000  -64.000  -42.000 0.0000000000
-1  18.000  -64.000  -42.000 0.0000000000
-1  17.000  -64.000  -42.000 0.0000000000
-1  16.000  -64.000  -42.000 0.0000000000
-1  15.000  -64.000  -42.000 0.0000000000
-1  14.000  -64.000  -42.000 0.0000000000
-1  31.000  -64.000  -43.000 0.0000000000
-1  30.000  -64.000  -43.000 0.0000000000
-1  29.000  -64.000  -43.000 0.0000000000
-1  28.000  -64.000  -43.000 0.0000000000
-1  27.000  -64.000  -43.000 0.0000000000
-1  26.000  -64.000  -43.000 0.0000000000
-1  25.000  -64.000  -43.000 0.0000000000
-1  24.000  -64.000  -43.000 0.0000000000
-1  23.000  -64.000  -43.000 0.0000000000
-1  22.000  -64.000  -43.000 0.0000000000
-1  21.000  -64.000  -43.000 0.0000000000
-1  20.000  -64.000  -43.000 0.0000000000
-1  19.000  -64.000  -43.000 0.0000000000
-1  18.000  -64.000  -43.000 0.0000000000
-1  32.000  -64.000  -44.000 0.0000000000
-1  31.000  -64.000  -44.000 0.0000000000
-1  30.000  -64.000  -44.000 0.0000000000
-1  29.000  -64.000  -44.000 0.0000000000
-1  28.000  -64.000  -44.000 0.0000000000
-1  27.000  -64.000  -44.000 0.0000000000
-1  26.000  -64.000  -44.000 0.0000000000
-1  25.000  -64.000  -44.000 0.0000000000
-1  24.000  -64.000  -44.000 0.0000000000
-1  23.000  -64.000  -44.000 0.0000000000
-1  22.000  -64.000  -44.000 0.0000000000
-1  21.000  -64.000  -44.000 0.0000000000
-1  20.000  -64.000  -44.000 0.0000000000
-1  32.000  -64.000  -45.000 0.0000000000
-1  31.000  -64.000  -45.000 0.0000000000
-1  30.000  -64.000  -45.000 0.0000000000
-1  29.000  -64.000  -45.000 0.0000000000
-1  28.000  -64.000  -45.000 0.0000000000
-1  27.000  -64.000  -45.000 0.0000000000
-1  26.000  -64.000  -45.000 0.0000000000
-1  25.000  -64.000  -45.000 0.0000000000
-1  24.000  -64.000  -45.000 0.0000000000
-1  23.000  -64.000  -45.000 0.0000000000
-1  14.000  -63.000  -27.000 0.0000000000
-1  13.000  -63.000  -27.000 0.0000000000
-1  12.000  -63.000  -27.000 0.0000000000
-1  11.000  -63.000  -27.000 0.0000000000
-1  10.000  -63.000  -27.000 0.0000000000
-1  9.000  -63.000  -27.000 0.0000000000
-1  8.000  -63.000  -27.000 0.0000000000
-1  7.000  -63.000  -27.000 0.0000000000
-1  17.000  -63.000  -28.000 0.0000000000
-1  16.000  -63.000  -28.000 0.0000000000
-1  15.000  -63.000  -28.000 0.0000000000
-1  14.000  -63.000  -28.000 0.0000000000
-1  13.000  -63.000  -28.000 0.0000000000
-1  12.000  -63.000  -28.000 0.0000000000
-1  11.000  -63.000  -28.000 0.0000000000
-1  10.000  -63.000  -28.000 0.0000000000
-1  9.000  -63.000  -28.000 0.0000000000
-1  8.000  -63.000  -28.000 0.0000000000
-1  7.000  -63.000  -28.000 0.0000000000
-1  6.000  -63.000  -28.000 0.0000000000
-1  5.000  -63.000  -28.000 0.0000000000
-1  18.000  -63.000  -29.000 0.0000000000
-1  17.000  -63.000  -29.000 0.0000000000
-1  16.000  -63.000  -29.000 0.0000000000
-1  15.000  -63.000  -29.000 0.0000000000
-1  14.000  -63.000  -29.000 0.0000000000
-1  13.000  -63.000  -29.000 0.0000000000
-1  12.000  -63.000  -29.000 0.0000000000
-1  11.000  -63.000  -29.000 0.0000000000
-1  10.000  -63.000  -29.000 0.0000000000
-1  9.000  -63.000  -29.000 0.0000000000
-1  8.000  -63.000  -29.000 0.0000000000
-1  7.000  -63.000  -29.000 0.0000000000
-1  6.000  -63.000  -29.000 0.0000000000
-1  5.000  -63.000  -29.000 0.0000000000
-1  21.000  -63.000  -30.000 0.0000000000
-1  20.000  -63.000  -30.000 0.0000000000
-1  19.000  -63.000  -30.000 0.0000000000
-1  18.000  -63.000  -30.000 0.0000000000
-1  17.000  -63.000  -30.000 0.0000000000
-1  16.000  -63.000  -30.000 0.0000000000
-1  15.000  -63.000  -30.000 0.0000000000
-1  14.000  -63.000  -30.000 0.0000000000
-1  13.000  -63.000  -30.000 0.0000000000
-1  12.000  -63.000  -30.000 0.0000000000
-1  11.000  -63.000  -30.000 0.0000000000
-1  10.000  -63.000  -30.000 0.0000000000
-1  9.000  -63.000  -30.000 0.0000000000
-1  8.000  -63.000  -30.000 0.0000000000
-1  7.000  -63.000  -30.000 0.0000000000
-1  6.000  -63.000  -30.000 0.0000000000
-1  5.000  -63.000  -30.000 0.0000000000
-1  4.000  -63.000  -30.000 0.0000000000
-1  3.000  -63.000  -30.000 0.0000000000
-1  24.000  -63.000  -31.000 0.0000000000
-1  23.000  -63.000  -31.000 0.0000000000
-1  22.000  -63.000  -31.000 0.0000000000
-1  21.000  -63.000  -31.000 0.0000000000
-1  20.000  -63.000  -31.000 0.0000000000
-1  19.000  -63.000  -31.000 0.0000000000
-1  18.000  -63.000  -31.000 0.0000000000
-1  17.000  -63.000  -31.000 0.0000000000
-1  16.000  -63.000  -31.000 0.0000000000
-1  15.000  -63.000  -31.000 0.0000000000
-1  14.000  -63.000  -31.000 0.0000000000
-1  13.000  -63.000  -31.000 0.0000000000
-1  12.000  -63.000  -31.000 0.0000000000
-1  11.000  -63.000  -31.000 0.0000000000
-1  10.000  -63.000  -31.000 0.0000000000
-1  9.000  -63.000  -31.000 0.0000000000
-1  8.000  -63.000  -31.000 0.0000000000
-1  7.000  -63.000  -31.000 0.0000000000
-1  6.000  -63.000  -31.000 0.0000000000
-1  5.000  -63.000  -31.000 0.0000000000
-1  4.000  -63.000  -31.000 0.0000000000
-1  3.000  -63.000  -31.000 0.0000000000
-1  24.000  -63.000  -32.000 0.0000000000
-1  23.000  -63.000  -32.000 0.0000000000
-1  22.000  -63.000  -32.000 0.0000000000
-1  21.000  -63.000  -32.000 0.0000000000
-1  20.000  -63.000  -32.000 0.0000000000
-1  19.000  -63.000  -32.000 0.0000000000
-1  18.000  -63.000  -32.000 0.0000000000
-1  17.000  -63.000  -32.000 0.0000000000
-1  16.000  -63.000  -32.000 0.0000000000
-1  15.000  -63.000  -32.000 0.0000000000
-1  14.000  -63.000  -32.000 0.0000000000
-1  13.000  -63.000  -32.000 0.0000000000
-1  12.000  -63.000  -32.000 0.0000000000
-1  11.000  -63.000  -32.000 0.0000000000
-1  10.000  -63.000  -32.000 0.0000000000
-1  9.000  -63.000  -32.000 0.0000000000
-1  8.000  -63.000  -32.000 0.0000000000
-1  7.000  -63.000  -32.000 0.0000000000
-1  6.000  -63.000  -32.000 0.0000000000
-1  5.000  -63.000  -32.000 0.0000000000
-1  24.000  -63.000  -33.000 0.0000000000
-1  23.000  -63.000  -33.000 0.0000000000
-1  22.000  -63.000  -33.000 0.0000000000
-1  21.000  -63.000  -33.000 0.0000000000
-1  20.000  -63.000  -33.000 0.0000000000
-1  19.000  -63.000  -33.000 0.0000000000
-1  18.000  -63.000  -33.000 0.0000000000
-1  17.000  -63.000  -33.000 0.0000000000
-1  16.000  -63.000  -33.000 0.0000000000
-1  15.000  -63.000  -33.000 0.0000000000
-1  14.000  -63.000  -33.000 0.0000000000
-1  13.000  -63.000  -33.000 0.0000000000
-1  12.000  -63.000  -33.000 0.0000000000
-1  11.000  -63.000  -33.000 0.0000000000
-1  10.000  -63.000  -33.000 0.0000000000
-1  9.000  -63.000  -33.000 0.0000000000
-1  8.000  -63.000  -33.000 0.0000000000
-1  7.000  -63.000  -33.000 0.0000000000
-1  6.000  -63.000  -33.000 0.0000000000
-1  5.000  -63.000  -33.000 0.0000000000
-1  24.000  -63.000  -34.000 0.0000000000
-1  23.000  -63.000  -34.000 0.0000000000
-1  22.000  -63.000  -34.000 0.0000000000
-1  21.000  -63.000  -34.000 0.0000000000
-1  20.000  -63.000  -34.000 0.0000000000
-1  19.000  -63.000  -34.000 0.0000000000
-1  18.000  -63.000  -34.000 0.0000000000
-1  17.000  -63.000  -34.000 0.0000000000
-1  16.000  -63.000  -34.000 0.0000000000
-1  15.000  -63.000  -34.000 0.0000000000
-1  14.000  -63.000  -34.000 0.0000000000
-1  13.000  -63.000  -34.000 0.0000000000
-1  12.000  -63.000  -34.000 0.0000000000
-1  11.000  -63.000  -34.000 0.0000000000
-1  10.000  -63.000  -34.000 0.0000000000
-1  9.000  -63.000  -34.000 0.0000000000
-1  8.000  -63.000  -34.000 0.0000000000
-1  7.000  -63.000  -34.000 0.0000000000
-1  26.000  -63.000  -35.000 0.0000000000
-1  25.000  -63.000  -35.000 0.0000000000
-1  24.000  -63.000  -35.000 0.0000000000
-1  23.000  -63.000  -35.000 0.0000000000
-1  22.000  -63.000  -35.000 0.0000000000
-1  21.000  -63.000  -35.000 0.0000000000
-1  20.000  -63.000  -35.000 0.0000000000
-1  19.000  -63.000  -35.000 0.0000000000
-1  18.000  -63.000  -35.000 0.0000000000
-1  17.000  -63.000  -35.000 0.0000000000
-1  16.000  -63.000  -35.000 0.0000000000
-1  15.000  -63.000  -35.000 0.0000000000
-1  14.000  -63.000  -35.000 0.0000000000
-1  13.000  -63.000  -35.000 0.0000000000
-1  12.000  -63.000  -35.000 0.0000000000
-1  11.000  -63.000  -35.000 0.0000000000
-1  10.000  -63.000  -35.000 0.0000000000
-1  9.000  -63.000  -35.000 0.0000000000
-1  8.000  -63.000  -35.000 0.0000000000
-1  39.000  -63.000  -36.000 0.0000000000
-1  37.000  -63.000  -36.000 0.0000000000
-1  36.000  -63.000  -36.000 0.0000000000
-1  35.000  -63.000  -36.000 0.0000000000
-1  34.000  -63.000  -36.000 0.0000000000
-1  33.000  -63.000  -36.000 0.0000000000
-1  28.000  -63.000  -36.000 0.0000000000
-1  27.000  -63.000  -36.000 0.0000000000
-1  26.000  -63.000  -36.000 0.0000000000
-1  25.000  -63.000  -36.000 0.0000000000
-1  24.000  -63.000  -36.000 0.0000000000
-1  23.000  -63.000  -36.000 0.0000000000
-1  22.000  -63.000  -36.000 0.0000000000
-1  21.000  -63.000  -36.000 0.0000000000
-1  20.000  -63.000  -36.000 0.0000000000
-1  19.000  -63.000  -36.000 0.0000000000
-1  18.000  -63.000  -36.000 0.0000000000
-1  17.000  -63.000  -36.000 0.0000000000
-1  16.000  -63.000  -36.000 0.0000000000
-1  15.000  -63.000  -36.000 0.0000000000
-1  14.000  -63.000  -36.000 0.0000000000
-1  13.000  -63.000  -36.000 0.0000000000
-1  12.000  -63.000  -36.000 0.0000000000
-1  11.000  -63.000  -36.000 0.0000000000
-1  10.000  -63.000  -36.000 0.0000000000
-1  9.000  -63.000  -36.000 0.0000000000
-1  40.000  -63.000  -37.000 0.0000000000
-1  39.000  -63.000  -37.000 0.0000000000
-1  38.000  -63.000  -37.000 0.0000000000
-1  37.000  -63.000  -37.000 0.0000000000
-1  36.000  -63.000  -37.000 0.0000000000
-1  35.000  -63.000  -37.000 0.0000000000
-1  34.000  -63.000  -37.000 0.0000000000
-1  33.000  -63.000  -37.000 0.0000000000
-1  32.000  -63.000  -37.000 0.0000000000
-1  31.000  -63.000  -37.000 0.0000000000
-1  30.000  -63.000  -37.000 0.0000000000
-1  29.000  -63.000  -37.000 0.0000000000
-1  28.000  -63.000  -37.000 0.0000000000
-1  27.000  -63.000  -37.000 0.0000000000
-1  26.000  -63.000  -37.000 0.0000000000
-1  25.000  -63.000  -37.000 0.0000000000
-1  24.000  -63.000  -37.000 0.0000000000
-1  23.000  -63.000  -37.000 0.0000000000
-1  22.000  -63.000  -37.000 0.0000000000
-1  21.000  -63.000  -37.000 0.0000000000
-1  20.000  -63.000  -37.000 0.0000000000
-1  19.000  -63.000  -37.000 0.0000000000
-1  18.000  -63.000  -37.000 0.0000000000
-1  17.000  -63.000  -37.000 0.0000000000
-1  16.000  -63.000  -37.000 0.0000000000
-1  15.000  -63.000  -37.000 0.0000000000
-1  14.000  -63.000  -37.000 0.0000000000
-1  13.000  -63.000  -37.000 0.0000000000
-1  12.000  -63.000  -37.000 0.0000000000
-1  11.000  -63.000  -37.000 0.0000000000
-1  10.000  -63.000  -37.000 0.0000000000
-1  35.000  -63.000  -38.000 0.0000000000
-1  34.000  -63.000  -38.000 0.0000000000
-1  33.000  -63.000  -38.000 0.0000000000
-1  32.000  -63.000  -38.000 0.0000000000
-1  31.000  -63.000  -38.000 0.0000000000
-1  30.000  -63.000  -38.000 0.0000000000
-1  29.000  -63.000  -38.000 0.0000000000
-1  28.000  -63.000  -38.000 0.0000000000
-1  27.000  -63.000  -38.000 0.0000000000
-1  26.000  -63.000  -38.000 0.0000000000
-1  25.000  -63.000  -38.000 0.0000000000
-1  24.000  -63.000  -38.000 0.0000000000
-1  23.000  -63.000  -38.000 0.0000000000
-1  22.000  -63.000  -38.000 0.0000000000
-1  21.000  -63.000  -38.000 0.0000000000
-1  20.000  -63.000  -38.000 0.0000000000
-1  19.000  -63.000  -38.000 0.0000000000
-1  18.000  -63.000  -38.000 0.0000000000
-1  17.000  -63.000  -38.000 0.0000000000
-1  16.000  -63.000  -38.000 0.0000000000
-1  15.000  -63.000  -38.000 0.0000000000
-1  14.000  -63.000  -38.000 0.0000000000
-1  13.000  -63.000  -38.000 0.0000000000
-1  12.000  -63.000  -38.000 0.0000000000
-1  11.000  -63.000  -38.000 0.0000000000
-1  34.000  -63.000  -39.000 0.0000000000
-1  33.000  -63.000  -39.000 0.0000000000
-1  32.000  -63.000  -39.000 0.0000000000
-1  31.000  -63.000  -39.000 0.0000000000
-1  30.000  -63.000  -39.000 0.0000000000
-1  29.000  -63.000  -39.000 0.0000000000
-1  28.000  -63.000  -39.000 0.0000000000
-1  27.000  -63.000  -39.000 0.0000000000
-1  26.000  -63.000  -39.000 0.0000000000
-1  25.000  -63.000  -39.000 0.0000000000
-1  24.000  -63.000  -39.000 0.0000000000
-1  23.000  -63.000  -39.000 0.0000000000
-1  22.000  -63.000  -39.000 0.0000000000
-1  21.000  -63.000  -39.000 0.0000000000
-1  20.000  -63.000  -39.000 0.0000000000
-1  19.000  -63.000  -39.000 0.0000000000
-1  18.000  -63.000  -39.000 0.0000000000
-1  17.000  -63.000  -39.000 0.0000000000
-1  16.000  -63.000  -39.000 0.0000000000
-1  15.000  -63.000  -39.000 0.0000000000
-1  14.000  -63.000  -39.000 0.0000000000
-1  13.000  -63.000  -39.000 0.0000000000
-1  12.000  -63.000  -39.000 0.0000000000
-1  33.000  -63.000  -40.000 0.0000000000
-1  32.000  -63.000  -40.000 0.0000000000
-1  31.000  -63.000  -40.000 0.0000000000
-1  30.000  -63.000  -40.000 0.0000000000
-1  29.000  -63.000  -40.000 0.0000000000
-1  28.000  -63.000  -40.000 0.0000000000
-1  27.000  -63.000  -40.000 0.0000000000
-1  26.000  -63.000  -40.000 0.0000000000
-1  25.000  -63.000  -40.000 0.0000000000
-1  24.000  -63.000  -40.000 0.0000000000
-1  23.000  -63.000  -40.000 0.0000000000
-1  22.000  -63.000  -40.000 0.0000000000
-1  21.000  -63.000  -40.000 0.0000000000
-1  20.000  -63.000  -40.000 0.0000000000
-1  19.000  -63.000  -40.000 0.0000000000
-1  18.000  -63.000  -40.000 0.0000000000
-1  17.000  -63.000  -40.000 0.0000000000
-1  16.000  -63.000  -40.000 0.0000000000
-1  15.000  -63.000  -40.000 0.0000000000
-1  14.000  -63.000  -40.000 0.0000000000
-1  13.000  -63.000  -40.000 0.0000000000
-1  12.000  -63.000  -40.000 0.0000000000
-1  33.000  -63.000  -41.000 0.0000000000
-1  32.000  -63.000  -41.000 0.0000000000
-1  31.000  -63.000  -41.000 0.0000000000
-1  30.000  -63.000  -41.000 0.0000000000
-1  29.000  -63.000  -41.000 0.0000000000
-1  28.000  -63.000  -41.000 0.0000000000
-1  27.000  -63.000  -41.000 0.0000000000
-1  26.000  -63.000  -41.000 0.0000000000
-1  25.000  -63.000  -41.000 0.0000000000
-1  24.000  -63.000  -41.000 0.0000000000
-1  23.000  -63.000  -41.000 0.0000000000
-1  22.000  -63.000  -41.000 0.0000000000
-1  21.000  -63.000  -41.000 0.0000000000
-1  20.000  -63.000  -41.000 0.0000000000
-1  19.000  -63.000  -41.000 0.0000000000
-1  18.000  -63.000  -41.000 0.0000000000
-1  17.000  -63.000  -41.000 0.0000000000
-1  16.000  -63.000  -41.000 0.0000000000
-1  15.000  -63.000  -41.000 0.0000000000
-1  14.000  -63.000  -41.000 0.0000000000
-1  13.000  -63.000  -41.000 0.0000000000
-1  32.000  -63.000  -42.000 0.0000000000
-1  31.000  -63.000  -42.000 0.0000000000
-1  30.000  -63.000  -42.000 0.0000000000
-1  29.000  -63.000  -42.000 0.0000000000
-1  28.000  -63.000  -42.000 0.0000000000
-1  27.000  -63.000  -42.000 0.0000000000
-1  26.000  -63.000  -42.000 0.0000000000
-1  25.000  -63.000  -42.000 0.0000000000
-1  24.000  -63.000  -42.000 0.0000000000
-1  23.000  -63.000  -42.000 0.0000000000
-1  22.000  -63.000  -42.000 0.0000000000
-1  21.000  -63.000  -42.000 0.0000000000
-1  20.000  -63.000  -42.000 0.0000000000
-1  19.000  -63.000  -42.000 0.0000000000
-1  18.000  -63.000  -42.000 0.0000000000
-1  17.000  -63.000  -42.000 0.0000000000
-1  16.000  -63.000  -42.000 0.0000000000
-1  15.000  -63.000  -42.000 0.0000000000
-1  14.000  -63.000  -42.000 0.0000000000
-1  32.000  -63.000  -43.000 0.0000000000
-1  31.000  -63.000  -43.000 0.0000000000
-1  30.000  -63.000  -43.000 0.0000000000
-1  29.000  -63.000  -43.000 0.0000000000
-1  28.000  -63.000  -43.000 0.0000000000
-1  27.000  -63.000  -43.000 0.0000000000
-1  26.000  -63.000  -43.000 0.0000000000
-1  25.000  -63.000  -43.000 0.0000000000
-1  24.000  -63.000  -43.000 0.0000000000
-1  23.000  -63.000  -43.000 0.0000000000
-1  22.000  -63.000  -43.000 0.0000000000
-1  21.000  -63.000  -43.000 0.0000000000
-1  20.000  -63.000  -43.000 0.0000000000
-1  19.000  -63.000  -43.000 0.0000000000
-1  18.000  -63.000  -43.000 0.0000000000
-1  17.000  -63.000  -43.000 0.0000000000
-1  33.000  -63.000  -44.000 0.0000000000
-1  32.000  -63.000  -44.000 0.0000000000
-1  31.000  -63.000  -44.000 0.0000000000
-1  30.000  -63.000  -44.000 0.0000000000
-1  29.000  -63.000  -44.000 0.0000000000
-1  28.000  -63.000  -44.000 0.0000000000
-1  27.000  -63.000  -44.000 0.0000000000
-1  26.000  -63.000  -44.000 0.0000000000
-1  25.000  -63.000  -44.000 0.0000000000
-1  24.000  -63.000  -44.000 0.0000000000
-1  23.000  -63.000  -44.000 0.0000000000
-1  22.000  -63.000  -44.000 0.0000000000
-1  21.000  -63.000  -44.000 0.0000000000
-1  20.000  -63.000  -44.000 0.0000000000
-1  33.000  -63.000  -45.000 0.0000000000
-1  32.000  -63.000  -45.000 0.0000000000
-1  31.000  -63.000  -45.000 0.0000000000
-1  30.000  -63.000  -45.000 0.0000000000
-1  29.000  -63.000  -45.000 0.0000000000
-1  28.000  -63.000  -45.000 0.0000000000
-1  27.000  -63.000  -45.000 0.0000000000
-1  26.000  -63.000  -45.000 0.0000000000
-1  25.000  -63.000  -45.000 0.0000000000
-1  24.000  -63.000  -45.000 0.0000000000
-1  23.000  -63.000  -45.000 0.0000000000
-1  30.000  -63.000  -46.000 0.0000000000
-1  9.000  -62.000  -25.000 0.0000000000
-1  12.000  -62.000  -26.000 0.0000000000
-1  11.000  -62.000  -26.000 0.0000000000
-1  10.000  -62.000  -26.000 0.0000000000
-1  9.000  -62.000  -26.000 0.0000000000
-1  8.000  -62.000  -26.000 0.0000000000
-1  7.000  -62.000  -26.000 0.0000000000
-1  14.000  -62.000  -27.000 0.0000000000
-1  13.000  -62.000  -27.000 0.0000000000
-1  12.000  -62.000  -27.000 0.0000000000
-1  11.000  -62.000  -27.000 0.0000000000
-1  10.000  -62.000  -27.000 0.0000000000
-1  9.000  -62.000  -27.000 0.0000000000
-1  8.000  -62.000  -27.000 0.0000000000
-1  7.000  -62.000  -27.000 0.0000000000
-1  17.000  -62.000  -28.000 0.0000000000
-1  16.000  -62.000  -28.000 0.0000000000
-1  15.000  -62.000  -28.000 0.0000000000
-1  14.000  -62.000  -28.000 0.0000000000
-1  13.000  -62.000  -28.000 0.0000000000
-1  12.000  -62.000  -28.000 0.0000000000
-1  11.000  -62.000  -28.000 0.0000000000
-1  10.000  -62.000  -28.000 0.0000000000
-1  9.000  -62.000  -28.000 0.0000000000
-1  8.000  -62.000  -28.000 0.0000000000
-1  7.000  -62.000  -28.000 0.0000000000
-1  6.000  -62.000  -28.000 0.0000000000
-1  5.000  -62.000  -28.000 0.0000000000
-1  19.000  -62.000  -29.000 0.0000000000
-1  18.000  -62.000  -29.000 0.0000000000
-1  17.000  -62.000  -29.000 0.0000000000
-1  16.000  -62.000  -29.000 0.0000000000
-1  15.000  -62.000  -29.000 0.0000000000
-1  14.000  -62.000  -29.000 0.0000000000
-1  13.000  -62.000  -29.000 0.0000000000
-1  12.000  -62.000  -29.000 0.0000000000
-1  11.000  -62.000  -29.000 0.0000000000
-1  10.000  -62.000  -29.000 0.0000000000
-1  9.000  -62.000  -29.000 0.0000000000
-1  8.000  -62.000  -29.000 0.0000000000
-1  7.000  -62.000  -29.000 0.0000000000
-1  6.000  -62.000  -29.000 0.0000000000
-1  5.000  -62.000  -29.000 0.0000000000
-1  4.000  -62.000  -29.000 0.0000000000
-1  22.000  -62.000  -30.000 0.0000000000
-1  21.000  -62.000  -30.000 0.0000000000
-1  20.000  -62.000  -30.000 0.0000000000
-1  19.000  -62.000  -30.000 0.0000000000
-1  18.000  -62.000  -30.000 0.0000000000
-1  17.000  -62.000  -30.000 0.0000000000
-1  16.000  -62.000  -30.000 0.0000000000
-1  15.000  -62.000  -30.000 0.0000000000
-1  14.000  -62.000  -30.000 0.0000000000
-1  13.000  -62.000  -30.000 0.0000000000
-1  12.000  -62.000  -30.000 0.0000000000
-1  11.000  -62.000  -30.000 0.0000000000
-1  10.000  -62.000  -30.000 0.0000000000
-1  9.000  -62.000  -30.000 0.0000000000
-1  8.000  -62.000  -30.000 0.0000000000
-1  7.000  -62.000  -30.000 0.0000000000
-1  6.000  -62.000  -30.000 0.0000000000
-1  5.000  -62.000  -30.000 0.0000000000
-1  4.000  -62.000  -30.000 0.0000000000
-1  3.000  -62.000  -30.000 0.0000000000
-1  23.000  -62.000  -31.000 0.0000000000
-1  22.000  -62.000  -31.000 0.0000000000
-1  21.000  -62.000  -31.000 0.0000000000
-1  20.000  -62.000  -31.000 0.0000000000
-1  19.000  -62.000  -31.000 0.0000000000
-1  18.000  -62.000  -31.000 0.0000000000
-1  17.000  -62.000  -31.000 0.0000000000
-1  16.000  -62.000  -31.000 0.0000000000
-1  15.000  -62.000  -31.000 0.0000000000
-1  14.000  -62.000  -31.000 0.0000000000
-1  13.000  -62.000  -31.000 0.0000000000
-1  12.000  -62.000  -31.000 0.0000000000
-1  11.000  -62.000  -31.000 0.0000000000
-1  10.000  -62.000  -31.000 0.0000000000
-1  9.000  -62.000  -31.000 0.0000000000
-1  8.000  -62.000  -31.000 0.0000000000
-1  7.000  -62.000  -31.000 0.0000000000
-1  6.000  -62.000  -31.000 0.0000000000
-1  5.000  -62.000  -31.000 0.0000000000
-1  4.000  -62.000  -31.000 0.0000000000
-1  3.000  -62.000  -31.000 0.0000000000
-1  24.000  -62.000  -32.000 0.0000000000
-1  23.000  -62.000  -32.000 0.0000000000
-1  22.000  -62.000  -32.000 0.0000000000
-1  21.000  -62.000  -32.000 0.0000000000
-1  20.000  -62.000  -32.000 0.0000000000
-1  19.000  -62.000  -32.000 0.0000000000
-1  18.000  -62.000  -32.000 0.0000000000
-1  17.000  -62.000  -32.000 0.0000000000
-1  16.000  -62.000  -32.000 0.0000000000
-1  15.000  -62.000  -32.000 0.0000000000
-1  14.000  -62.000  -32.000 0.0000000000
-1  13.000  -62.000  -32.000 0.0000000000
-1  12.000  -62.000  -32.000 0.0000000000
-1  11.000  -62.000  -32.000 0.0000000000
-1  10.000  -62.000  -32.000 0.0000000000
-1  9.000  -62.000  -32.000 0.0000000000
-1  8.000  -62.000  -32.000 0.0000000000
-1  7.000  -62.000  -32.000 0.0000000000
-1  6.000  -62.000  -32.000 0.0000000000
-1  5.000  -62.000  -32.000 0.0000000000
-1  4.000  -62.000  -32.000 0.0000000000
-1  24.000  -62.000  -33.000 0.0000000000
-1  23.000  -62.000  -33.000 0.0000000000
-1  22.000  -62.000  -33.000 0.0000000000
-1  21.000  -62.000  -33.000 0.0000000000
-1  20.000  -62.000  -33.000 0.0000000000
-1  19.000  -62.000  -33.000 0.0000000000
-1  18.000  -62.000  -33.000 0.0000000000
-1  17.000  -62.000  -33.000 0.0000000000
-1  16.000  -62.000  -33.000 0.0000000000
-1  15.000  -62.000  -33.000 0.0000000000
-1  14.000  -62.000  -33.000 0.0000000000
-1  13.000  -62.000  -33.000 0.0000000000
-1  12.000  -62.000  -33.000 0.0000000000
-1  11.000  -62.000  -33.000 0.0000000000
-1  10.000  -62.000  -33.000 0.0000000000
-1  9.000  -62.000  -33.000 0.0000000000
-1  8.000  -62.000  -33.000 0.0000000000
-1  7.000  -62.000  -33.000 0.0000000000
-1  6.000  -62.000  -33.000 0.0000000000
-1  25.000  -62.000  -34.000 0.0000000000
-1  24.000  -62.000  -34.000 0.0000000000
-1  23.000  -62.000  -34.000 0.0000000000
-1  22.000  -62.000  -34.000 0.0000000000
-1  21.000  -62.000  -34.000 0.0000000000
-1  20.000  -62.000  -34.000 0.0000000000
-1  19.000  -62.000  -34.000 0.0000000000
-1  18.000  -62.000  -34.000 0.0000000000
-1  17.000  -62.000  -34.000 0.0000000000
-1  16.000  -62.000  -34.000 0.0000000000
-1  15.000  -62.000  -34.000 0.0000000000
-1  14.000  -62.000  -34.000 0.0000000000
-1  13.000  -62.000  -34.000 0.0000000000
-1  12.000  -62.000  -34.000 0.0000000000
-1  11.000  -62.000  -34.000 0.0000000000
-1  10.000  -62.000  -34.000 0.0000000000
-1  9.000  -62.000  -34.000 0.0000000000
-1  8.000  -62.000  -34.000 0.0000000000
-1  7.000  -62.000  -34.000 0.0000000000
-1  26.000  -62.000  -35.000 0.0000000000
-1  25.000  -62.000  -35.000 0.0000000000
-1  24.000  -62.000  -35.000 0.0000000000
-1  23.000  -62.000  -35.000 0.0000000000
-1  22.000  -62.000  -35.000 0.0000000000
-1  21.000  -62.000  -35.000 0.0000000000
-1  20.000  -62.000  -35.000 0.0000000000
-1  19.000  -62.000  -35.000 0.0000000000
-1  18.000  -62.000  -35.000 0.0000000000
-1  17.000  -62.000  -35.000 0.0000000000
-1  16.000  -62.000  -35.000 0.0000000000
-1  15.000  -62.000  -35.000 0.0000000000
-1  14.000  -62.000  -35.000 0.0000000000
-1  13.000  -62.000  -35.000 0.0000000000
-1  12.000  -62.000  -35.000 0.0000000000
-1  11.000  -62.000  -35.000 0.0000000000
-1  10.000  -62.000  -35.000 0.0000000000
-1  9.000  -62.000  -35.000 0.0000000000
-1  8.000  -62.000  -35.000 0.0000000000
-1  40.000  -62.000  -36.000 0.0000000000
-1  39.000  -62.000  -36.000 0.0000000000
-1  38.000  -62.000  -36.000 0.0000000000
-1  37.000  -62.000  -36.000 0.0000000000
-1  36.000  -62.000  -36.000 0.0000000000
-1  35.000  -62.000  -36.000 0.0000000000
-1  34.000  -62.000  -36.000 0.0000000000
-1  33.000  -62.000  -36.000 0.0000000000
-1  29.000  -62.000  -36.000 0.0000000000
-1  28.000  -62.000  -36.000 0.0000000000
-1  27.000  -62.000  -36.000 0.0000000000
-1  26.000  -62.000  -36.000 0.0000000000
-1  25.000  -62.000  -36.000 0.0000000000
-1  24.000  -62.000  -36.000 0.0000000000
-1  23.000  -62.000  -36.000 0.0000000000
-1  22.000  -62.000  -36.000 0.0000000000
-1  21.000  -62.000  -36.000 0.0000000000
-1  20.000  -62.000  -36.000 0.0000000000
-1  19.000  -62.000  -36.000 0.0000000000
-1  18.000  -62.000  -36.000 0.0000000000
-1  17.000  -62.000  -36.000 0.0000000000
-1  16.000  -62.000  -36.000 0.0000000000
-1  15.000  -62.000  -36.000 0.0000000000
-1  14.000  -62.000  -36.000 0.0000000000
-1  13.000  -62.000  -36.000 0.0000000000
-1  12.000  -62.000  -36.000 0.0000000000
-1  11.000  -62.000  -36.000 0.0000000000
-1  10.000  -62.000  -36.000 0.0000000000
-1  9.000  -62.000  -36.000 0.0000000000
-1  40.000  -62.000  -37.000 0.0000000000
-1  39.000  -62.000  -37.000 0.0000000000
-1  38.000  -62.000  -37.000 0.0000000000
-1  37.000  -62.000  -37.000 0.0000000000
-1  36.000  -62.000  -37.000 0.0000000000
-1  35.000  -62.000  -37.000 0.0000000000
-1  34.000  -62.000  -37.000 0.0000000000
-1  33.000  -62.000  -37.000 0.0000000000
-1  32.000  -62.000  -37.000 0.0000000000
-1  31.000  -62.000  -37.000 0.0000000000
-1  30.000  -62.000  -37.000 0.0000000000
-1  29.000  -62.000  -37.000 0.0000000000
-1  28.000  -62.000  -37.000 0.0000000000
-1  27.000  -62.000  -37.000 0.0000000000
-1  26.000  -62.000  -37.000 0.0000000000
-1  25.000  -62.000  -37.000 0.0000000000
-1  24.000  -62.000  -37.000 0.0000000000
-1  23.000  -62.000  -37.000 0.0000000000
-1  22.000  -62.000  -37.000 0.0000000000
-1  21.000  -62.000  -37.000 0.0000000000
-1  20.000  -62.000  -37.000 0.0000000000
-1  19.000  -62.000  -37.000 0.0000000000
-1  18.000  -62.000  -37.000 0.0000000000
-1  17.000  -62.000  -37.000 0.0000000000
-1  16.000  -62.000  -37.000 0.0000000000
-1  15.000  -62.000  -37.000 0.0000000000
-1  14.000  -62.000  -37.000 0.0000000000
-1  13.000  -62.000  -37.000 0.0000000000
-1  12.000  -62.000  -37.000 0.0000000000
-1  38.000  -62.000  -38.000 0.0000000000
-1  37.000  -62.000  -38.000 0.0000000000
-1  36.000  -62.000  -38.000 0.0000000000
-1  35.000  -62.000  -38.000 0.0000000000
-1  34.000  -62.000  -38.000 0.0000000000
-1  33.000  -62.000  -38.000 0.0000000000
-1  32.000  -62.000  -38.000 0.0000000000
-1  31.000  -62.000  -38.000 0.0000000000
-1  30.000  -62.000  -38.000 0.0000000000
-1  29.000  -62.000  -38.000 0.0000000000
-1  28.000  -62.000  -38.000 0.0000000000
-1  27.000  -62.000  -38.000 0.0000000000
-1  26.000  -62.000  -38.000 0.0000000000
-1  25.000  -62.000  -38.000 0.0000000000
-1  24.000  -62.000  -38.000 0.0000000000
-1  23.000  -62.000  -38.000 0.0000000000
-1  22.000  -62.000  -38.000 0.0000000000
-1  21.000  -62.000  -38.000 0.0000000000
-1  20.000  -62.000  -38.000 0.0000000000
-1  19.000  -62.000  -38.000 0.0000000000
-1  18.000  -62.000  -38.000 0.0000000000
-1  17.000  -62.000  -38.000 0.0000000000
-1  16.000  -62.000  -38.000 0.0000000000
-1  15.000  -62.000  -38.000 0.0000000000
-1  14.000  -62.000  -38.000 0.0000000000
-1  13.000  -62.000  -38.000 0.0000000000
-1  12.000  -62.000  -38.000 0.0000000000
-1  36.000  -62.000  -39.000 0.0000000000
-1  35.000  -62.000  -39.000 0.0000000000
-1  34.000  -62.000  -39.000 0.0000000000
-1  33.000  -62.000  -39.000 0.0000000000
-1  32.000  -62.000  -39.000 0.0000000000
-1  31.000  -62.000  -39.000 0.0000000000
-1  30.000  -62.000  -39.000 0.0000000000
-1  29.000  -62.000  -39.000 0.0000000000
-1  28.000  -62.000  -39.000 0.0000000000
-1  27.000  -62.000  -39.000 0.0000000000
-1  26.000  -62.000  -39.000 0.0000000000
-1  25.000  -62.000  -39.000 0.0000000000
-1  24.000  -62.000  -39.000 0.0000000000
-1  23.000  -62.000  -39.000 0.0000000000
-1  22.000  -62.000  -39.000 0.0000000000
-1  21.000  -62.000  -39.000 0.0000000000
-1  20.000  -62.000  -39.000 0.0000000000
-1  19.000  -62.000  -39.000 0.0000000000
-1  18.000  -62.000  -39.000 0.0000000000
-1  17.000  -62.000  -39.000 0.0000000000
-1  16.000  -62.000  -39.000 0.0000000000
-1  15.000  -62.000  -39.000 0.0000000000
-1  14.000  -62.000  -39.000 0.0000000000
-1  13.000  -62.000  -39.000 0.0000000000
-1  12.000  -62.000  -39.000 0.0000000000
-1  34.000  -62.000  -40.000 0.0000000000
-1  33.000  -62.000  -40.000 0.0000000000
-1  32.000  -62.000  -40.000 0.0000000000
-1  31.000  -62.000  -40.000 0.0000000000
-1  30.000  -62.000  -40.000 0.0000000000
-1  29.000  -62.000  -40.000 0.0000000000
-1  28.000  -62.000  -40.000 0.0000000000
-1  27.000  -62.000  -40.000 0.0000000000
-1  26.000  -62.000  -40.000 0.0000000000
-1  25.000  -62.000  -40.000 0.0000000000
-1  24.000  -62.000  -40.000 0.0000000000
-1  23.000  -62.000  -40.000 0.0000000000
-1  22.000  -62.000  -40.000 0.0000000000
-1  21.000  -62.000  -40.000 0.0000000000
-1  20.000  -62.000  -40.000 0.0000000000
-1  19.000  -62.000  -40.000 0.0000000000
-1  18.000  -62.000  -40.000 0.0000000000
-1  17.000  -62.000  -40.000 0.0000000000
-1  16.000  -62.000  -40.000 0.0000000000
-1  15.000  -62.000  -40.000 0.0000000000
-1  14.000  -62.000  -40.000 0.0000000000
-1  13.000  -62.000  -40.000 0.0000000000
-1  12.000  -62.000  -40.000 0.0000000000
-1  34.000  -62.000  -41.000 0.0000000000
-1  33.000  -62.000  -41.000 0.0000000000
-1  32.000  -62.000  -41.000 0.0000000000
-1  31.000  -62.000  -41.000 0.0000000000
-1  30.000  -62.000  -41.000 0.0000000000
-1  29.000  -62.000  -41.000 0.0000000000
-1  28.000  -62.000  -41.000 0.0000000000
-1  27.000  -62.000  -41.000 0.0000000000
-1  26.000  -62.000  -41.000 0.0000000000
-1  25.000  -62.000  -41.000 0.0000000000
-1  24.000  -62.000  -41.000 0.0000000000
-1  23.000  -62.000  -41.000 0.0000000000
-1  22.000  -62.000  -41.000 0.0000000000
-1  21.000  -62.000  -41.000 0.0000000000
-1  20.000  -62.000  -41.000 0.0000000000
-1  19.000  -62.000  -41.000 0.0000000000
-1  18.000  -62.000  -41.000 0.0000000000
-1  17.000  -62.000  -41.000 0.0000000000
-1  16.000  -62.000  -41.000 0.0000000000
-1  15.000  -62.000  -41.000 0.0000000000
-1  14.000  -62.000  -41.000 0.0000000000
-1  13.000  -62.000  -41.000 0.0000000000
-1  12.000  -62.000  -41.000 0.0000000000
-1  33.000  -62.000  -42.000 0.0000000000
-1  32.000  -62.000  -42.000 0.0000000000
-1  31.000  -62.000  -42.000 0.0000000000
-1  30.000  -62.000  -42.000 0.0000000000
-1  29.000  -62.000  -42.000 0.0000000000
-1  28.000  -62.000  -42.000 0.0000000000
-1  27.000  -62.000  -42.000 0.0000000000
-1  26.000  -62.000  -42.000 0.0000000000
-1  25.000  -62.000  -42.000 0.0000000000
-1  24.000  -62.000  -42.000 0.0000000000
-1  23.000  -62.000  -42.000 0.0000000000
-1  22.000  -62.000  -42.000 0.0000000000
-1  21.000  -62.000  -42.000 0.0000000000
-1  20.000  -62.000  -42.000 0.0000000000
-1  19.000  -62.000  -42.000 0.0000000000
-1  18.000  -62.000  -42.000 0.0000000000
-1  17.000  -62.000  -42.000 0.0000000000
-1  16.000  -62.000  -42.000 0.0000000000
-1  15.000  -62.000  -42.000 0.0000000000
-1  14.000  -62.000  -42.000 0.0000000000
-1  32.000  -62.000  -43.000 0.0000000000
-1  31.000  -62.000  -43.000 0.0000000000
-1  30.000  -62.000  -43.000 0.0000000000
-1  29.000  -62.000  -43.000 0.0000000000
-1  28.000  -62.000  -43.000 0.0000000000
-1  27.000  -62.000  -43.000 0.0000000000
-1  26.000  -62.000  -43.000 0.0000000000
-1  25.000  -62.000  -43.000 0.0000000000
-1  24.000  -62.000  -43.000 0.0000000000
-1  23.000  -62.000  -43.000 0.0000000000
-1  22.000  -62.000  -43.000 0.0000000000
-1  21.000  -62.000  -43.000 0.0000000000
-1  20.000  -62.000  -43.000 0.0000000000
-1  19.000  -62.000  -43.000 0.0000000000
-1  18.000  -62.000  -43.000 0.0000000000
-1  17.000  -62.000  -43.000 0.0000000000
-1  16.000  -62.000  -43.000 0.0000000000
-1  33.000  -62.000  -44.000 0.0000000000
-1  32.000  -62.000  -44.000 0.0000000000
-1  31.000  -62.000  -44.000 0.0000000000
-1  30.000  -62.000  -44.000 0.0000000000
-1  29.000  -62.000  -44.000 0.0000000000
-1  28.000  -62.000  -44.000 0.0000000000
-1  27.000  -62.000  -44.000 0.0000000000
-1  26.000  -62.000  -44.000 0.0000000000
-1  25.000  -62.000  -44.000 0.0000000000
-1  24.000  -62.000  -44.000 0.0000000000
-1  23.000  -62.000  -44.000 0.0000000000
-1  22.000  -62.000  -44.000 0.0000000000
-1  21.000  -62.000  -44.000 0.0000000000
-1  20.000  -62.000  -44.000 0.0000000000
-1  19.000  -62.000  -44.000 0.0000000000
-1  33.000  -62.000  -45.000 0.0000000000
-1  32.000  -62.000  -45.000 0.0000000000
-1  31.000  -62.000  -45.000 0.0000000000
-1  30.000  -62.000  -45.000 0.0000000000
-1  29.000  -62.000  -45.000 0.0000000000
-1  28.000  -62.000  -45.000 0.0000000000
-1  27.000  -62.000  -45.000 0.0000000000
-1  26.000  -62.000  -45.000 0.0000000000
-1  25.000  -62.000  -45.000 0.0000000000
-1  24.000  -62.000  -45.000 0.0000000000
-1  23.000  -62.000  -45.000 0.0000000000
-1  22.000  -62.000  -45.000 0.0000000000
-1  32.000  -62.000  -46.000 0.0000000000
-1  31.000  -62.000  -46.000 0.0000000000
-1  27.000  -62.000  -46.000 0.0000000000
-1  26.000  -62.000  -46.000 0.0000000000
-1  7.000  -61.000  -22.000 0.0000000000
-1  7.000  -61.000  -23.000 0.0000000000
-1  8.000  -61.000  -24.000 0.0000000000
-1  7.000  -61.000  -24.000 0.0000000000
-1  6.000  -61.000  -24.000 0.0000000000
-1  10.000  -61.000  -25.000 0.0000000000
-1  9.000  -61.000  -25.000 0.0000000000
-1  8.000  -61.000  -25.000 0.0000000000
-1  7.000  -61.000  -25.000 0.0000000000
-1  13.000  -61.000  -26.000 0.0000000000
-1  12.000  -61.000  -26.000 0.0000000000
-1  11.000  -61.000  -26.000 0.0000000000
-1  10.000  -61.000  -26.000 0.0000000000
-1  9.000  -61.000  -26.000 0.0000000000
-1  8.000  -61.000  -26.000 0.0000000000
-1  7.000  -61.000  -26.000 0.0000000000
-1  6.000  -61.000  -26.000 0.0000000000
-1  15.000  -61.000  -27.000 0.0000000000
-1  14.000  -61.000  -27.000 0.0000000000
-1  13.000  -61.000  -27.000 0.0000000000
-1  12.000  -61.000  -27.000 0.0000000000
-1  11.000  -61.000  -27.000 0.0000000000
-1  10.000  -61.000  -27.000 0.0000000000
-1  9.000  -61.000  -27.000 0.0000000000
-1  8.000  -61.000  -27.000 0.0000000000
-1  7.000  -61.000  -27.000 0.0000000000
-1  6.000  -61.000  -27.000 0.0000000000
-1  5.000  -61.000  -27.000 0.0000000000
-1  17.000  -61.000  -28.000 0.0000000000
-1  16.000  -61.000  -28.000 0.0000000000
-1  15.000  -61.000  -28.000 0.0000000000
-1  14.000  -61.000  -28.000 0.0000000000
-1  13.000  -61.000  -28.000 0.0000000000
-1  12.000  -61.000  -28.000 0.0000000000
-1  11.000  -61.000  -28.000 0.0000000000
-1  10.000  -61.000  -28.000 0.0000000000
-1  9.000  -61.000  -28.000 0.0000000000
-1  8.000  -61.000  -28.000 0.0000000000
-1  7.000  -61.000  -28.000 0.0000000000
-1  6.000  -61.000  -28.000 0.0000000000
-1  5.000  -61.000  -28.000 0.0000000000
-1  4.000  -61.000  -28.000 0.0000000000
-1  19.000  -61.000  -29.000 0.0000000000
-1  18.000  -61.000  -29.000 0.0000000000
-1  17.000  -61.000  -29.000 0.0000000000
-1  16.000  -61.000  -29.000 0.0000000000
-1  15.000  -61.000  -29.000 0.0000000000
-1  14.000  -61.000  -29.000 0.0000000000
-1  13.000  -61.000  -29.000 0.0000000000
-1  12.000  -61.000  -29.000 0.0000000000
-1  11.000  -61.000  -29.000 0.0000000000
-1  10.000  -61.000  -29.000 0.0000000000
-1  9.000  -61.000  -29.000 0.0000000000
-1  8.000  -61.000  -29.000 0.0000000000
-1  7.000  -61.000  -29.000 0.0000000000
-1  6.000  -61.000  -29.000 0.0000000000
-1  5.000  -61.000  -29.000 0.0000000000
-1  4.000  -61.000  -29.000 0.0000000000
-1  22.000  -61.000  -30.000 0.0000000000
-1  21.000  -61.000  -30.000 0.0000000000
-1  20.000  -61.000  -30.000 0.0000000000
-1  19.000  -61.000  -30.000 0.0000000000
-1  18.000  -61.000  -30.000 0.0000000000
-1  17.000  -61.000  -30.000 0.0000000000
-1  16.000  -61.000  -30.000 0.0000000000
-1  15.000  -61.000  -30.000 0.0000000000
-1  14.000  -61.000  -30.000 0.0000000000
-1  13.000  -61.000  -30.000 0.0000000000
-1  12.000  -61.000  -30.000 0.0000000000
-1  11.000  -61.000  -30.000 0.0000000000
-1  10.000  -61.000  -30.000 0.0000000000
-1  9.000  -61.000  -30.000 0.0000000000
-1  8.000  -61.000  -30.000 0.0000000000
-1  7.000  -61.000  -30.000 0.0000000000
-1  6.000  -61.000  -30.000 0.0000000000
-1  5.000  -61.000  -30.000 0.0000000000
-1  4.000  -61.000  -30.000 0.0000000000
-1  3.000  -61.000  -30.000 0.0000000000
-1  24.000  -61.000  -31.000 0.0000000000
-1  23.000  -61.000  -31.000 0.0000000000
-1  22.000  -61.000  -31.000 0.0000000000
-1  21.000  -61.000  -31.000 0.0000000000
-1  20.000  -61.000  -31.000 0.0000000000
-1  19.000  -61.000  -31.000 0.0000000000
-1  18.000  -61.000  -31.000 0.0000000000
-1  17.000  -61.000  -31.000 0.0000000000
-1  16.000  -61.000  -31.000 0.0000000000
-1  15.000  -61.000  -31.000 0.0000000000
-1  14.000  -61.000  -31.000 0.0000000000
-1  13.000  -61.000  -31.000 0.0000000000
-1  12.000  -61.000  -31.000 0.0000000000
-1  11.000  -61.000  -31.000 0.0000000000
-1  10.000  -61.000  -31.000 0.0000000000
-1  9.000  -61.000  -31.000 0.0000000000
-1  8.000  -61.000  -31.000 0.0000000000
-1  7.000  -61.000  -31.000 0.0000000000
-1  6.000  -61.000  -31.000 0.0000000000
-1  5.000  -61.000  -31.000 0.0000000000
-1  4.000  -61.000  -31.000 0.0000000000
-1  3.000  -61.000  -31.000 0.0000000000
-1  25.000  -61.000  -32.000 0.0000000000
-1  24.000  -61.000  -32.000 0.0000000000
-1  23.000  -61.000  -32.000 0.0000000000
-1  22.000  -61.000  -32.000 0.0000000000
-1  21.000  -61.000  -32.000 0.0000000000
-1  20.000  -61.000  -32.000 0.0000000000
-1  19.000  -61.000  -32.000 0.0000000000
-1  18.000  -61.000  -32.000 0.0000000000
-1  17.000  -61.000  -32.000 0.0000000000
-1  16.000  -61.000  -32.000 0.0000000000
-1  15.000  -61.000  -32.000 0.0000000000
-1  14.000  -61.000  -32.000 0.0000000000
-1  13.000  -61.000  -32.000 0.0000000000
-1  12.000  -61.000  -32.000 0.0000000000
-1  11.000  -61.000  -32.000 0.0000000000
-1  10.000  -61.000  -32.000 0.0000000000
-1  9.000  -61.000  -32.000 0.0000000000
-1  8.000  -61.000  -32.000 0.0000000000
-1  7.000  -61.000  -32.000 0.0000000000
-1  6.000  -61.000  -32.000 0.0000000000
-1  5.000  -61.000  -32.000 0.0000000000
-1  4.000  -61.000  -32.000 0.0000000000
-1  26.000  -61.000  -33.000 0.0000000000
-1  25.000  -61.000  -33.000 0.0000000000
-1  24.000  -61.000  -33.000 0.0000000000
-1  23.000  -61.000  -33.000 0.0000000000
-1  22.000  -61.000  -33.000 0.0000000000
-1  21.000  -61.000  -33.000 0.0000000000
-1  20.000  -61.000  -33.000 0.0000000000
-1  19.000  -61.000  -33.000 0.0000000000
-1  18.000  -61.000  -33.000 0.0000000000
-1  17.000  -61.000  -33.000 0.0000000000
-1  16.000  -61.000  -33.000 0.0000000000
-1  15.000  -61.000  -33.000 0.0000000000
-1  14.000  -61.000  -33.000 0.0000000000
-1  13.000  -61.000  -33.000 0.0000000000
-1  12.000  -61.000  -33.000 0.0000000000
-1  11.000  -61.000  -33.000 0.0000000000
-1  10.000  -61.000  -33.000 0.0000000000
-1  9.000  -61.000  -33.000 0.0000000000
-1  8.000  -61.000  -33.000 0.0000000000
-1  7.000  -61.000  -33.000 0.0000000000
-1  6.000  -61.000  -33.000 0.0000000000
-1  5.000  -61.000  -33.000 0.0000000000
-1  26.000  -61.000  -34.000 0.0000000000
-1  25.000  -61.000  -34.000 0.0000000000
-1  24.000  -61.000  -34.000 0.0000000000
-1  23.000  -61.000  -34.000 0.0000000000
-1  22.000  -61.000  -34.000 0.0000000000
-1  21.000  -61.000  -34.000 0.0000000000
-1  20.000  -61.000  -34.000 0.0000000000
-1  19.000  -61.000  -34.000 0.0000000000
-1  18.000  -61.000  -34.000 0.0000000000
-1  17.000  -61.000  -34.000 0.0000000000
-1  16.000  -61.000  -34.000 0.0000000000
-1  15.000  -61.000  -34.000 0.0000000000
-1  14.000  -61.000  -34.000 0.0000000000
-1  13.000  -61.000  -34.000 0.0000000000
-1  12.000  -61.000  -34.000 0.0000000000
-1  11.000  -61.000  -34.000 0.0000000000
-1  10.000  -61.000  -34.000 0.0000000000
-1  9.000  -61.000  -34.000 0.0000000000
-1  8.000  -61.000  -34.000 0.0000000000
-1  7.000  -61.000  -34.000 0.0000000000
-1  6.000  -61.000  -34.000 0.0000000000
-1  27.000  -61.000  -35.000 0.0000000000
-1  26.000  -61.000  -35.000 0.0000000000
-1  25.000  -61.000  -35.000 0.0000000000
-1  24.000  -61.000  -35.000 0.0000000000
-1  23.000  -61.000  -35.000 0.0000000000
-1  22.000  -61.000  -35.000 0.0000000000
-1  21.000  -61.000  -35.000 0.0000000000
-1  20.000  -61.000  -35.000 0.0000000000
-1  19.000  -61.000  -35.000 0.0000000000
-1  18.000  -61.000  -35.000 0.0000000000
-1  17.000  -61.000  -35.000 0.0000000000
-1  16.000  -61.000  -35.000 0.0000000000
-1  15.000  -61.000  -35.000 0.0000000000
-1  14.000  -61.000  -35.000 0.0000000000
-1  13.000  -61.000  -35.000 0.0000000000
-1  12.000  -61.000  -35.000 0.0000000000
-1  11.000  -61.000  -35.000 0.0000000000
-1  10.000  -61.000  -35.000 0.0000000000
-1  9.000  -61.000  -35.000 0.0000000000
-1  8.000  -61.000  -35.000 0.0000000000
-1  36.000  -61.000  -36.000 0.0000000000
-1  29.000  -61.000  -36.000 0.0000000000
-1  28.000  -61.000  -36.000 0.0000000000
-1  27.000  -61.000  -36.000 0.0000000000
-1  26.000  -61.000  -36.000 0.0000000000
-1  25.000  -61.000  -36.000 0.0000000000
-1  24.000  -61.000  -36.000 0.0000000000
-1  23.000  -61.000  -36.000 0.0000000000
-1  22.000  -61.000  -36.000 0.0000000000
-1  21.000  -61.000  -36.000 0.0000000000
-1  20.000  -61.000  -36.000 0.0000000000
-1  19.000  -61.000  -36.000 0.0000000000
-1  18.000  -61.000  -36.000 0.0000000000
-1  17.000  -61.000  -36.000 0.0000000000
-1  16.000  -61.000  -36.000 0.0000000000
-1  15.000  -61.000  -36.000 0.0000000000
-1  14.000  -61.000  -36.000 0.0000000000
-1  13.000  -61.000  -36.000 0.0000000000
-1  12.000  -61.000  -36.000 0.0000000000
-1  40.000  -61.000  -37.000 0.0000000000
-1  39.000  -61.000  -37.000 0.0000000000
-1  38.000  -61.000  -37.000 0.0000000000
-1  37.000  -61.000  -37.000 0.0000000000
-1  36.000  -61.000  -37.000 0.0000000000
-1  35.000  -61.000  -37.000 0.0000000000
-1  34.000  -61.000  -37.000 0.0000000000
-1  33.000  -61.000  -37.000 0.0000000000
-1  32.000  -61.000  -37.000 0.0000000000
-1  31.000  -61.000  -37.000 0.0000000000
-1  30.000  -61.000  -37.000 0.0000000000
-1  29.000  -61.000  -37.000 0.0000000000
-1  28.000  -61.000  -37.000 0.0000000000
-1  27.000  -61.000  -37.000 0.0000000000
-1  26.000  -61.000  -37.000 0.0000000000
-1  25.000  -61.000  -37.000 0.0000000000
-1  24.000  -61.000  -37.000 0.0000000000
-1  23.000  -61.000  -37.000 0.0000000000
-1  22.000  -61.000  -37.000 0.0000000000
-1  21.000  -61.000  -37.000 0.0000000000
-1  20.000  -61.000  -37.000 0.0000000000
-1  19.000  -61.000  -37.000 0.0000000000
-1  18.000  -61.000  -37.000 0.0000000000
-1  17.000  -61.000  -37.000 0.0000000000
-1  16.000  -61.000  -37.000 0.0000000000
-1  15.000  -61.000  -37.000 0.0000000000
-1  14.000  -61.000  -37.000 0.0000000000
-1  13.000  -61.000  -37.000 0.0000000000
-1  12.000  -61.000  -37.000 0.0000000000
-1  39.000  -61.000  -38.000 0.0000000000
-1  38.000  -61.000  -38.000 0.0000000000
-1  37.000  -61.000  -38.000 0.0000000000
-1  36.000  -61.000  -38.000 0.0000000000
-1  35.000  -61.000  -38.000 0.0000000000
-1  34.000  -61.000  -38.000 0.0000000000
-1  33.000  -61.000  -38.000 0.0000000000
-1  32.000  -61.000  -38.000 0.0000000000
-1  31.000  -61.000  -38.000 0.0000000000
-1  30.000  -61.000  -38.000 0.0000000000
-1  29.000  -61.000  -38.000 0.0000000000
-1  28.000  -61.000  -38.000 0.0000000000
-1  27.000  -61.000  -38.000 0.0000000000
-1  26.000  -61.000  -38.000 0.0000000000
-1  25.000  -61.000  -38.000 0.0000000000
-1  24.000  -61.000  -38.000 0.0000000000
-1  23.000  -61.000  -38.000 0.0000000000
-1  22.000  -61.000  -38.000 0.0000000000
-1  21.000  -61.000  -38.000 0.0000000000
-1  20.000  -61.000  -38.000 0.0000000000
-1  19.000  -61.000  -38.000 0.0000000000
-1  18.000  -61.000  -38.000 0.0000000000
-1  17.000  -61.000  -38.000 0.0000000000
-1  16.000  -61.000  -38.000 0.0000000000
-1  15.000  -61.000  -38.000 0.0000000000
-1  14.000  -61.000  -38.000 0.0000000000
-1  13.000  -61.000  -38.000 0.0000000000
-1  12.000  -61.000  -38.000 0.0000000000
-1  38.000  -61.000  -39.000 0.0000000000
-1  37.000  -61.000  -39.000 0.0000000000
-1  36.000  -61.000  -39.000 0.0000000000
-1  35.000  -61.000  -39.000 0.0000000000
-1  34.000  -61.000  -39.000 0.0000000000
-1  33.000  -61.000  -39.000 0.0000000000
-1  32.000  -61.000  -39.000 0.0000000000
-1  31.000  -61.000  -39.000 0.0000000000
-1  30.000  -61.000  -39.000 0.0000000000
-1  29.000  -61.000  -39.000 0.0000000000
-1  28.000  -61.000  -39.000 0.0000000000
-1  27.000  -61.000  -39.000 0.0000000000
-1  26.000  -61.000  -39.000 0.0000000000
-1  25.000  -61.000  -39.000 0.0000000000
-1  24.000  -61.000  -39.000 0.0000000000
-1  23.000  -61.000  -39.000 0.0000000000
-1  22.000  -61.000  -39.000 0.0000000000
-1  21.000  -61.000  -39.000 0.0000000000
-1  20.000  -61.000  -39.000 0.0000000000
-1  19.000  -61.000  -39.000 0.0000000000
-1  18.000  -61.000  -39.000 0.0000000000
-1  17.000  -61.000  -39.000 0.0000000000
-1  16.000  -61.000  -39.000 0.0000000000
-1  15.000  -61.000  -39.000 0.0000000000
-1  14.000  -61.000  -39.000 0.0000000000
-1  13.000  -61.000  -39.000 0.0000000000
-1  12.000  -61.000  -39.000 0.0000000000
-1  35.000  -61.000  -40.000 0.0000000000
-1  34.000  -61.000  -40.000 0.0000000000
-1  33.000  -61.000  -40.000 0.0000000000
-1  32.000  -61.000  -40.000 0.0000000000
-1  31.000  -61.000  -40.000 0.0000000000
-1  30.000  -61.000  -40.000 0.0000000000
-1  29.000  -61.000  -40.000 0.0000000000
-1  28.000  -61.000  -40.000 0.0000000000
-1  27.000  -61.000  -40.000 0.0000000000
-1  26.000  -61.000  -40.000 0.0000000000
-1  25.000  -61.000  -40.000 0.0000000000
-1  24.000  -61.000  -40.000 0.0000000000
-1  23.000  -61.000  -40.000 0.0000000000
-1  22.000  -61.000  -40.000 0.0000000000
-1  21.000  -61.000  -40.000 0.0000000000
-1  20.000  -61.000  -40.000 0.0000000000
-1  19.000  -61.000  -40.000 0.0000000000
-1  18.000  -61.000  -40.000 0.0000000000
-1  17.000  -61.000  -40.000 0.0000000000
-1  16.000  -61.000  -40.000 0.0000000000
-1  15.000  -61.000  -40.000 0.0000000000
-1  14.000  -61.000  -40.000 0.0000000000
-1  13.000  -61.000  -40.000 0.0000000000
-1  12.000  -61.000  -40.000 0.0000000000
-1  35.000  -61.000  -41.000 0.0000000000
-1  34.000  -61.000  -41.000 0.0000000000
-1  33.000  -61.000  -41.000 0.0000000000
-1  32.000  -61.000  -41.000 0.0000000000
-1  31.000  -61.000  -41.000 0.0000000000
-1  30.000  -61.000  -41.000 0.0000000000
-1  29.000  -61.000  -41.000 0.0000000000
-1  28.000  -61.000  -41.000 0.0000000000
-1  27.000  -61.000  -41.000 0.0000000000
-1  26.000  -61.000  -41.000 0.0000000000
-1  25.000  -61.000  -41.000 0.0000000000
-1  24.000  -61.000  -41.000 0.0000000000
-1  23.000  -61.000  -41.000 0.0000000000
-1  22.000  -61.000  -41.000 0.0000000000
-1  21.000  -61.000  -41.000 0.0000000000
-1  20.000  -61.000  -41.000 0.0000000000
-1  19.000  -61.000  -41.000 0.0000000000
-1  18.000  -61.000  -41.000 0.0000000000
-1  17.000  -61.000  -41.000 0.0000000000
-1  16.000  -61.000  -41.000 0.0000000000
-1  15.000  -61.000  -41.000 0.0000000000
-1  14.000  -61.000  -41.000 0.0000000000
-1  13.000  -61.000  -41.000 0.0000000000
-1  12.000  -61.000  -41.000 0.0000000000
-1  33.000  -61.000  -42.000 0.0000000000
-1  32.000  -61.000  -42.000 0.0000000000
-1  31.000  -61.000  -42.000 0.0000000000
-1  30.000  -61.000  -42.000 0.0000000000
-1  29.000  -61.000  -42.000 0.0000000000
-1  28.000  -61.000  -42.000 0.0000000000
-1  27.000  -61.000  -42.000 0.0000000000
-1  26.000  -61.000  -42.000 0.0000000000
-1  25.000  -61.000  -42.000 0.0000000000
-1  24.000  -61.000  -42.000 0.0000000000
-1  23.000  -61.000  -42.000 0.0000000000
-1  22.000  -61.000  -42.000 0.0000000000
-1  21.000  -61.000  -42.000 0.0000000000
-1  20.000  -61.000  -42.000 0.0000000000
-1  19.000  -61.000  -42.000 0.0000000000
-1  18.000  -61.000  -42.000 0.0000000000
-1  17.000  -61.000  -42.000 0.0000000000
-1  16.000  -61.000  -42.000 0.0000000000
-1  15.000  -61.000  -42.000 0.0000000000
-1  14.000  -61.000  -42.000 0.0000000000
-1  13.000  -61.000  -42.000 0.0000000000
-1  12.000  -61.000  -42.000 0.0000000000
-1  33.000  -61.000  -43.000 0.0000000000
-1  32.000  -61.000  -43.000 0.0000000000
-1  31.000  -61.000  -43.000 0.0000000000
-1  30.000  -61.000  -43.000 0.0000000000
-1  29.000  -61.000  -43.000 0.0000000000
-1  28.000  -61.000  -43.000 0.0000000000
-1  27.000  -61.000  -43.000 0.0000000000
-1  26.000  -61.000  -43.000 0.0000000000
-1  25.000  -61.000  -43.000 0.0000000000
-1  24.000  -61.000  -43.000 0.0000000000
-1  23.000  -61.000  -43.000 0.0000000000
-1  22.000  -61.000  -43.000 0.0000000000
-1  21.000  -61.000  -43.000 0.0000000000
-1  20.000  -61.000  -43.000 0.0000000000
-1  19.000  -61.000  -43.000 0.0000000000
-1  18.000  -61.000  -43.000 0.0000000000
-1  17.000  -61.000  -43.000 0.0000000000
-1  16.000  -61.000  -43.000 0.0000000000
-1  15.000  -61.000  -43.000 0.0000000000
-1  12.000  -61.000  -43.000 0.0000000000
-1  33.000  -61.000  -44.000 0.0000000000
-1  32.000  -61.000  -44.000 0.0000000000
-1  31.000  -61.000  -44.000 0.0000000000
-1  30.000  -61.000  -44.000 0.0000000000
-1  29.000  -61.000  -44.000 0.0000000000
-1  28.000  -61.000  -44.000 0.0000000000
-1  27.000  -61.000  -44.000 0.0000000000
-1  26.000  -61.000  -44.000 0.0000000000
-1  25.000  -61.000  -44.000 0.0000000000
-1  24.000  -61.000  -44.000 0.0000000000
-1  23.000  -61.000  -44.000 0.0000000000
-1  22.000  -61.000  -44.000 0.0000000000
-1  21.000  -61.000  -44.000 0.0000000000
-1  20.000  -61.000  -44.000 0.0000000000
-1  19.000  -61.000  -44.000 0.0000000000
-1  33.000  -61.000  -45.000 0.0000000000
-1  32.000  -61.000  -45.000 0.0000000000
-1  31.000  -61.000  -45.000 0.0000000000
-1  30.000  -61.000  -45.000 0.0000000000
-1  29.000  -61.000  -45.000 0.0000000000
-1  28.000  -61.000  -45.000 0.0000000000
-1  27.000  -61.000  -45.000 0.0000000000
-1  26.000  -61.000  -45.000 0.0000000000
-1  25.000  -61.000  -45.000 0.0000000000
-1  24.000  -61.000  -45.000 0.0000000000
-1  23.000  -61.000  -45.000 0.0000000000
-1  22.000  -61.000  -45.000 0.0000000000
-1  21.000  -61.000  -45.000 0.0000000000
-1  31.000  -61.000  -46.000 0.0000000000
-1  30.000  -61.000  -46.000 0.0000000000
-1  28.000  -61.000  -46.000 0.0000000000
-1  27.000  -61.000  -46.000 0.0000000000
-1  26.000  -61.000  -46.000 0.0000000000
-1  0.000  -60.000  -16.000 0.0000000000
-1  5.000  -60.000  -17.000 0.0000000000
-1  4.000  -60.000  -17.000 0.0000000000
-1  2.000  -60.000  -18.000 0.0000000000
-1  5.000  -60.000  -19.000 0.0000000000
-1  4.000  -60.000  -19.000 0.0000000000
-1  3.000  -60.000  -19.000 0.0000000000
-1  1.000  -60.000  -19.000 0.0000000000
-1  5.000  -60.000  -20.000 0.0000000000
-1  4.000  -60.000  -20.000 0.0000000000
-1  8.000  -60.000  -21.000 0.0000000000
-1  7.000  -60.000  -21.000 0.0000000000
-1  6.000  -60.000  -21.000 0.0000000000
-1  5.000  -60.000  -21.000 0.0000000000
-1  4.000  -60.000  -21.000 0.0000000000
-1  3.000  -60.000  -21.000 0.0000000000
-1  7.000  -60.000  -22.000 0.0000000000
-1  6.000  -60.000  -22.000 0.0000000000
-1  5.000  -60.000  -22.000 0.0000000000
-1  4.000  -60.000  -22.000 0.0000000000
-1  9.000  -60.000  -23.000 0.0000000000
-1  8.000  -60.000  -23.000 0.0000000000
-1  7.000  -60.000  -23.000 0.0000000000
-1  6.000  -60.000  -23.000 0.0000000000
-1  5.000  -60.000  -23.000 0.0000000000
-1  10.000  -60.000  -24.000 0.0000000000
-1  9.000  -60.000  -24.000 0.0000000000
-1  8.000  -60.000  -24.000 0.0000000000
-1  7.000  -60.000  -24.000 0.0000000000
-1  6.000  -60.000  -24.000 0.0000000000
-1  5.000  -60.000  -24.000 0.0000000000
-1  12.000  -60.000  -25.000 0.0000000000
-1  11.000  -60.000  -25.000 0.0000000000
-1  10.000  -60.000  -25.000 0.0000000000
-1  9.000  -60.000  -25.000 0.0000000000
-1  8.000  -60.000  -25.000 0.0000000000
-1  7.000  -60.000  -25.000 0.0000000000
-1  6.000  -60.000  -25.000 0.0000000000
-1  5.000  -60.000  -25.000 0.0000000000
-1  13.000  -60.000  -26.000 0.0000000000
-1  12.000  -60.000  -26.000 0.0000000000
-1  11.000  -60.000  -26.000 0.0000000000
-1  10.000  -60.000  -26.000 0.0000000000
-1  9.000  -60.000  -26.000 0.0000000000
-1  8.000  -60.000  -26.000 0.0000000000
-1  7.000  -60.000  -26.000 0.0000000000
-1  6.000  -60.000  -26.000 0.0000000000
-1  5.000  -60.000  -26.000 0.0000000000
-1  4.000  -60.000  -26.000 0.0000000000
-1  16.000  -60.000  -27.000 0.0000000000
-1  15.000  -60.000  -27.000 0.0000000000
-1  14.000  -60.000  -27.000 0.0000000000
-1  13.000  -60.000  -27.000 0.0000000000
-1  12.000  -60.000  -27.000 0.0000000000
-1  11.000  -60.000  -27.000 0.0000000000
-1  10.000  -60.000  -27.000 0.0000000000
-1  9.000  -60.000  -27.000 0.0000000000
-1  8.000  -60.000  -27.000 0.0000000000
-1  7.000  -60.000  -27.000 0.0000000000
-1  6.000  -60.000  -27.000 0.0000000000
-1  5.000  -60.000  -27.000 0.0000000000
-1  4.000  -60.000  -27.000 0.0000000000
-1  18.000  -60.000  -28.000 0.0000000000
-1  17.000  -60.000  -28.000 0.0000000000
-1  16.000  -60.000  -28.000 0.0000000000
-1  15.000  -60.000  -28.000 0.0000000000
-1  14.000  -60.000  -28.000 0.0000000000
-1  13.000  -60.000  -28.000 0.0000000000
-1  12.000  -60.000  -28.000 0.0000000000
-1  11.000  -60.000  -28.000 0.0000000000
-1  10.000  -60.000  -28.000 0.0000000000
-1  9.000  -60.000  -28.000 0.0000000000
-1  8.000  -60.000  -28.000 0.0000000000
-1  7.000  -60.000  -28.000 0.0000000000
-1  6.000  -60.000  -28.000 0.0000000000
-1  5.000  -60.000  -28.000 0.0000000000
-1  4.000  -60.000  -28.000 0.0000000000
-1  20.000  -60.000  -29.000 0.0000000000
-1  19.000  -60.000  -29.000 0.0000000000
-1  18.000  -60.000  -29.000 0.0000000000
-1  17.000  -60.000  -29.000 0.0000000000
-1  16.000  -60.000  -29.000 0.0000000000
-1  15.000  -60.000  -29.000 0.0000000000
-1  14.000  -60.000  -29.000 0.0000000000
-1  13.000  -60.000  -29.000 0.0000000000
-1  12.000  -60.000  -29.000 0.0000000000
-1  11.000  -60.000  -29.000 0.0000000000
-1  10.000  -60.000  -29.000 0.0000000000
-1  9.000  -60.000  -29.000 0.0000000000
-1  8.000  -60.000  -29.000 0.0000000000
-1  7.000  -60.000  -29.000 0.0000000000
-1  6.000  -60.000  -29.000 0.0000000000
-1  5.000  -60.000  -29.000 0.0000000000
-1  4.000  -60.000  -29.000 0.0000000000
-1  3.000  -60.000  -29.000 0.0000000000
-1  23.000  -60.000  -30.000 0.0000000000
-1  22.000  -60.000  -30.000 0.0000000000
-1  21.000  -60.000  -30.000 0.0000000000
-1  20.000  -60.000  -30.000 0.0000000000
-1  19.000  -60.000  -30.000 0.0000000000
-1  18.000  -60.000  -30.000 0.0000000000
-1  17.000  -60.000  -30.000 0.0000000000
-1  16.000  -60.000  -30.000 0.0000000000
-1  15.000  -60.000  -30.000 0.0000000000
-1  14.000  -60.000  -30.000 0.0000000000
-1  13.000  -60.000  -30.000 0.0000000000
-1  12.000  -60.000  -30.000 0.0000000000
-1  11.000  -60.000  -30.000 0.0000000000
-1  10.000  -60.000  -30.000 0.0000000000
-1  9.000  -60.000  -30.000 0.0000000000
-1  8.000  -60.000  -30.000 0.0000000000
-1  7.000  -60.000  -30.000 0.0000000000
-1  6.000  -60.000  -30.000 0.0000000000
-1  5.000  -60.000  -30.000 0.0000000000
-1  4.000  -60.000  -30.000 0.0000000000
-1  3.000  -60.000  -30.000 0.0000000000
-1  2.000  -60.000  -30.000 0.0000000000
-1  24.000  -60.000  -31.000 0.0000000000
-1  23.000  -60.000  -31.000 0.0000000000
-1  22.000  -60.000  -31.000 0.0000000000
-1  21.000  -60.000  -31.000 0.0000000000
-1  20.000  -60.000  -31.000 0.0000000000
-1  19.000  -60.000  -31.000 0.0000000000
-1  18.000  -60.000  -31.000 0.0000000000
-1  17.000  -60.000  -31.000 0.0000000000
-1  16.000  -60.000  -31.000 0.0000000000
-1  15.000  -60.000  -31.000 0.0000000000
-1  14.000  -60.000  -31.000 0.0000000000
-1  13.000  -60.000  -31.000 0.0000000000
-1  12.000  -60.000  -31.000 0.0000000000
-1  11.000  -60.000  -31.000 0.0000000000
-1  10.000  -60.000  -31.000 0.0000000000
-1  9.000  -60.000  -31.000 0.0000000000
-1  8.000  -60.000  -31.000 0.0000000000
-1  7.000  -60.000  -31.000 0.0000000000
-1  6.000  -60.000  -31.000 0.0000000000
-1  5.000  -60.000  -31.000 0.0000000000
-1  4.000  -60.000  -31.000 0.0000000000
-1  3.000  -60.000  -31.000 0.0000000000
-1  2.000  -60.000  -31.000 0.0000000000
-1  25.000  -60.000  -32.000 0.0000000000
-1  24.000  -60.000  -32.000 0.0000000000
-1  23.000  -60.000  -32.000 0.0000000000
-1  22.000  -60.000  -32.000 0.0000000000
-1  21.000  -60.000  -32.000 0.0000000000
-1  20.000  -60.000  -32.000 0.0000000000
-1  19.000  -60.000  -32.000 0.0000000000
-1  18.000  -60.000  -32.000 0.0000000000
-1  17.000  -60.000  -32.000 0.0000000000
-1  16.000  -60.000  -32.000 0.0000000000
-1  15.000  -60.000  -32.000 0.0000000000
-1  14.000  -60.000  -32.000 0.0000000000
-1  13.000  -60.000  -32.000 0.0000000000
-1  12.000  -60.000  -32.000 0.0000000000
-1  11.000  -60.000  -32.000 0.0000000000
-1  10.000  -60.000  -32.000 0.0000000000
-1  9.000  -60.000  -32.000 0.0000000000
-1  8.000  -60.000  -32.000 0.0000000000
-1  7.000  -60.000  -32.000 0.0000000000
-1  6.000  -60.000  -32.000 0.0000000000
-1  5.000  -60.000  -32.000 0.0000000000
-1  4.000  -60.000  -32.000 0.0000000000
-1  26.000  -60.000  -33.000 0.0000000000
-1  25.000  -60.000  -33.000 0.0000000000
-1  24.000  -60.000  -33.000 0.0000000000
-1  23.000  -60.000  -33.000 0.0000000000
-1  22.000  -60.000  -33.000 0.0000000000
-1  21.000  -60.000  -33.000 0.0000000000
-1  20.000  -60.000  -33.000 0.0000000000
-1  19.000  -60.000  -33.000 0.0000000000
-1  18.000  -60.000  -33.000 0.0000000000
-1  17.000  -60.000  -33.000 0.0000000000
-1  16.000  -60.000  -33.000 0.0000000000
-1  15.000  -60.000  -33.000 0.0000000000
-1  14.000  -60.000  -33.000 0.0000000000
-1  13.000  -60.000  -33.000 0.0000000000
-1  12.000  -60.000  -33.000 0.0000000000
-1  11.000  -60.000  -33.000 0.0000000000
-1  10.000  -60.000  -33.000 0.0000000000
-1  9.000  -60.000  -33.000 0.0000000000
-1  8.000  -60.000  -33.000 0.0000000000
-1  7.000  -60.000  -33.000 0.0000000000
-1  6.000  -60.000  -33.000 0.0000000000
-1  5.000  -60.000  -33.000 0.0000000000
-1  27.000  -60.000  -34.000 0.0000000000
-1  26.000  -60.000  -34.000 0.0000000000
-1  25.000  -60.000  -34.000 0.0000000000
-1  24.000  -60.000  -34.000 0.0000000000
-1  23.000  -60.000  -34.000 0.0000000000
-1  22.000  -60.000  -34.000 0.0000000000
-1  21.000  -60.000  -34.000 0.0000000000
-1  20.000  -60.000  -34.000 0.0000000000
-1  19.000  -60.000  -34.000 0.0000000000
-1  18.000  -60.000  -34.000 0.0000000000
-1  17.000  -60.000  -34.000 0.0000000000
-1  16.000  -60.000  -34.000 0.0000000000
-1  15.000  -60.000  -34.000 0.0000000000
-1  14.000  -60.000  -34.000 0.0000000000
-1  13.000  -60.000  -34.000 0.0000000000
-1  12.000  -60.000  -34.000 0.0000000000
-1  9.000  -60.000  -34.000 0.0000000000
-1  8.000  -60.000  -34.000 0.0000000000
-1  6.000  -60.000  -34.000 0.0000000000
-1  28.000  -60.000  -35.000 0.0000000000
-1  27.000  -60.000  -35.000 0.0000000000
-1  26.000  -60.000  -35.000 0.0000000000
-1  25.000  -60.000  -35.000 0.0000000000
-1  24.000  -60.000  -35.000 0.0000000000
-1  23.000  -60.000  -35.000 0.0000000000
-1  22.000  -60.000  -35.000 0.0000000000
-1  21.000  -60.000  -35.000 0.0000000000
-1  20.000  -60.000  -35.000 0.0000000000
-1  19.000  -60.000  -35.000 0.0000000000
-1  18.000  -60.000  -35.000 0.0000000000
-1  17.000  -60.000  -35.000 0.0000000000
-1  16.000  -60.000  -35.000 0.0000000000
-1  15.000  -60.000  -35.000 0.0000000000
-1  14.000  -60.000  -35.000 0.0000000000
-1  13.000  -60.000  -35.000 0.0000000000
-1  29.000  -60.000  -36.000 0.0000000000
-1  28.000  -60.000  -36.000 0.0000000000
-1  27.000  -60.000  -36.000 0.0000000000
-1  26.000  -60.000  -36.000 0.0000000000
-1  25.000  -60.000  -36.000 0.0000000000
-1  24.000  -60.000  -36.000 0.0000000000
-1  23.000  -60.000  -36.000 0.0000000000
-1  22.000  -60.000  -36.000 0.0000000000
-1  21.000  -60.000  -36.000 0.0000000000
-1  20.000  -60.000  -36.000 0.0000000000
-1  19.000  -60.000  -36.000 0.0000000000
-1  18.000  -60.000  -36.000 0.0000000000
-1  17.000  -60.000  -36.000 0.0000000000
-1  16.000  -60.000  -36.000 0.0000000000
-1  15.000  -60.000  -36.000 0.0000000000
-1  14.000  -60.000  -36.000 0.0000000000
-1  13.000  -60.000  -36.000 0.0000000000
-1  40.000  -60.000  -37.000 0.0000000000
-1  39.000  -60.000  -37.000 0.0000000000
-1  38.000  -60.000  -37.000 0.0000000000
-1  37.000  -60.000  -37.000 0.0000000000
-1  36.000  -60.000  -37.000 0.0000000000
-1  35.000  -60.000  -37.000 0.0000000000
-1  34.000  -60.000  -37.000 0.0000000000
-1  33.000  -60.000  -37.000 0.0000000000
-1  32.000  -60.000  -37.000 0.0000000000
-1  31.000  -60.000  -37.000 0.0000000000
-1  30.000  -60.000  -37.000 0.0000000000
-1  29.000  -60.000  -37.000 0.0000000000
-1  28.000  -60.000  -37.000 0.0000000000
-1  27.000  -60.000  -37.000 0.0000000000
-1  26.000  -60.000  -37.000 0.0000000000
-1  25.000  -60.000  -37.000 0.0000000000
-1  24.000  -60.000  -37.000 0.0000000000
-1  23.000  -60.000  -37.000 0.0000000000
-1  22.000  -60.000  -37.000 0.0000000000
-1  21.000  -60.000  -37.000 0.0000000000
-1  20.000  -60.000  -37.000 0.0000000000
-1  19.000  -60.000  -37.000 0.0000000000
-1  18.000  -60.000  -37.000 0.0000000000
-1  17.000  -60.000  -37.000 0.0000000000
-1  16.000  -60.000  -37.000 0.0000000000
-1  15.000  -60.000  -37.000 0.0000000000
-1  14.000  -60.000  -37.000 0.0000000000
-1  13.000  -60.000  -37.000 0.0000000000
-1  39.000  -60.000  -38.000 0.0000000000
-1  38.000  -60.000  -38.000 0.0000000000
-1  37.000  -60.000  -38.000 0.0000000000
-1  36.000  -60.000  -38.000 0.0000000000
-1  35.000  -60.000  -38.000 0.0000000000
-1  34.000  -60.000  -38.000 0.0000000000
-1  33.000  -60.000  -38.000 0.0000000000
-1  32.000  -60.000  -38.000 0.0000000000
-1  31.000  -60.000  -38.000 0.0000000000
-1  30.000  -60.000  -38.000 0.0000000000
-1  29.000  -60.000  -38.000 0.0000000000
-1  28.000  -60.000  -38.000 0.0000000000
-1  27.000  -60.000  -38.000 0.0000000000
-1  26.000  -60.000  -38.000 0.0000000000
-1  25.000  -60.000  -38.000 0.0000000000
-1  24.000  -60.000  -38.000 0.0000000000
-1  23.000  -60.000  -38.000 0.0000000000
-1  22.000  -60.000  -38.000 0.0000000000
-1  21.000  -60.000  -38.000 0.0000000000
-1  20.000  -60.000  -38.000 0.0000000000
-1  19.000  -60.000  -38.000 0.0000000000
-1  18.000  -60.000  -38.000 0.0000000000
-1  17.000  -60.000  -38.000 0.0000000000
-1  16.000  -60.000  -38.000 0.0000000000
-1  15.000  -60.000  -38.000 0.0000000000
-1  14.000  -60.000  -38.000 0.0000000000
-1  13.000  -60.000  -38.000 0.0000000000
-1  12.000  -60.000  -38.000 0.0000000000
-1  39.000  -60.000  -39.000 0.0000000000
-1  38.000  -60.000  -39.000 0.0000000000
-1  37.000  -60.000  -39.000 0.0000000000
-1  36.000  -60.000  -39.000 0.0000000000
-1  35.000  -60.000  -39.000 0.0000000000
-1  34.000  -60.000  -39.000 0.0000000000
-1  33.000  -60.000  -39.000 0.0000000000
-1  32.000  -60.000  -39.000 0.0000000000
-1  31.000  -60.000  -39.000 0.0000000000
-1  30.000  -60.000  -39.000 0.0000000000
-1  29.000  -60.000  -39.000 0.0000000000
-1  28.000  -60.000  -39.000 0.0000000000
-1  27.000  -60.000  -39.000 0.0000000000
-1  26.000  -60.000  -39.000 0.0000000000
-1  25.000  -60.000  -39.000 0.0000000000
-1  24.000  -60.000  -39.000 0.0000000000
-1  23.000  -60.000  -39.000 0.0000000000
-1  22.000  -60.000  -39.000 0.0000000000
-1  21.000  -60.000  -39.000 0.0000000000
-1  20.000  -60.000  -39.000 0.0000000000
-1  19.000  -60.000  -39.000 0.0000000000
-1  18.000  -60.000  -39.000 0.0000000000
-1  17.000  -60.000  -39.000 0.0000000000
-1  16.000  -60.000  -39.000 0.0000000000
-1  15.000  -60.000  -39.000 0.0000000000
-1  14.000  -60.000  -39.000 0.0000000000
-1  13.000  -60.000  -39.000 0.0000000000
-1  12.000  -60.000  -39.000 0.0000000000
-1  35.000  -60.000  -40.000 0.0000000000
-1  34.000  -60.000  -40.000 0.0000000000
-1  33.000  -60.000  -40.000 0.0000000000
-1  32.000  -60.000  -40.000 0.0000000000
-1  31.000  -60.000  -40.000 0.0000000000
-1  30.000  -60.000  -40.000 0.0000000000
-1  29.000  -60.000  -40.000 0.0000000000
-1  28.000  -60.000  -40.000 0.0000000000
-1  27.000  -60.000  -40.000 0.0000000000
-1  26.000  -60.000  -40.000 0.0000000000
-1  25.000  -60.000  -40.000 0.0000000000
-1  24.000  -60.000  -40.000 0.0000000000
-1  23.000  -60.000  -40.000 0.0000000000
-1  22.000  -60.000  -40.000 0.0000000000
-1  21.000  -60.000  -40.000 0.0000000000
-1  20.000  -60.000  -40.000 0.0000000000
-1  19.000  -60.000  -40.000 0.0000000000
-1  18.000  -60.000  -40.000 0.0000000000
-1  17.000  -60.000  -40.000 0.0000000000
-1  16.000  -60.000  -40.000 0.0000000000
-1  15.000  -60.000  -40.000 0.0000000000
-1  14.000  -60.000  -40.000 0.0000000000
-1  13.000  -60.000  -40.000 0.0000000000
-1  12.000  -60.000  -40.000 0.0000000000
-1  35.000  -60.000  -41.000 0.0000000000
-1  34.000  -60.000  -41.000 0.0000000000
-1  33.000  -60.000  -41.000 0.0000000000
-1  32.000  -60.000  -41.000 0.0000000000
-1  31.000  -60.000  -41.000 0.0000000000
-1  30.000  -60.000  -41.000 0.0000000000
-1  29.000  -60.000  -41.000 0.0000000000
-1  28.000  -60.000  -41.000 0.0000000000
-1  27.000  -60.000  -41.000 0.0000000000
-1  26.000  -60.000  -41.000 0.0000000000
-1  25.000  -60.000  -41.000 0.0000000000
-1  24.000  -60.000  -41.000 0.0000000000
-1  23.000  -60.000  -41.000 0.0000000000
-1  22.000  -60.000  -41.000 0.0000000000
-1  21.000  -60.000  -41.000 0.0000000000
-1  20.000  -60.000  -41.000 0.0000000000
-1  19.000  -60.000  -41.000 0.0000000000
-1  18.000  -60.000  -41.000 0.0000000000
-1  17.000  -60.000  -41.000 0.0000000000
-1  16.000  -60.000  -41.000 0.0000000000
-1  15.000  -60.000  -41.000 0.0000000000
-1  14.000  -60.000  -41.000 0.0000000000
-1  13.000  -60.000  -41.000 0.0000000000
-1  12.000  -60.000  -41.000 0.0000000000
-1  34.000  -60.000  -42.000 0.0000000000
-1  33.000  -60.000  -42.000 0.0000000000
-1  32.000  -60.000  -42.000 0.0000000000
-1  31.000  -60.000  -42.000 0.0000000000
-1  30.000  -60.000  -42.000 0.0000000000
-1  29.000  -60.000  -42.000 0.0000000000
-1  28.000  -60.000  -42.000 0.0000000000
-1  27.000  -60.000  -42.000 0.0000000000
-1  26.000  -60.000  -42.000 0.0000000000
-1  25.000  -60.000  -42.000 0.0000000000
-1  24.000  -60.000  -42.000 0.0000000000
-1  23.000  -60.000  -42.000 0.0000000000
-1  22.000  -60.000  -42.000 0.0000000000
-1  21.000  -60.000  -42.000 0.0000000000
-1  20.000  -60.000  -42.000 0.0000000000
-1  19.000  -60.000  -42.000 0.0000000000
-1  18.000  -60.000  -42.000 0.0000000000
-1  17.000  -60.000  -42.000 0.0000000000
-1  16.000  -60.000  -42.000 0.0000000000
-1  15.000  -60.000  -42.000 0.0000000000
-1  14.000  -60.000  -42.000 0.0000000000
-1  13.000  -60.000  -42.000 0.0000000000
-1  12.000  -60.000  -42.000 0.0000000000
-1  34.000  -60.000  -43.000 0.0000000000
-1  33.000  -60.000  -43.000 0.0000000000
-1  32.000  -60.000  -43.000 0.0000000000
-1  31.000  -60.000  -43.000 0.0000000000
-1  30.000  -60.000  -43.000 0.0000000000
-1  29.000  -60.000  -43.000 0.0000000000
-1  28.000  -60.000  -43.000 0.0000000000
-1  27.000  -60.000  -43.000 0.0000000000
-1  26.000  -60.000  -43.000 0.0000000000
-1  25.000  -60.000  -43.000 0.0000000000
-1  24.000  -60.000  -43.000 0.0000000000
-1  23.000  -60.000  -43.000 0.0000000000
-1  22.000  -60.000  -43.000 0.0000000000
-1  21.000  -60.000  -43.000 0.0000000000
-1  20.000  -60.000  -43.000 0.0000000000
-1  19.000  -60.000  -43.000 0.0000000000
-1  18.000  -60.000  -43.000 0.0000000000
-1  17.000  -60.000  -43.000 0.0000000000
-1  16.000  -60.000  -43.000 0.0000000000
-1  15.000  -60.000  -43.000 0.0000000000
-1  14.000  -60.000  -43.000 0.0000000000
-1  13.000  -60.000  -43.000 0.0000000000
-1  12.000  -60.000  -43.000 0.0000000000
-1  33.000  -60.000  -44.000 0.0000000000
-1  32.000  -60.000  -44.000 0.0000000000
-1  31.000  -60.000  -44.000 0.0000000000
-1  30.000  -60.000  -44.000 0.0000000000
-1  29.000  -60.000  -44.000 0.0000000000
-1  28.000  -60.000  -44.000 0.0000000000
-1  27.000  -60.000  -44.000 0.0000000000
-1  26.000  -60.000  -44.000 0.0000000000
-1  25.000  -60.000  -44.000 0.0000000000
-1  24.000  -60.000  -44.000 0.0000000000
-1  23.000  -60.000  -44.000 0.0000000000
-1  22.000  -60.000  -44.000 0.0000000000
-1  21.000  -60.000  -44.000 0.0000000000
-1  20.000  -60.000  -44.000 0.0000000000
-1  19.000  -60.000  -44.000 0.0000000000
-1  18.000  -60.000  -44.000 0.0000000000
-1  33.000  -60.000  -45.000 0.0000000000
-1  32.000  -60.000  -45.000 0.0000000000
-1  31.000  -60.000  -45.000 0.0000000000
-1  30.000  -60.000  -45.000 0.0000000000
-1  29.000  -60.000  -45.000 0.0000000000
-1  28.000  -60.000  -45.000 0.0000000000
-1  27.000  -60.000  -45.000 0.0000000000
-1  26.000  -60.000  -45.000 0.0000000000
-1  25.000  -60.000  -45.000 0.0000000000
-1  24.000  -60.000  -45.000 0.0000000000
-1  23.000  -60.000  -45.000 0.0000000000
-1  22.000  -60.000  -45.000 0.0000000000
-1  21.000  -60.000  -45.000 0.0000000000
-1  20.000  -60.000  -45.000 0.0000000000
-1  19.000  -60.000  -45.000 0.0000000000
-1  31.000  -60.000  -46.000 0.0000000000
-1  30.000  -60.000  -46.000 0.0000000000
-1  29.000  -60.000  -46.000 0.0000000000
-1  28.000  -60.000  -46.000 0.0000000000
-1  27.000  -60.000  -46.000 0.0000000000
-1  26.000  -60.000  -46.000 0.0000000000
-1  25.000  -60.000  -46.000 0.0000000000
-1  3.000  -59.000  -16.000 0.0000000000
-1  2.000  -59.000  -16.000 0.0000000000
-1  1.000  -59.000  -16.000 0.0000000000
-1  5.000  -59.000  -17.000 0.0000000000
-1  4.000  -59.000  -17.000 0.0000000000
-1  3.000  -59.000  -17.000 0.0000000000
-1  2.000  -59.000  -17.000 0.0000000000
-1  6.000  -59.000  -18.000 0.0000000000
-1  5.000  -59.000  -18.000 0.0000000000
-1  4.000  -59.000  -18.000 0.0000000000
-1  3.000  -59.000  -18.000 0.0000000000
-1  2.000  -59.000  -18.000 0.0000000000
-1  1.000  -59.000  -18.000 0.0000000000
-1  0.000  -59.000  -18.000 0.0000000000
-1  7.000  -59.000  -19.000 0.0000000000
-1  6.000  -59.000  -19.000 0.0000000000
-1  5.000  -59.000  -19.000 0.0000000000
-1  4.000  -59.000  -19.000 0.0000000000
-1  3.000  -59.000  -19.000 0.0000000000
-1  2.000  -59.000  -19.000 0.0000000000
-1  1.000  -59.000  -19.000 0.0000000000
-1  7.000  -59.000  -20.000 0.0000000000
-1  6.000  -59.000  -20.000 0.0000000000
-1  5.000  -59.000  -20.000 0.0000000000
-1  4.000  -59.000  -20.000 0.0000000000
-1  3.000  -59.000  -20.000 0.0000000000
-1  2.000  -59.000  -20.000 0.0000000000
-1  8.000  -59.000  -21.000 0.0000000000
-1  7.000  -59.000  -21.000 0.0000000000
-1  6.000  -59.000  -21.000 0.0000000000
-1  5.000  -59.000  -21.000 0.0000000000
-1  4.000  -59.000  -21.000 0.0000000000
-1  3.000  -59.000  -21.000 0.0000000000
-1  9.000  -59.000  -22.000 0.0000000000
-1  8.000  -59.000  -22.000 0.0000000000
-1  7.000  -59.000  -22.000 0.0000000000
-1  6.000  -59.000  -22.000 0.0000000000
-1  5.000  -59.000  -22.000 0.0000000000
-1  4.000  -59.000  -22.000 0.0000000000
-1  3.000  -59.000  -22.000 0.0000000000
-1  2.000  -59.000  -22.000 0.0000000000
-1  1.000  -59.000  -22.000 0.0000000000
-1  9.000  -59.000  -23.000 0.0000000000
-1  8.000  -59.000  -23.000 0.0000000000
-1  7.000  -59.000  -23.000 0.0000000000
-1  6.000  -59.000  -23.000 0.0000000000
-1  5.000  -59.000  -23.000 0.0000000000
-1  4.000  -59.000  -23.000 0.0000000000
-1  3.000  -59.000  -23.000 0.0000000000
-1  2.000  -59.000  -23.000 0.0000000000
-1  1.000  -59.000  -23.000 0.0000000000
-1  11.000  -59.000  -24.000 0.0000000000
-1  10.000  -59.000  -24.000 0.0000000000
-1  9.000  -59.000  -24.000 0.0000000000
-1  8.000  -59.000  -24.000 0.0000000000
-1  7.000  -59.000  -24.000 0.0000000000
-1  6.000  -59.000  -24.000 0.0000000000
-1  5.000  -59.000  -24.000 0.0000000000
-1  4.000  -59.000  -24.000 0.0000000000
-1  3.000  -59.000  -24.000 0.0000000000
-1  12.000  -59.000  -25.000 0.0000000000
-1  11.000  -59.000  -25.000 0.0000000000
-1  10.000  -59.000  -25.000 0.0000000000
-1  9.000  -59.000  -25.000 0.0000000000
-1  8.000  -59.000  -25.000 0.0000000000
-1  7.000  -59.000  -25.000 0.0000000000
-1  6.000  -59.000  -25.000 0.0000000000
-1  5.000  -59.000  -25.000 0.0000000000
-1  4.000  -59.000  -25.000 0.0000000000
-1  3.000  -59.000  -25.000 0.0000000000
-1  13.000  -59.000  -26.000 0.0000000000
-1  12.000  -59.000  -26.000 0.0000000000
-1  11.000  -59.000  -26.000 0.0000000000
-1  10.000  -59.000  -26.000 0.0000000000
-1  9.000  -59.000  -26.000 0.0000000000
-1  8.000  -59.000  -26.000 0.0000000000
-1  7.000  -59.000  -26.000 0.0000000000
-1  6.000  -59.000  -26.000 0.0000000000
-1  5.000  -59.000  -26.000 0.0000000000
-1  4.000  -59.000  -26.000 0.0000000000
-1  3.000  -59.000  -26.000 0.0000000000
-1  16.000  -59.000  -27.000 0.0000000000
-1  15.000  -59.000  -27.000 0.0000000000
-1  14.000  -59.000  -27.000 0.0000000000
-1  13.000  -59.000  -27.000 0.0000000000
-1  12.000  -59.000  -27.000 0.0000000000
-1  11.000  -59.000  -27.000 0.0000000000
-1  10.000  -59.000  -27.000 0.0000000000
-1  9.000  -59.000  -27.000 0.0000000000
-1  8.000  -59.000  -27.000 0.0000000000
-1  7.000  -59.000  -27.000 0.0000000000
-1  6.000  -59.000  -27.000 0.0000000000
-1  5.000  -59.000  -27.000 0.0000000000
-1  4.000  -59.000  -27.000 0.0000000000
-1  3.000  -59.000  -27.000 0.0000000000
-1  17.000  -59.000  -28.000 0.0000000000
-1  16.000  -59.000  -28.000 0.0000000000
-1  15.000  -59.000  -28.000 0.0000000000
-1  14.000  -59.000  -28.000 0.0000000000
-1  13.000  -59.000  -28.000 0.0000000000
-1  12.000  -59.000  -28.000 0.0000000000
-1  11.000  -59.000  -28.000 0.0000000000
-1  10.000  -59.000  -28.000 0.0000000000
-1  9.000  -59.000  -28.000 0.0000000000
-1  8.000  -59.000  -28.000 0.0000000000
-1  7.000  -59.000  -28.000 0.0000000000
-1  6.000  -59.000  -28.000 0.0000000000
-1  5.000  -59.000  -28.000 0.0000000000
-1  4.000  -59.000  -28.000 0.0000000000
-1  3.000  -59.000  -28.000 0.0000000000
-1  2.000  -59.000  -28.000 0.0000000000
-1  21.000  -59.000  -29.000 0.0000000000
-1  20.000  -59.000  -29.000 0.0000000000
-1  19.000  -59.000  -29.000 0.0000000000
-1  18.000  -59.000  -29.000 0.0000000000
-1  17.000  -59.000  -29.000 0.0000000000
-1  16.000  -59.000  -29.000 0.0000000000
-1  15.000  -59.000  -29.000 0.0000000000
-1  14.000  -59.000  -29.000 0.0000000000
-1  13.000  -59.000  -29.000 0.0000000000
-1  12.000  -59.000  -29.000 0.0000000000
-1  11.000  -59.000  -29.000 0.0000000000
-1  10.000  -59.000  -29.000 0.0000000000
-1  9.000  -59.000  -29.000 0.0000000000
-1  8.000  -59.000  -29.000 0.0000000000
-1  7.000  -59.000  -29.000 0.0000000000
-1  6.000  -59.000  -29.000 0.0000000000
-1  5.000  -59.000  -29.000 0.0000000000
-1  4.000  -59.000  -29.000 0.0000000000
-1  3.000  -59.000  -29.000 0.0000000000
-1  2.000  -59.000  -29.000 0.0000000000
-1  23.000  -59.000  -30.000 0.0000000000
-1  22.000  -59.000  -30.000 0.0000000000
-1  21.000  -59.000  -30.000 0.0000000000
-1  20.000  -59.000  -30.000 0.0000000000
-1  19.000  -59.000  -30.000 0.0000000000
-1  18.000  -59.000  -30.000 0.0000000000
-1  17.000  -59.000  -30.000 0.0000000000
-1  16.000  -59.000  -30.000 0.0000000000
-1  15.000  -59.000  -30.000 0.0000000000
-1  14.000  -59.000  -30.000 0.0000000000
-1  13.000  -59.000  -30.000 0.0000000000
-1  12.000  -59.000  -30.000 0.0000000000
-1  11.000  -59.000  -30.000 0.0000000000
-1  10.000  -59.000  -30.000 0.0000000000
-1  9.000  -59.000  -30.000 0.0000000000
-1  8.000  -59.000  -30.000 0.0000000000
-1  7.000  -59.000  -30.000 0.0000000000
-1  6.000  -59.000  -30.000 0.0000000000
-1  5.000  -59.000  -30.000 0.0000000000
-1  4.000  -59.000  -30.000 0.0000000000
-1  3.000  -59.000  -30.000 0.0000000000
-1  2.000  -59.000  -30.000 0.0000000000
-1  24.000  -59.000  -31.000 0.0000000000
-1  23.000  -59.000  -31.000 0.0000000000
-1  22.000  -59.000  -31.000 0.0000000000
-1  21.000  -59.000  -31.000 0.0000000000
-1  20.000  -59.000  -31.000 0.0000000000
-1  19.000  -59.000  -31.000 0.0000000000
-1  18.000  -59.000  -31.000 0.0000000000
-1  17.000  -59.000  -31.000 0.0000000000
-1  16.000  -59.000  -31.000 0.0000000000
-1  15.000  -59.000  -31.000 0.0000000000
-1  14.000  -59.000  -31.000 0.0000000000
-1  13.000  -59.000  -31.000 0.0000000000
-1  12.000  -59.000  -31.000 0.0000000000
-1  11.000  -59.000  -31.000 0.0000000000
-1  10.000  -59.000  -31.000 0.0000000000
-1  9.000  -59.000  -31.000 0.0000000000
-1  8.000  -59.000  -31.000 0.0000000000
-1  7.000  -59.000  -31.000 0.0000000000
-1  6.000  -59.000  -31.000 0.0000000000
-1  5.000  -59.000  -31.000 0.0000000000
-1  4.000  -59.000  -31.000 0.0000000000
-1  3.000  -59.000  -31.000 0.0000000000
-1  2.000  -59.000  -31.000 0.0000000000
-1  26.000  -59.000  -32.000 0.0000000000
-1  25.000  -59.000  -32.000 0.0000000000
-1  24.000  -59.000  -32.000 0.0000000000
-1  23.000  -59.000  -32.000 0.0000000000
-1  22.000  -59.000  -32.000 0.0000000000
-1  21.000  -59.000  -32.000 0.0000000000
-1  20.000  -59.000  -32.000 0.0000000000
-1  19.000  -59.000  -32.000 0.0000000000
-1  18.000  -59.000  -32.000 0.0000000000
-1  17.000  -59.000  -32.000 0.0000000000
-1  16.000  -59.000  -32.000 0.0000000000
-1  15.000  -59.000  -32.000 0.0000000000
-1  14.000  -59.000  -32.000 0.0000000000
-1  13.000  -59.000  -32.000 0.0000000000
-1  12.000  -59.000  -32.000 0.0000000000
-1  11.000  -59.000  -32.000 0.0000000000
-1  10.000  -59.000  -32.000 0.0000000000
-1  9.000  -59.000  -32.000 0.0000000000
-1  8.000  -59.000  -32.000 0.0000000000
-1  7.000  -59.000  -32.000 0.0000000000
-1  6.000  -59.000  -32.000 0.0000000000
-1  5.000  -59.000  -32.000 0.0000000000
-1  4.000  -59.000  -32.000 0.0000000000
-1  3.000  -59.000  -32.000 0.0000000000
-1  26.000  -59.000  -33.000 0.0000000000
-1  25.000  -59.000  -33.000 0.0000000000
-1  24.000  -59.000  -33.000 0.0000000000
-1  23.000  -59.000  -33.000 0.0000000000
-1  22.000  -59.000  -33.000 0.0000000000
-1  21.000  -59.000  -33.000 0.0000000000
-1  20.000  -59.000  -33.000 0.0000000000
-1  19.000  -59.000  -33.000 0.0000000000
-1  18.000  -59.000  -33.000 0.0000000000
-1  17.000  -59.000  -33.000 0.0000000000
-1  16.000  -59.000  -33.000 0.0000000000
-1  15.000  -59.000  -33.000 0.0000000000
-1  14.000  -59.000  -33.000 0.0000000000
-1  13.000  -59.000  -33.000 0.0000000000
-1  12.000  -59.000  -33.000 0.0000000000
-1  11.000  -59.000  -33.000 0.0000000000
-1  10.000  -59.000  -33.000 0.0000000000
-1  9.000  -59.000  -33.000 0.0000000000
-1  8.000  -59.000  -33.000 0.0000000000
-1  7.000  -59.000  -33.000 0.0000000000
-1  6.000  -59.000  -33.000 0.0000000000
-1  27.000  -59.000  -34.000 0.0000000000
-1  26.000  -59.000  -34.000 0.0000000000
-1  25.000  -59.000  -34.000 0.0000000000
-1  24.000  -59.000  -34.000 0.0000000000
-1  23.000  -59.000  -34.000 0.0000000000
-1  22.000  -59.000  -34.000 0.0000000000
-1  21.000  -59.000  -34.000 0.0000000000
-1  20.000  -59.000  -34.000 0.0000000000
-1  19.000  -59.000  -34.000 0.0000000000
-1  18.000  -59.000  -34.000 0.0000000000
-1  17.000  -59.000  -34.000 0.0000000000
-1  16.000  -59.000  -34.000 0.0000000000
-1  15.000  -59.000  -34.000 0.0000000000
-1  14.000  -59.000  -34.000 0.0000000000
-1  13.000  -59.000  -34.000 0.0000000000
-1  12.000  -59.000  -34.000 0.0000000000
-1  28.000  -59.000  -35.000 0.0000000000
-1  27.000  -59.000  -35.000 0.0000000000
-1  26.000  -59.000  -35.000 0.0000000000
-1  25.000  -59.000  -35.000 0.0000000000
-1  24.000  -59.000  -35.000 0.0000000000
-1  23.000  -59.000  -35.000 0.0000000000
-1  22.000  -59.000  -35.000 0.0000000000
-1  21.000  -59.000  -35.000 0.0000000000
-1  20.000  -59.000  -35.000 0.0000000000
-1  19.000  -59.000  -35.000 0.0000000000
-1  18.000  -59.000  -35.000 0.0000000000
-1  17.000  -59.000  -35.000 0.0000000000
-1  16.000  -59.000  -35.000 0.0000000000
-1  15.000  -59.000  -35.000 0.0000000000
-1  14.000  -59.000  -35.000 0.0000000000
-1  13.000  -59.000  -35.000 0.0000000000
-1  29.000  -59.000  -36.000 0.0000000000
-1  28.000  -59.000  -36.000 0.0000000000
-1  27.000  -59.000  -36.000 0.0000000000
-1  26.000  -59.000  -36.000 0.0000000000
-1  25.000  -59.000  -36.000 0.0000000000
-1  24.000  -59.000  -36.000 0.0000000000
-1  23.000  -59.000  -36.000 0.0000000000
-1  22.000  -59.000  -36.000 0.0000000000
-1  21.000  -59.000  -36.000 0.0000000000
-1  20.000  -59.000  -36.000 0.0000000000
-1  19.000  -59.000  -36.000 0.0000000000
-1  18.000  -59.000  -36.000 0.0000000000
-1  17.000  -59.000  -36.000 0.0000000000
-1  16.000  -59.000  -36.000 0.0000000000
-1  15.000  -59.000  -36.000 0.0000000000
-1  14.000  -59.000  -36.000 0.0000000000
-1  13.000  -59.000  -36.000 0.0000000000
-1  38.000  -59.000  -37.000 0.0000000000
-1  35.000  -59.000  -37.000 0.0000000000
-1  33.000  -59.000  -37.000 0.0000000000
-1  32.000  -59.000  -37.000 0.0000000000
-1  31.000  -59.000  -37.000 0.0000000000
-1  30.000  -59.000  -37.000 0.0000000000
-1  29.000  -59.000  -37.000 0.0000000000
-1  28.000  -59.000  -37.000 0.0000000000
-1  27.000  -59.000  -37.000 0.0000000000
-1  26.000  -59.000  -37.000 0.0000000000
-1  25.000  -59.000  -37.000 0.0000000000
-1  24.000  -59.000  -37.000 0.0000000000
-1  23.000  -59.000  -37.000 0.0000000000
-1  22.000  -59.000  -37.000 0.0000000000
-1  21.000  -59.000  -37.000 0.0000000000
-1  20.000  -59.000  -37.000 0.0000000000
-1  19.000  -59.000  -37.000 0.0000000000
-1  18.000  -59.000  -37.000 0.0000000000
-1  17.000  -59.000  -37.000 0.0000000000
-1  16.000  -59.000  -37.000 0.0000000000
-1  15.000  -59.000  -37.000 0.0000000000
-1  14.000  -59.000  -37.000 0.0000000000
-1  13.000  -59.000  -37.000 0.0000000000
-1  40.000  -59.000  -38.000 0.0000000000
-1  39.000  -59.000  -38.000 0.0000000000
-1  38.000  -59.000  -38.000 0.0000000000
-1  37.000  -59.000  -38.000 0.0000000000
-1  36.000  -59.000  -38.000 0.0000000000
-1  35.000  -59.000  -38.000 0.0000000000
-1  34.000  -59.000  -38.000 0.0000000000
-1  33.000  -59.000  -38.000 0.0000000000
-1  32.000  -59.000  -38.000 0.0000000000
-1  31.000  -59.000  -38.000 0.0000000000
-1  30.000  -59.000  -38.000 0.0000000000
-1  29.000  -59.000  -38.000 0.0000000000
-1  28.000  -59.000  -38.000 0.0000000000
-1  27.000  -59.000  -38.000 0.0000000000
-1  26.000  -59.000  -38.000 0.0000000000
-1  25.000  -59.000  -38.000 0.0000000000
-1  24.000  -59.000  -38.000 0.0000000000
-1  23.000  -59.000  -38.000 0.0000000000
-1  22.000  -59.000  -38.000 0.0000000000
-1  21.000  -59.000  -38.000 0.0000000000
-1  20.000  -59.000  -38.000 0.0000000000
-1  19.000  -59.000  -38.000 0.0000000000
-1  18.000  -59.000  -38.000 0.0000000000
-1  17.000  -59.000  -38.000 0.0000000000
-1  16.000  -59.000  -38.000 0.0000000000
-1  15.000  -59.000  -38.000 0.0000000000
-1  14.000  -59.000  -38.000 0.0000000000
-1  13.000  -59.000  -38.000 0.0000000000
-1  38.000  -59.000  -39.000 0.0000000000
-1  37.000  -59.000  -39.000 0.0000000000
-1  36.000  -59.000  -39.000 0.0000000000
-1  35.000  -59.000  -39.000 0.0000000000
-1  34.000  -59.000  -39.000 0.0000000000
-1  33.000  -59.000  -39.000 0.0000000000
-1  32.000  -59.000  -39.000 0.0000000000
-1  31.000  -59.000  -39.000 0.0000000000
-1  30.000  -59.000  -39.000 0.0000000000
-1  29.000  -59.000  -39.000 0.0000000000
-1  28.000  -59.000  -39.000 0.0000000000
-1  27.000  -59.000  -39.000 0.0000000000
-1  26.000  -59.000  -39.000 0.0000000000
-1  25.000  -59.000  -39.000 0.0000000000
-1  24.000  -59.000  -39.000 0.0000000000
-1  23.000  -59.000  -39.000 0.0000000000
-1  22.000  -59.000  -39.000 0.0000000000
-1  21.000  -59.000  -39.000 0.0000000000
-1  20.000  -59.000  -39.000 0.0000000000
-1  19.000  -59.000  -39.000 0.0000000000
-1  18.000  -59.000  -39.000 0.0000000000
-1  17.000  -59.000  -39.000 0.0000000000
-1  16.000  -59.000  -39.000 0.0000000000
-1  15.000  -59.000  -39.000 0.0000000000
-1  14.000  -59.000  -39.000 0.0000000000
-1  13.000  -59.000  -39.000 0.0000000000
-1  36.000  -59.000  -40.000 0.0000000000
-1  35.000  -59.000  -40.000 0.0000000000
-1  34.000  -59.000  -40.000 0.0000000000
-1  33.000  -59.000  -40.000 0.0000000000
-1  32.000  -59.000  -40.000 0.0000000000
-1  31.000  -59.000  -40.000 0.0000000000
-1  30.000  -59.000  -40.000 0.0000000000
-1  29.000  -59.000  -40.000 0.0000000000
-1  28.000  -59.000  -40.000 0.0000000000
-1  27.000  -59.000  -40.000 0.0000000000
-1  26.000  -59.000  -40.000 0.0000000000
-1  25.000  -59.000  -40.000 0.0000000000
-1  24.000  -59.000  -40.000 0.0000000000
-1  23.000  -59.000  -40.000 0.0000000000
-1  22.000  -59.000  -40.000 0.0000000000
-1  21.000  -59.000  -40.000 0.0000000000
-1  20.000  -59.000  -40.000 0.0000000000
-1  19.000  -59.000  -40.000 0.0000000000
-1  18.000  -59.000  -40.000 0.0000000000
-1  17.000  -59.000  -40.000 0.0000000000
-1  16.000  -59.000  -40.000 0.0000000000
-1  15.000  -59.000  -40.000 0.0000000000
-1  14.000  -59.000  -40.000 0.0000000000
-1  13.000  -59.000  -40.000 0.0000000000
-1  12.000  -59.000  -40.000 0.0000000000
-1  36.000  -59.000  -41.000 0.0000000000
-1  35.000  -59.000  -41.000 0.0000000000
-1  34.000  -59.000  -41.000 0.0000000000
-1  33.000  -59.000  -41.000 0.0000000000
-1  32.000  -59.000  -41.000 0.0000000000
-1  31.000  -59.000  -41.000 0.0000000000
-1  30.000  -59.000  -41.000 0.0000000000
-1  29.000  -59.000  -41.000 0.0000000000
-1  28.000  -59.000  -41.000 0.0000000000
-1  27.000  -59.000  -41.000 0.0000000000
-1  26.000  -59.000  -41.000 0.0000000000
-1  25.000  -59.000  -41.000 0.0000000000
-1  24.000  -59.000  -41.000 0.0000000000
-1  23.000  -59.000  -41.000 0.0000000000
-1  22.000  -59.000  -41.000 0.0000000000
-1  21.000  -59.000  -41.000 0.0000000000
-1  20.000  -59.000  -41.000 0.0000000000
-1  19.000  -59.000  -41.000 0.0000000000
-1  18.000  -59.000  -41.000 0.0000000000
-1  17.000  -59.000  -41.000 0.0000000000
-1  16.000  -59.000  -41.000 0.0000000000
-1  15.000  -59.000  -41.000 0.0000000000
-1  14.000  -59.000  -41.000 0.0000000000
-1  13.000  -59.000  -41.000 0.0000000000
-1  12.000  -59.000  -41.000 0.0000000000
-1  35.000  -59.000  -42.000 0.0000000000
-1  34.000  -59.000  -42.000 0.0000000000
-1  33.000  -59.000  -42.000 0.0000000000
-1  32.000  -59.000  -42.000 0.0000000000
-1  31.000  -59.000  -42.000 0.0000000000
-1  30.000  -59.000  -42.000 0.0000000000
-1  29.000  -59.000  -42.000 0.0000000000
-1  28.000  -59.000  -42.000 0.0000000000
-1  27.000  -59.000  -42.000 0.0000000000
-1  26.000  -59.000  -42.000 0.0000000000
-1  25.000  -59.000  -42.000 0.0000000000
-1  24.000  -59.000  -42.000 0.0000000000
-1  23.000  -59.000  -42.000 0.0000000000
-1  22.000  -59.000  -42.000 0.0000000000
-1  21.000  -59.000  -42.000 0.0000000000
-1  20.000  -59.000  -42.000 0.0000000000
-1  19.000  -59.000  -42.000 0.0000000000
-1  18.000  -59.000  -42.000 0.0000000000
-1  17.000  -59.000  -42.000 0.0000000000
-1  16.000  -59.000  -42.000 0.0000000000
-1  15.000  -59.000  -42.000 0.0000000000
-1  14.000  -59.000  -42.000 0.0000000000
-1  13.000  -59.000  -42.000 0.0000000000
-1  12.000  -59.000  -42.000 0.0000000000
-1  11.000  -59.000  -42.000 0.0000000000
-1  34.000  -59.000  -43.000 0.0000000000
-1  33.000  -59.000  -43.000 0.0000000000
-1  32.000  -59.000  -43.000 0.0000000000
-1  31.000  -59.000  -43.000 0.0000000000
-1  30.000  -59.000  -43.000 0.0000000000
-1  29.000  -59.000  -43.000 0.0000000000
-1  28.000  -59.000  -43.000 0.0000000000
-1  27.000  -59.000  -43.000 0.0000000000
-1  26.000  -59.000  -43.000 0.0000000000
-1  25.000  -59.000  -43.000 0.0000000000
-1  24.000  -59.000  -43.000 0.0000000000
-1  23.000  -59.000  -43.000 0.0000000000
-1  22.000  -59.000  -43.000 0.0000000000
-1  21.000  -59.000  -43.000 0.0000000000
-1  20.000  -59.000  -43.000 0.0000000000
-1  19.000  -59.000  -43.000 0.0000000000
-1  18.000  -59.000  -43.000 0.0000000000
-1  17.000  -59.000  -43.000 0.0000000000
-1  16.000  -59.000  -43.000 0.0000000000
-1  15.000  -59.000  -43.000 0.0000000000
-1  14.000  -59.000  -43.000 0.0000000000
-1  13.000  -59.000  -43.000 0.0000000000
-1  12.000  -59.000  -43.000 0.0000000000
-1  34.000  -59.000  -44.000 0.0000000000
-1  33.000  -59.000  -44.000 0.0000000000
-1  32.000  -59.000  -44.000 0.0000000000
-1  31.000  -59.000  -44.000 0.0000000000
-1  30.000  -59.000  -44.000 0.0000000000
-1  29.000  -59.000  -44.000 0.0000000000
-1  28.000  -59.000  -44.000 0.0000000000
-1  27.000  -59.000  -44.000 0.0000000000
-1  26.000  -59.000  -44.000 0.0000000000
-1  25.000  -59.000  -44.000 0.0000000000
-1  24.000  -59.000  -44.000 0.0000000000
-1  23.000  -59.000  -44.000 0.0000000000
-1  22.000  -59.000  -44.000 0.0000000000
-1  21.000  -59.000  -44.000 0.0000000000
-1  20.000  -59.000  -44.000 0.0000000000
-1  19.000  -59.000  -44.000 0.0000000000
-1  18.000  -59.000  -44.000 0.0000000000
-1  17.000  -59.000  -44.000 0.0000000000
-1  16.000  -59.000  -44.000 0.0000000000
-1  15.000  -59.000  -44.000 0.0000000000
-1  13.000  -59.000  -44.000 0.0000000000
-1  12.000  -59.000  -44.000 0.0000000000
-1  11.000  -59.000  -44.000 0.0000000000
-1  33.000  -59.000  -45.000 0.0000000000
-1  32.000  -59.000  -45.000 0.0000000000
-1  31.000  -59.000  -45.000 0.0000000000
-1  30.000  -59.000  -45.000 0.0000000000
-1  29.000  -59.000  -45.000 0.0000000000
-1  28.000  -59.000  -45.000 0.0000000000
-1  27.000  -59.000  -45.000 0.0000000000
-1  26.000  -59.000  -45.000 0.0000000000
-1  25.000  -59.000  -45.000 0.0000000000
-1  24.000  -59.000  -45.000 0.0000000000
-1  23.000  -59.000  -45.000 0.0000000000
-1  22.000  -59.000  -45.000 0.0000000000
-1  21.000  -59.000  -45.000 0.0000000000
-1  20.000  -59.000  -45.000 0.0000000000
-1  19.000  -59.000  -45.000 0.0000000000
-1  11.000  -59.000  -45.000 0.0000000000
-1  31.000  -59.000  -46.000 0.0000000000
-1  30.000  -59.000  -46.000 0.0000000000
-1  29.000  -59.000  -46.000 0.0000000000
-1  28.000  -59.000  -46.000 0.0000000000
-1  27.000  -59.000  -46.000 0.0000000000
-1  26.000  -59.000  -46.000 0.0000000000
-1  25.000  -59.000  -46.000 0.0000000000
-1  4.000  -58.000  -15.000 0.0000000000
-1  3.000  -58.000  -15.000 0.0000000000
-1  2.000  -58.000  -15.000 0.0000000000
-1  1.000  -58.000  -15.000 0.0000000000
-1  5.000  -58.000  -16.000 0.0000000000
-1  4.000  -58.000  -16.000 0.0000000000
-1  3.000  -58.000  -16.000 0.0000000000
-1  2.000  -58.000  -16.000 0.0000000000
-1  6.000  -58.000  -17.000 0.0000000000
-1  5.000  -58.000  -17.000 0.0000000000
-1  4.000  -58.000  -17.000 0.0000000000
-1  3.000  -58.000  -17.000 0.0000000000
-1  2.000  -58.000  -17.000 0.0000000000
-1  1.000  -58.000  -17.000 0.0000000000
-1  6.000  -58.000  -18.000 0.0000000000
-1  5.000  -58.000  -18.000 0.0000000000
-1  4.000  -58.000  -18.000 0.0000000000
-1  3.000  -58.000  -18.000 0.0000000000
-1  2.000  -58.000  -18.000 0.0000000000
-1  7.000  -58.000  -19.000 0.0000000000
-1  6.000  -58.000  -19.000 0.0000000000
-1  5.000  -58.000  -19.000 0.0000000000
-1  4.000  -58.000  -19.000 0.0000000000
-1  3.000  -58.000  -19.000 0.0000000000
-1  2.000  -58.000  -19.000 0.0000000000
-1  0.000  -58.000  -19.000 0.0000000000
-1  8.000  -58.000  -20.000 0.0000000000
-1  7.000  -58.000  -20.000 0.0000000000
-1  6.000  -58.000  -20.000 0.0000000000
-1  5.000  -58.000  -20.000 0.0000000000
-1  4.000  -58.000  -20.000 0.0000000000
-1  3.000  -58.000  -20.000 0.0000000000
-1  2.000  -58.000  -20.000 0.0000000000
-1  1.000  -58.000  -20.000 0.0000000000
-1  0.000  -58.000  -20.000 0.0000000000
-1  8.000  -58.000  -21.000 0.0000000000
-1  7.000  -58.000  -21.000 0.0000000000
-1  6.000  -58.000  -21.000 0.0000000000
-1  5.000  -58.000  -21.000 0.0000000000
-1  4.000  -58.000  -21.000 0.0000000000
-1  3.000  -58.000  -21.000 0.0000000000
-1  2.000  -58.000  -21.000 0.0000000000
-1  1.000  -58.000  -21.000 0.0000000000
-1  0.000  -58.000  -21.000 0.0000000000
-1  10.000  -58.000  -22.000 0.0000000000
-1  9.000  -58.000  -22.000 0.0000000000
-1  8.000  -58.000  -22.000 0.0000000000
-1  7.000  -58.000  -22.000 0.0000000000
-1  6.000  -58.000  -22.000 0.0000000000
-1  5.000  -58.000  -22.000 0.0000000000
-1  4.000  -58.000  -22.000 0.0000000000
-1  3.000  -58.000  -22.000 0.0000000000
-1  2.000  -58.000  -22.000 0.0000000000
-1  0.000  -58.000  -22.000 0.0000000000
-1  10.000  -58.000  -23.000 0.0000000000
-1  9.000  -58.000  -23.000 0.0000000000
-1  8.000  -58.000  -23.000 0.0000000000
-1  7.000  -58.000  -23.000 0.0000000000
-1  6.000  -58.000  -23.000 0.0000000000
-1  5.000  -58.000  -23.000 0.0000000000
-1  4.000  -58.000  -23.000 0.0000000000
-1  3.000  -58.000  -23.000 0.0000000000
-1  2.000  -58.000  -23.000 0.0000000000
-1  1.000  -58.000  -23.000 0.0000000000
-1  11.000  -58.000  -24.000 0.0000000000
-1  10.000  -58.000  -24.000 0.0000000000
-1  9.000  -58.000  -24.000 0.0000000000
-1  8.000  -58.000  -24.000 0.0000000000
-1  7.000  -58.000  -24.000 0.0000000000
-1  6.000  -58.000  -24.000 0.0000000000
-1  5.000  -58.000  -24.000 0.0000000000
-1  4.000  -58.000  -24.000 0.0000000000
-1  3.000  -58.000  -24.000 0.0000000000
-1  2.000  -58.000  -24.000 0.0000000000
-1  13.000  -58.000  -25.000 0.0000000000
-1  12.000  -58.000  -25.000 0.0000000000
-1  11.000  -58.000  -25.000 0.0000000000
-1  10.000  -58.000  -25.000 0.0000000000
-1  9.000  -58.000  -25.000 0.0000000000
-1  8.000  -58.000  -25.000 0.0000000000
-1  7.000  -58.000  -25.000 0.0000000000
-1  6.000  -58.000  -25.000 0.0000000000
-1  5.000  -58.000  -25.000 0.0000000000
-1  4.000  -58.000  -25.000 0.0000000000
-1  3.000  -58.000  -25.000 0.0000000000
-1  14.000  -58.000  -26.000 0.0000000000
-1  13.000  -58.000  -26.000 0.0000000000
-1  12.000  -58.000  -26.000 0.0000000000
-1  11.000  -58.000  -26.000 0.0000000000
-1  10.000  -58.000  -26.000 0.0000000000
-1  9.000  -58.000  -26.000 0.0000000000
-1  8.000  -58.000  -26.000 0.0000000000
-1  7.000  -58.000  -26.000 0.0000000000
-1  6.000  -58.000  -26.000 0.0000000000
-1  5.000  -58.000  -26.000 0.0000000000
-1  4.000  -58.000  -26.000 0.0000000000
-1  3.000  -58.000  -26.000 0.0000000000
-1  2.000  -58.000  -26.000 0.0000000000
-1  16.000  -58.000  -27.000 0.0000000000
-1  15.000  -58.000  -27.000 0.0000000000
-1  14.000  -58.000  -27.000 0.0000000000
-1  13.000  -58.000  -27.000 0.0000000000
-1  12.000  -58.000  -27.000 0.0000000000
-1  11.000  -58.000  -27.000 0.0000000000
-1  10.000  -58.000  -27.000 0.0000000000
-1  9.000  -58.000  -27.000 0.0000000000
-1  8.000  -58.000  -27.000 0.0000000000
-1  7.000  -58.000  -27.000 0.0000000000
-1  6.000  -58.000  -27.000 0.0000000000
-1  5.000  -58.000  -27.000 0.0000000000
-1  4.000  -58.000  -27.000 0.0000000000
-1  3.000  -58.000  -27.000 0.0000000000
-1  2.000  -58.000  -27.000 0.0000000000
-1  1.000  -58.000  -27.000 0.0000000000
-1  18.000  -58.000  -28.000 0.0000000000
-1  17.000  -58.000  -28.000 0.0000000000
-1  16.000  -58.000  -28.000 0.0000000000
-1  15.000  -58.000  -28.000 0.0000000000
-1  14.000  -58.000  -28.000 0.0000000000
-1  13.000  -58.000  -28.000 0.0000000000
-1  12.000  -58.000  -28.000 0.0000000000
-1  11.000  -58.000  -28.000 0.0000000000
-1  10.000  -58.000  -28.000 0.0000000000
-1  9.000  -58.000  -28.000 0.0000000000
-1  8.000  -58.000  -28.000 0.0000000000
-1  7.000  -58.000  -28.000 0.0000000000
-1  6.000  -58.000  -28.000 0.0000000000
-1  5.000  -58.000  -28.000 0.0000000000
-1  4.000  -58.000  -28.000 0.0000000000
-1  3.000  -58.000  -28.000 0.0000000000
-1  2.000  -58.000  -28.000 0.0000000000
-1  21.000  -58.000  -29.000 0.0000000000
-1  20.000  -58.000  -29.000 0.0000000000
-1  19.000  -58.000  -29.000 0.0000000000
-1  18.000  -58.000  -29.000 0.0000000000
-1  17.000  -58.000  -29.000 0.0000000000
-1  16.000  -58.000  -29.000 0.0000000000
-1  15.000  -58.000  -29.000 0.0000000000
-1  14.000  -58.000  -29.000 0.0000000000
-1  13.000  -58.000  -29.000 0.0000000000
-1  12.000  -58.000  -29.000 0.0000000000
-1  11.000  -58.000  -29.000 0.0000000000
-1  10.000  -58.000  -29.000 0.0000000000
-1  9.000  -58.000  -29.000 0.0000000000
-1  8.000  -58.000  -29.000 0.0000000000
-1  7.000  -58.000  -29.000 0.0000000000
-1  6.000  -58.000  -29.000 0.0000000000
-1  5.000  -58.000  -29.000 0.0000000000
-1  4.000  -58.000  -29.000 0.0000000000
-1  3.000  -58.000  -29.000 0.0000000000
-1  2.000  -58.000  -29.000 0.0000000000
-1  23.000  -58.000  -30.000 0.0000000000
-1  22.000  -58.000  -30.000 0.0000000000
-1  21.000  -58.000  -30.000 0.0000000000
-1  20.000  -58.000  -30.000 0.0000000000
-1  19.000  -58.000  -30.000 0.0000000000
-1  18.000  -58.000  -30.000 0.0000000000
-1  17.000  -58.000  -30.000 0.0000000000
-1  16.000  -58.000  -30.000 0.0000000000
-1  15.000  -58.000  -30.000 0.0000000000
-1  14.000  -58.000  -30.000 0.0000000000
-1  13.000  -58.000  -30.000 0.0000000000
-1  12.000  -58.000  -30.000 0.0000000000
-1  11.000  -58.000  -30.000 0.0000000000
-1  10.000  -58.000  -30.000 0.0000000000
-1  9.000  -58.000  -30.000 0.0000000000
-1  8.000  -58.000  -30.000 0.0000000000
-1  7.000  -58.000  -30.000 0.0000000000
-1  6.000  -58.000  -30.000 0.0000000000
-1  5.000  -58.000  -30.000 0.0000000000
-1  4.000  -58.000  -30.000 0.0000000000
-1  3.000  -58.000  -30.000 0.0000000000
-1  2.000  -58.000  -30.000 0.0000000000
-1  24.000  -58.000  -31.000 0.0000000000
-1  23.000  -58.000  -31.000 0.0000000000
-1  22.000  -58.000  -31.000 0.0000000000
-1  21.000  -58.000  -31.000 0.0000000000
-1  20.000  -58.000  -31.000 0.0000000000
-1  19.000  -58.000  -31.000 0.0000000000
-1  18.000  -58.000  -31.000 0.0000000000
-1  17.000  -58.000  -31.000 0.0000000000
-1  16.000  -58.000  -31.000 0.0000000000
-1  15.000  -58.000  -31.000 0.0000000000
-1  14.000  -58.000  -31.000 0.0000000000
-1  13.000  -58.000  -31.000 0.0000000000
-1  12.000  -58.000  -31.000 0.0000000000
-1  11.000  -58.000  -31.000 0.0000000000
-1  10.000  -58.000  -31.000 0.0000000000
-1  9.000  -58.000  -31.000 0.0000000000
-1  8.000  -58.000  -31.000 0.0000000000
-1  7.000  -58.000  -31.000 0.0000000000
-1  6.000  -58.000  -31.000 0.0000000000
-1  5.000  -58.000  -31.000 0.0000000000
-1  4.000  -58.000  -31.000 0.0000000000
-1  3.000  -58.000  -31.000 0.0000000000
-1  2.000  -58.000  -31.000 0.0000000000
-1  25.000  -58.000  -32.000 0.0000000000
-1  24.000  -58.000  -32.000 0.0000000000
-1  23.000  -58.000  -32.000 0.0000000000
-1  22.000  -58.000  -32.000 0.0000000000
-1  21.000  -58.000  -32.000 0.0000000000
-1  20.000  -58.000  -32.000 0.0000000000
-1  19.000  -58.000  -32.000 0.0000000000
-1  18.000  -58.000  -32.000 0.0000000000
-1  17.000  -58.000  -32.000 0.0000000000
-1  16.000  -58.000  -32.000 0.0000000000
-1  15.000  -58.000  -32.000 0.0000000000
-1  14.000  -58.000  -32.000 0.0000000000
-1  13.000  -58.000  -32.000 0.0000000000
-1  12.000  -58.000  -32.000 0.0000000000
-1  11.000  -58.000  -32.000 0.0000000000
-1  10.000  -58.000  -32.000 0.0000000000
-1  9.000  -58.000  -32.000 0.0000000000
-1  8.000  -58.000  -32.000 0.0000000000
-1  7.000  -58.000  -32.000 0.0000000000
-1  6.000  -58.000  -32.000 0.0000000000
-1  5.000  -58.000  -32.000 0.0000000000
-1  4.000  -58.000  -32.000 0.0000000000
-1  3.000  -58.000  -32.000 0.0000000000
-1  27.000  -58.000  -33.000 0.0000000000
-1  26.000  -58.000  -33.000 0.0000000000
-1  25.000  -58.000  -33.000 0.0000000000
-1  24.000  -58.000  -33.000 0.0000000000
-1  23.000  -58.000  -33.000 0.0000000000
-1  22.000  -58.000  -33.000 0.0000000000
-1  21.000  -58.000  -33.000 0.0000000000
-1  20.000  -58.000  -33.000 0.0000000000
-1  19.000  -58.000  -33.000 0.0000000000
-1  18.000  -58.000  -33.000 0.0000000000
-1  17.000  -58.000  -33.000 0.0000000000
-1  16.000  -58.000  -33.000 0.0000000000
-1  15.000  -58.000  -33.000 0.0000000000
-1  14.000  -58.000  -33.000 0.0000000000
-1  13.000  -58.000  -33.000 0.0000000000
-1  12.000  -58.000  -33.000 0.0000000000
-1  27.000  -58.000  -34.000 0.0000000000
-1  26.000  -58.000  -34.000 0.0000000000
-1  25.000  -58.000  -34.000 0.0000000000
-1  24.000  -58.000  -34.000 0.0000000000
-1  23.000  -58.000  -34.000 0.0000000000
-1  22.000  -58.000  -34.000 0.0000000000
-1  21.000  -58.000  -34.000 0.0000000000
-1  20.000  -58.000  -34.000 0.0000000000
-1  19.000  -58.000  -34.000 0.0000000000
-1  18.000  -58.000  -34.000 0.0000000000
-1  17.000  -58.000  -34.000 0.0000000000
-1  16.000  -58.000  -34.000 0.0000000000
-1  15.000  -58.000  -34.000 0.0000000000
-1  14.000  -58.000  -34.000 0.0000000000
-1  13.000  -58.000  -34.000 0.0000000000
-1  12.000  -58.000  -34.000 0.0000000000
-1  28.000  -58.000  -35.000 0.0000000000
-1  27.000  -58.000  -35.000 0.0000000000
-1  26.000  -58.000  -35.000 0.0000000000
-1  25.000  -58.000  -35.000 0.0000000000
-1  24.000  -58.000  -35.000 0.0000000000
-1  23.000  -58.000  -35.000 0.0000000000
-1  22.000  -58.000  -35.000 0.0000000000
-1  21.000  -58.000  -35.000 0.0000000000
-1  20.000  -58.000  -35.000 0.0000000000
-1  19.000  -58.000  -35.000 0.0000000000
-1  18.000  -58.000  -35.000 0.0000000000
-1  17.000  -58.000  -35.000 0.0000000000
-1  16.000  -58.000  -35.000 0.0000000000
-1  15.000  -58.000  -35.000 0.0000000000
-1  14.000  -58.000  -35.000 0.0000000000
-1  13.000  -58.000  -35.000 0.0000000000
-1  29.000  -58.000  -36.000 0.0000000000
-1  28.000  -58.000  -36.000 0.0000000000
-1  27.000  -58.000  -36.000 0.0000000000
-1  26.000  -58.000  -36.000 0.0000000000
-1  25.000  -58.000  -36.000 0.0000000000
-1  24.000  -58.000  -36.000 0.0000000000
-1  23.000  -58.000  -36.000 0.0000000000
-1  22.000  -58.000  -36.000 0.0000000000
-1  21.000  -58.000  -36.000 0.0000000000
-1  20.000  -58.000  -36.000 0.0000000000
-1  19.000  -58.000  -36.000 0.0000000000
-1  18.000  -58.000  -36.000 0.0000000000
-1  17.000  -58.000  -36.000 0.0000000000
-1  16.000  -58.000  -36.000 0.0000000000
-1  15.000  -58.000  -36.000 0.0000000000
-1  14.000  -58.000  -36.000 0.0000000000
-1  13.000  -58.000  -36.000 0.0000000000
-1  32.000  -58.000  -37.000 0.0000000000
-1  31.000  -58.000  -37.000 0.0000000000
-1  30.000  -58.000  -37.000 0.0000000000
-1  29.000  -58.000  -37.000 0.0000000000
-1  28.000  -58.000  -37.000 0.0000000000
-1  27.000  -58.000  -37.000 0.0000000000
-1  26.000  -58.000  -37.000 0.0000000000
-1  25.000  -58.000  -37.000 0.0000000000
-1  24.000  -58.000  -37.000 0.0000000000
-1  23.000  -58.000  -37.000 0.0000000000
-1  22.000  -58.000  -37.000 0.0000000000
-1  21.000  -58.000  -37.000 0.0000000000
-1  20.000  -58.000  -37.000 0.0000000000
-1  19.000  -58.000  -37.000 0.0000000000
-1  18.000  -58.000  -37.000 0.0000000000
-1  17.000  -58.000  -37.000 0.0000000000
-1  16.000  -58.000  -37.000 0.0000000000
-1  15.000  -58.000  -37.000 0.0000000000
-1  14.000  -58.000  -37.000 0.0000000000
-1  13.000  -58.000  -37.000 0.0000000000
-1  41.000  -58.000  -38.000 0.0000000000
-1  40.000  -58.000  -38.000 0.0000000000
-1  39.000  -58.000  -38.000 0.0000000000
-1  38.000  -58.000  -38.000 0.0000000000
-1  37.000  -58.000  -38.000 0.0000000000
-1  36.000  -58.000  -38.000 0.0000000000
-1  35.000  -58.000  -38.000 0.0000000000
-1  34.000  -58.000  -38.000 0.0000000000
-1  33.000  -58.000  -38.000 0.0000000000
-1  32.000  -58.000  -38.000 0.0000000000
-1  31.000  -58.000  -38.000 0.0000000000
-1  30.000  -58.000  -38.000 0.0000000000
-1  29.000  -58.000  -38.000 0.0000000000
-1  28.000  -58.000  -38.000 0.0000000000
-1  27.000  -58.000  -38.000 0.0000000000
-1  26.000  -58.000  -38.000 0.0000000000
-1  25.000  -58.000  -38.000 0.0000000000
-1  24.000  -58.000  -38.000 0.0000000000
-1  23.000  -58.000  -38.000 0.0000000000
-1  22.000  -58.000  -38.000 0.0000000000
-1  21.000  -58.000  -38.000 0.0000000000
-1  20.000  -58.000  -38.000 0.0000000000
-1  19.000  -58.000  -38.000 0.0000000000
-1  18.000  -58.000  -38.000 0.0000000000
-1  17.000  -58.000  -38.000 0.0000000000
-1  16.000  -58.000  -38.000 0.0000000000
-1  15.000  -58.000  -38.000 0.0000000000
-1  14.000  -58.000  -38.000 0.0000000000
-1  13.000  -58.000  -38.000 0.0000000000
-1  39.000  -58.000  -39.000 0.0000000000
-1  38.000  -58.000  -39.000 0.0000000000
-1  37.000  -58.000  -39.000 0.0000000000
-1  36.000  -58.000  -39.000 0.0000000000
-1  35.000  -58.000  -39.000 0.0000000000
-1  34.000  -58.000  -39.000 0.0000000000
-1  33.000  -58.000  -39.000 0.0000000000
-1  32.000  -58.000  -39.000 0.0000000000
-1  31.000  -58.000  -39.000 0.0000000000
-1  30.000  -58.000  -39.000 0.0000000000
-1  29.000  -58.000  -39.000 0.0000000000
-1  28.000  -58.000  -39.000 0.0000000000
-1  27.000  -58.000  -39.000 0.0000000000
-1  26.000  -58.000  -39.000 0.0000000000
-1  25.000  -58.000  -39.000 0.0000000000
-1  24.000  -58.000  -39.000 0.0000000000
-1  23.000  -58.000  -39.000 0.0000000000
-1  22.000  -58.000  -39.000 0.0000000000
-1  21.000  -58.000  -39.000 0.0000000000
-1  20.000  -58.000  -39.000 0.0000000000
-1  19.000  -58.000  -39.000 0.0000000000
-1  18.000  -58.000  -39.000 0.0000000000
-1  17.000  -58.000  -39.000 0.0000000000
-1  16.000  -58.000  -39.000 0.0000000000
-1  15.000  -58.000  -39.000 0.0000000000
-1  14.000  -58.000  -39.000 0.0000000000
-1  13.000  -58.000  -39.000 0.0000000000
-1  37.000  -58.000  -40.000 0.0000000000
-1  36.000  -58.000  -40.000 0.0000000000
-1  35.000  -58.000  -40.000 0.0000000000
-1  34.000  -58.000  -40.000 0.0000000000
-1  33.000  -58.000  -40.000 0.0000000000
-1  32.000  -58.000  -40.000 0.0000000000
-1  31.000  -58.000  -40.000 0.0000000000
-1  30.000  -58.000  -40.000 0.0000000000
-1  29.000  -58.000  -40.000 0.0000000000
-1  28.000  -58.000  -40.000 0.0000000000
-1  27.000  -58.000  -40.000 0.0000000000
-1  26.000  -58.000  -40.000 0.0000000000
-1  25.000  -58.000  -40.000 0.0000000000
-1  24.000  -58.000  -40.000 0.0000000000
-1  23.000  -58.000  -40.000 0.0000000000
-1  22.000  -58.000  -40.000 0.0000000000
-1  21.000  -58.000  -40.000 0.0000000000
-1  20.000  -58.000  -40.000 0.0000000000
-1  19.000  -58.000  -40.000 0.0000000000
-1  18.000  -58.000  -40.000 0.0000000000
-1  17.000  -58.000  -40.000 0.0000000000
-1  16.000  -58.000  -40.000 0.0000000000
-1  15.000  -58.000  -40.000 0.0000000000
-1  14.000  -58.000  -40.000 0.0000000000
-1  13.000  -58.000  -40.000 0.0000000000
-1  37.000  -58.000  -41.000 0.0000000000
-1  36.000  -58.000  -41.000 0.0000000000
-1  35.000  -58.000  -41.000 0.0000000000
-1  34.000  -58.000  -41.000 0.0000000000
-1  33.000  -58.000  -41.000 0.0000000000
-1  32.000  -58.000  -41.000 0.0000000000
-1  31.000  -58.000  -41.000 0.0000000000
-1  30.000  -58.000  -41.000 0.0000000000
-1  29.000  -58.000  -41.000 0.0000000000
-1  28.000  -58.000  -41.000 0.0000000000
-1  27.000  -58.000  -41.000 0.0000000000
-1  26.000  -58.000  -41.000 0.0000000000
-1  25.000  -58.000  -41.000 0.0000000000
-1  24.000  -58.000  -41.000 0.0000000000
-1  23.000  -58.000  -41.000 0.0000000000
-1  22.000  -58.000  -41.000 0.0000000000
-1  21.000  -58.000  -41.000 0.0000000000
-1  20.000  -58.000  -41.000 0.0000000000
-1  19.000  -58.000  -41.000 0.0000000000
-1  18.000  -58.000  -41.000 0.0000000000
-1  17.000  -58.000  -41.000 0.0000000000
-1  16.000  -58.000  -41.000 0.0000000000
-1  15.000  -58.000  -41.000 0.0000000000
-1  14.000  -58.000  -41.000 0.0000000000
-1  13.000  -58.000  -41.000 0.0000000000
-1  12.000  -58.000  -41.000 0.0000000000
-1  36.000  -58.000  -42.000 0.0000000000
-1  35.000  -58.000  -42.000 0.0000000000
-1  34.000  -58.000  -42.000 0.0000000000
-1  33.000  -58.000  -42.000 0.0000000000
-1  32.000  -58.000  -42.000 0.0000000000
-1  31.000  -58.000  -42.000 0.0000000000
-1  30.000  -58.000  -42.000 0.0000000000
-1  29.000  -58.000  -42.000 0.0000000000
-1  28.000  -58.000  -42.000 0.0000000000
-1  27.000  -58.000  -42.000 0.0000000000
-1  26.000  -58.000  -42.000 0.0000000000
-1  25.000  -58.000  -42.000 0.0000000000
-1  24.000  -58.000  -42.000 0.0000000000
-1  23.000  -58.000  -42.000 0.0000000000
-1  22.000  -58.000  -42.000 0.0000000000
-1  21.000  -58.000  -42.000 0.0000000000
-1  20.000  -58.000  -42.000 0.0000000000
-1  19.000  -58.000  -42.000 0.0000000000
-1  18.000  -58.000  -42.000 0.0000000000
-1  17.000  -58.000  -42.000 0.0000000000
-1  16.000  -58.000  -42.000 0.0000000000
-1  15.000  -58.000  -42.000 0.0000000000
-1  14.000  -58.000  -42.000 0.0000000000
-1  13.000  -58.000  -42.000 0.0000000000
-1  12.000  -58.000  -42.000 0.0000000000
-1  34.000  -58.000  -43.000 0.0000000000
-1  33.000  -58.000  -43.000 0.0000000000
-1  32.000  -58.000  -43.000 0.0000000000
-1  31.000  -58.000  -43.000 0.0000000000
-1  30.000  -58.000  -43.000 0.0000000000
-1  29.000  -58.000  -43.000 0.0000000000
-1  28.000  -58.000  -43.000 0.0000000000
-1  27.000  -58.000  -43.000 0.0000000000
-1  26.000  -58.000  -43.000 0.0000000000
-1  25.000  -58.000  -43.000 0.0000000000
-1  24.000  -58.000  -43.000 0.0000000000
-1  23.000  -58.000  -43.000 0.0000000000
-1  22.000  -58.000  -43.000 0.0000000000
-1  21.000  -58.000  -43.000 0.0000000000
-1  20.000  -58.000  -43.000 0.0000000000
-1  19.000  -58.000  -43.000 0.0000000000
-1  18.000  -58.000  -43.000 0.0000000000
-1  17.000  -58.000  -43.000 0.0000000000
-1  16.000  -58.000  -43.000 0.0000000000
-1  15.000  -58.000  -43.000 0.0000000000
-1  14.000  -58.000  -43.000 0.0000000000
-1  13.000  -58.000  -43.000 0.0000000000
-1  12.000  -58.000  -43.000 0.0000000000
-1  34.000  -58.000  -44.000 0.0000000000
-1  33.000  -58.000  -44.000 0.0000000000
-1  32.000  -58.000  -44.000 0.0000000000
-1  31.000  -58.000  -44.000 0.0000000000
-1  30.000  -58.000  -44.000 0.0000000000
-1  29.000  -58.000  -44.000 0.0000000000
-1  28.000  -58.000  -44.000 0.0000000000
-1  27.000  -58.000  -44.000 0.0000000000
-1  26.000  -58.000  -44.000 0.0000000000
-1  25.000  -58.000  -44.000 0.0000000000
-1  24.000  -58.000  -44.000 0.0000000000
-1  23.000  -58.000  -44.000 0.0000000000
-1  22.000  -58.000  -44.000 0.0000000000
-1  21.000  -58.000  -44.000 0.0000000000
-1  20.000  -58.000  -44.000 0.0000000000
-1  19.000  -58.000  -44.000 0.0000000000
-1  18.000  -58.000  -44.000 0.0000000000
-1  17.000  -58.000  -44.000 0.0000000000
-1  16.000  -58.000  -44.000 0.0000000000
-1  15.000  -58.000  -44.000 0.0000000000
-1  14.000  -58.000  -44.000 0.0000000000
-1  13.000  -58.000  -44.000 0.0000000000
-1  12.000  -58.000  -44.000 0.0000000000
-1  11.000  -58.000  -44.000 0.0000000000
-1  10.000  -58.000  -44.000 0.0000000000
-1  34.000  -58.000  -45.000 0.0000000000
-1  33.000  -58.000  -45.000 0.0000000000
-1  32.000  -58.000  -45.000 0.0000000000
-1  31.000  -58.000  -45.000 0.0000000000
-1  30.000  -58.000  -45.000 0.0000000000
-1  29.000  -58.000  -45.000 0.0000000000
-1  28.000  -58.000  -45.000 0.0000000000
-1  27.000  -58.000  -45.000 0.0000000000
-1  26.000  -58.000  -45.000 0.0000000000
-1  25.000  -58.000  -45.000 0.0000000000
-1  24.000  -58.000  -45.000 0.0000000000
-1  23.000  -58.000  -45.000 0.0000000000
-1  22.000  -58.000  -45.000 0.0000000000
-1  21.000  -58.000  -45.000 0.0000000000
-1  20.000  -58.000  -45.000 0.0000000000
-1  19.000  -58.000  -45.000 0.0000000000
-1  18.000  -58.000  -45.000 0.0000000000
-1  17.000  -58.000  -45.000 0.0000000000
-1  11.000  -58.000  -45.000 0.0000000000
-1  10.000  -58.000  -45.000 0.0000000000
-1  31.000  -58.000  -46.000 0.0000000000
-1  30.000  -58.000  -46.000 0.0000000000
-1  29.000  -58.000  -46.000 0.0000000000
-1  28.000  -58.000  -46.000 0.0000000000
-1  27.000  -58.000  -46.000 0.0000000000
-1  26.000  -58.000  -46.000 0.0000000000
-1  25.000  -58.000  -46.000 0.0000000000
-1  24.000  -58.000  -46.000 0.0000000000
-1  23.000  -58.000  -46.000 0.0000000000
-1  22.000  -58.000  -46.000 0.0000000000
-1  21.000  -58.000  -46.000 0.0000000000
-1  20.000  -58.000  -46.000 0.0000000000
-1  19.000  -58.000  -46.000 0.0000000000
-1  4.000  -57.000  -14.000 0.0000000000
-1  5.000  -57.000  -15.000 0.0000000000
-1  4.000  -57.000  -15.000 0.0000000000
-1  3.000  -57.000  -15.000 0.0000000000
-1  5.000  -57.000  -16.000 0.0000000000
-1  4.000  -57.000  -16.000 0.0000000000
-1  3.000  -57.000  -16.000 0.0000000000
-1  6.000  -57.000  -17.000 0.0000000000
-1  5.000  -57.000  -17.000 0.0000000000
-1  4.000  -57.000  -17.000 0.0000000000
-1  3.000  -57.000  -17.000 0.0000000000
-1  6.000  -57.000  -18.000 0.0000000000
-1  5.000  -57.000  -18.000 0.0000000000
-1  4.000  -57.000  -18.000 0.0000000000
-1  3.000  -57.000  -18.000 0.0000000000
-1  7.000  -57.000  -19.000 0.0000000000
-1  6.000  -57.000  -19.000 0.0000000000
-1  5.000  -57.000  -19.000 0.0000000000
-1  4.000  -57.000  -19.000 0.0000000000
-1  3.000  -57.000  -19.000 0.0000000000
-1  8.000  -57.000  -20.000 0.0000000000
-1  7.000  -57.000  -20.000 0.0000000000
-1  6.000  -57.000  -20.000 0.0000000000
-1  5.000  -57.000  -20.000 0.0000000000
-1  4.000  -57.000  -20.000 0.0000000000
-1  3.000  -57.000  -20.000 0.0000000000
-1  8.000  -57.000  -21.000 0.0000000000
-1  7.000  -57.000  -21.000 0.0000000000
-1  6.000  -57.000  -21.000 0.0000000000
-1  5.000  -57.000  -21.000 0.0000000000
-1  4.000  -57.000  -21.000 0.0000000000
-1  3.000  -57.000  -21.000 0.0000000000
-1  9.000  -57.000  -22.000 0.0000000000
-1  8.000  -57.000  -22.000 0.0000000000
-1  7.000  -57.000  -22.000 0.0000000000
-1  6.000  -57.000  -22.000 0.0000000000
-1  5.000  -57.000  -22.000 0.0000000000
-1  4.000  -57.000  -22.000 0.0000000000
-1  3.000  -57.000  -22.000 0.0000000000
-1  11.000  -57.000  -23.000 0.0000000000
-1  10.000  -57.000  -23.000 0.0000000000
-1  9.000  -57.000  -23.000 0.0000000000
-1  8.000  -57.000  -23.000 0.0000000000
-1  7.000  -57.000  -23.000 0.0000000000
-1  6.000  -57.000  -23.000 0.0000000000
-1  5.000  -57.000  -23.000 0.0000000000
-1  4.000  -57.000  -23.000 0.0000000000
-1  3.000  -57.000  -23.000 0.0000000000
-1  1.000  -57.000  -23.000 0.0000000000
-1  12.000  -57.000  -24.000 0.0000000000
-1  11.000  -57.000  -24.000 0.0000000000
-1  10.000  -57.000  -24.000 0.0000000000
-1  9.000  -57.000  -24.000 0.0000000000
-1  8.000  -57.000  -24.000 0.0000000000
-1  7.000  -57.000  -24.000 0.0000000000
-1  6.000  -57.000  -24.000 0.0000000000
-1  5.000  -57.000  -24.000 0.0000000000
-1  4.000  -57.000  -24.000 0.0000000000
-1  3.000  -57.000  -24.000 0.0000000000
-1  2.000  -57.000  -24.000 0.0000000000
-1  1.000  -57.000  -24.000 0.0000000000
-1  0.000  -57.000  -24.000 0.0000000000
-1  14.000  -57.000  -25.000 0.0000000000
-1  13.000  -57.000  -25.000 0.0000000000
-1  12.000  -57.000  -25.000 0.0000000000
-1  11.000  -57.000  -25.000 0.0000000000
-1  10.000  -57.000  -25.000 0.0000000000
-1  9.000  -57.000  -25.000 0.0000000000
-1  8.000  -57.000  -25.000 0.0000000000
-1  7.000  -57.000  -25.000 0.0000000000
-1  6.000  -57.000  -25.000 0.0000000000
-1  5.000  -57.000  -25.000 0.0000000000
-1  4.000  -57.000  -25.000 0.0000000000
-1  3.000  -57.000  -25.000 0.0000000000
-1  2.000  -57.000  -25.000 0.0000000000
-1  15.000  -57.000  -26.000 0.0000000000
-1  14.000  -57.000  -26.000 0.0000000000
-1  13.000  -57.000  -26.000 0.0000000000
-1  12.000  -57.000  -26.000 0.0000000000
-1  11.000  -57.000  -26.000 0.0000000000
-1  10.000  -57.000  -26.000 0.0000000000
-1  9.000  -57.000  -26.000 0.0000000000
-1  8.000  -57.000  -26.000 0.0000000000
-1  7.000  -57.000  -26.000 0.0000000000
-1  6.000  -57.000  -26.000 0.0000000000
-1  5.000  -57.000  -26.000 0.0000000000
-1  4.000  -57.000  -26.000 0.0000000000
-1  3.000  -57.000  -26.000 0.0000000000
-1  2.000  -57.000  -26.000 0.0000000000
-1  17.000  -57.000  -27.000 0.0000000000
-1  16.000  -57.000  -27.000 0.0000000000
-1  15.000  -57.000  -27.000 0.0000000000
-1  14.000  -57.000  -27.000 0.0000000000
-1  13.000  -57.000  -27.000 0.0000000000
-1  12.000  -57.000  -27.000 0.0000000000
-1  11.000  -57.000  -27.000 0.0000000000
-1  10.000  -57.000  -27.000 0.0000000000
-1  9.000  -57.000  -27.000 0.0000000000
-1  8.000  -57.000  -27.000 0.0000000000
-1  7.000  -57.000  -27.000 0.0000000000
-1  6.000  -57.000  -27.000 0.0000000000
-1  5.000  -57.000  -27.000 0.0000000000
-1  4.000  -57.000  -27.000 0.0000000000
-1  3.000  -57.000  -27.000 0.0000000000
-1  2.000  -57.000  -27.000 0.0000000000
-1  18.000  -57.000  -28.000 0.0000000000
-1  17.000  -57.000  -28.000 0.0000000000
-1  16.000  -57.000  -28.000 0.0000000000
-1  15.000  -57.000  -28.000 0.0000000000
-1  14.000  -57.000  -28.000 0.0000000000
-1  13.000  -57.000  -28.000 0.0000000000
-1  12.000  -57.000  -28.000 0.0000000000
-1  11.000  -57.000  -28.000 0.0000000000
-1  10.000  -57.000  -28.000 0.0000000000
-1  9.000  -57.000  -28.000 0.0000000000
-1  8.000  -57.000  -28.000 0.0000000000
-1  7.000  -57.000  -28.000 0.0000000000
-1  6.000  -57.000  -28.000 0.0000000000
-1  5.000  -57.000  -28.000 0.0000000000
-1  4.000  -57.000  -28.000 0.0000000000
-1  3.000  -57.000  -28.000 0.0000000000
-1  2.000  -57.000  -28.000 0.0000000000
-1  1.000  -57.000  -28.000 0.0000000000
-1  20.000  -57.000  -29.000 0.0000000000
-1  19.000  -57.000  -29.000 0.0000000000
-1  18.000  -57.000  -29.000 0.0000000000
-1  17.000  -57.000  -29.000 0.0000000000
-1  16.000  -57.000  -29.000 0.0000000000
-1  15.000  -57.000  -29.000 0.0000000000
-1  14.000  -57.000  -29.000 0.0000000000
-1  13.000  -57.000  -29.000 0.0000000000
-1  12.000  -57.000  -29.000 0.0000000000
-1  11.000  -57.000  -29.000 0.0000000000
-1  10.000  -57.000  -29.000 0.0000000000
-1  9.000  -57.000  -29.000 0.0000000000
-1  8.000  -57.000  -29.000 0.0000000000
-1  7.000  -57.000  -29.000 0.0000000000
-1  6.000  -57.000  -29.000 0.0000000000
-1  5.000  -57.000  -29.000 0.0000000000
-1  4.000  -57.000  -29.000 0.0000000000
-1  3.000  -57.000  -29.000 0.0000000000
-1  2.000  -57.000  -29.000 0.0000000000
-1  22.000  -57.000  -30.000 0.0000000000
-1  21.000  -57.000  -30.000 0.0000000000
-1  20.000  -57.000  -30.000 0.0000000000
-1  19.000  -57.000  -30.000 0.0000000000
-1  18.000  -57.000  -30.000 0.0000000000
-1  17.000  -57.000  -30.000 0.0000000000
-1  16.000  -57.000  -30.000 0.0000000000
-1  15.000  -57.000  -30.000 0.0000000000
-1  14.000  -57.000  -30.000 0.0000000000
-1  13.000  -57.000  -30.000 0.0000000000
-1  12.000  -57.000  -30.000 0.0000000000
-1  11.000  -57.000  -30.000 0.0000000000
-1  10.000  -57.000  -30.000 0.0000000000
-1  9.000  -57.000  -30.000 0.0000000000
-1  8.000  -57.000  -30.000 0.0000000000
-1  7.000  -57.000  -30.000 0.0000000000
-1  6.000  -57.000  -30.000 0.0000000000
-1  5.000  -57.000  -30.000 0.0000000000
-1  4.000  -57.000  -30.000 0.0000000000
-1  3.000  -57.000  -30.000 0.0000000000
-1  2.000  -57.000  -30.000 0.0000000000
-1  24.000  -57.000  -31.000 0.0000000000
-1  23.000  -57.000  -31.000 0.0000000000
-1  22.000  -57.000  -31.000 0.0000000000
-1  21.000  -57.000  -31.000 0.0000000000
-1  20.000  -57.000  -31.000 0.0000000000
-1  19.000  -57.000  -31.000 0.0000000000
-1  18.000  -57.000  -31.000 0.0000000000
-1  17.000  -57.000  -31.000 0.0000000000
-1  16.000  -57.000  -31.000 0.0000000000
-1  15.000  -57.000  -31.000 0.0000000000
-1  14.000  -57.000  -31.000 0.0000000000
-1  13.000  -57.000  -31.000 0.0000000000
-1  12.000  -57.000  -31.000 0.0000000000
-1  11.000  -57.000  -31.000 0.0000000000
-1  10.000  -57.000  -31.000 0.0000000000
-1  9.000  -57.000  -31.000 0.0000000000
-1  8.000  -57.000  -31.000 0.0000000000
-1  7.000  -57.000  -31.000 0.0000000000
-1  6.000  -57.000  -31.000 0.0000000000
-1  5.000  -57.000  -31.000 0.0000000000
-1  4.000  -57.000  -31.000 0.0000000000
-1  3.000  -57.000  -31.000 0.0000000000
-1  26.000  -57.000  -32.000 0.0000000000
-1  25.000  -57.000  -32.000 0.0000000000
-1  24.000  -57.000  -32.000 0.0000000000
-1  23.000  -57.000  -32.000 0.0000000000
-1  22.000  -57.000  -32.000 0.0000000000
-1  21.000  -57.000  -32.000 0.0000000000
-1  20.000  -57.000  -32.000 0.0000000000
-1  19.000  -57.000  -32.000 0.0000000000
-1  18.000  -57.000  -32.000 0.0000000000
-1  17.000  -57.000  -32.000 0.0000000000
-1  16.000  -57.000  -32.000 0.0000000000
-1  15.000  -57.000  -32.000 0.0000000000
-1  14.000  -57.000  -32.000 0.0000000000
-1  13.000  -57.000  -32.000 0.0000000000
-1  12.000  -57.000  -32.000 0.0000000000
-1  11.000  -57.000  -32.000 0.0000000000
-1  10.000  -57.000  -32.000 0.0000000000
-1  9.000  -57.000  -32.000 0.0000000000
-1  8.000  -57.000  -32.000 0.0000000000
-1  7.000  -57.000  -32.000 0.0000000000
-1  6.000  -57.000  -32.000 0.0000000000
-1  5.000  -57.000  -32.000 0.0000000000
-1  28.000  -57.000  -33.000 0.0000000000
-1  27.000  -57.000  -33.000 0.0000000000
-1  26.000  -57.000  -33.000 0.0000000000
-1  25.000  -57.000  -33.000 0.0000000000
-1  24.000  -57.000  -33.000 0.0000000000
-1  23.000  -57.000  -33.000 0.0000000000
-1  22.000  -57.000  -33.000 0.0000000000
-1  21.000  -57.000  -33.000 0.0000000000
-1  20.000  -57.000  -33.000 0.0000000000
-1  19.000  -57.000  -33.000 0.0000000000
-1  18.000  -57.000  -33.000 0.0000000000
-1  17.000  -57.000  -33.000 0.0000000000
-1  16.000  -57.000  -33.000 0.0000000000
-1  15.000  -57.000  -33.000 0.0000000000
-1  14.000  -57.000  -33.000 0.0000000000
-1  13.000  -57.000  -33.000 0.0000000000
-1  12.000  -57.000  -33.000 0.0000000000
-1  11.000  -57.000  -33.000 0.0000000000
-1  28.000  -57.000  -34.000 0.0000000000
-1  27.000  -57.000  -34.000 0.0000000000
-1  26.000  -57.000  -34.000 0.0000000000
-1  25.000  -57.000  -34.000 0.0000000000
-1  24.000  -57.000  -34.000 0.0000000000
-1  23.000  -57.000  -34.000 0.0000000000
-1  22.000  -57.000  -34.000 0.0000000000
-1  21.000  -57.000  -34.000 0.0000000000
-1  20.000  -57.000  -34.000 0.0000000000
-1  19.000  -57.000  -34.000 0.0000000000
-1  18.000  -57.000  -34.000 0.0000000000
-1  17.000  -57.000  -34.000 0.0000000000
-1  16.000  -57.000  -34.000 0.0000000000
-1  15.000  -57.000  -34.000 0.0000000000
-1  14.000  -57.000  -34.000 0.0000000000
-1  13.000  -57.000  -34.000 0.0000000000
-1  12.000  -57.000  -34.000 0.0000000000
-1  29.000  -57.000  -35.000 0.0000000000
-1  28.000  -57.000  -35.000 0.0000000000
-1  27.000  -57.000  -35.000 0.0000000000
-1  26.000  -57.000  -35.000 0.0000000000
-1  25.000  -57.000  -35.000 0.0000000000
-1  24.000  -57.000  -35.000 0.0000000000
-1  23.000  -57.000  -35.000 0.0000000000
-1  22.000  -57.000  -35.000 0.0000000000
-1  21.000  -57.000  -35.000 0.0000000000
-1  20.000  -57.000  -35.000 0.0000000000
-1  19.000  -57.000  -35.000 0.0000000000
-1  18.000  -57.000  -35.000 0.0000000000
-1  17.000  -57.000  -35.000 0.0000000000
-1  16.000  -57.000  -35.000 0.0000000000
-1  15.000  -57.000  -35.000 0.0000000000
-1  14.000  -57.000  -35.000 0.0000000000
-1  13.000  -57.000  -35.000 0.0000000000
-1  30.000  -57.000  -36.000 0.0000000000
-1  29.000  -57.000  -36.000 0.0000000000
-1  28.000  -57.000  -36.000 0.0000000000
-1  27.000  -57.000  -36.000 0.0000000000
-1  26.000  -57.000  -36.000 0.0000000000
-1  25.000  -57.000  -36.000 0.0000000000
-1  24.000  -57.000  -36.000 0.0000000000
-1  23.000  -57.000  -36.000 0.0000000000
-1  22.000  -57.000  -36.000 0.0000000000
-1  21.000  -57.000  -36.000 0.0000000000
-1  20.000  -57.000  -36.000 0.0000000000
-1  19.000  -57.000  -36.000 0.0000000000
-1  18.000  -57.000  -36.000 0.0000000000
-1  17.000  -57.000  -36.000 0.0000000000
-1  16.000  -57.000  -36.000 0.0000000000
-1  15.000  -57.000  -36.000 0.0000000000
-1  14.000  -57.000  -36.000 0.0000000000
-1  13.000  -57.000  -36.000 0.0000000000
-1  33.000  -57.000  -37.000 0.0000000000
-1  32.000  -57.000  -37.000 0.0000000000
-1  31.000  -57.000  -37.000 0.0000000000
-1  30.000  -57.000  -37.000 0.0000000000
-1  29.000  -57.000  -37.000 0.0000000000
-1  28.000  -57.000  -37.000 0.0000000000
-1  27.000  -57.000  -37.000 0.0000000000
-1  26.000  -57.000  -37.000 0.0000000000
-1  25.000  -57.000  -37.000 0.0000000000
-1  24.000  -57.000  -37.000 0.0000000000
-1  23.000  -57.000  -37.000 0.0000000000
-1  22.000  -57.000  -37.000 0.0000000000
-1  21.000  -57.000  -37.000 0.0000000000
-1  20.000  -57.000  -37.000 0.0000000000
-1  19.000  -57.000  -37.000 0.0000000000
-1  18.000  -57.000  -37.000 0.0000000000
-1  17.000  -57.000  -37.000 0.0000000000
-1  16.000  -57.000  -37.000 0.0000000000
-1  15.000  -57.000  -37.000 0.0000000000
-1  14.000  -57.000  -37.000 0.0000000000
-1  13.000  -57.000  -37.000 0.0000000000
-1  41.000  -57.000  -38.000 0.0000000000
-1  40.000  -57.000  -38.000 0.0000000000
-1  39.000  -57.000  -38.000 0.0000000000
-1  38.000  -57.000  -38.000 0.0000000000
-1  37.000  -57.000  -38.000 0.0000000000
-1  36.000  -57.000  -38.000 0.0000000000
-1  35.000  -57.000  -38.000 0.0000000000
-1  34.000  -57.000  -38.000 0.0000000000
-1  33.000  -57.000  -38.000 0.0000000000
-1  32.000  -57.000  -38.000 0.0000000000
-1  31.000  -57.000  -38.000 0.0000000000
-1  30.000  -57.000  -38.000 0.0000000000
-1  29.000  -57.000  -38.000 0.0000000000
-1  28.000  -57.000  -38.000 0.0000000000
-1  27.000  -57.000  -38.000 0.0000000000
-1  26.000  -57.000  -38.000 0.0000000000
-1  25.000  -57.000  -38.000 0.0000000000
-1  24.000  -57.000  -38.000 0.0000000000
-1  23.000  -57.000  -38.000 0.0000000000
-1  22.000  -57.000  -38.000 0.0000000000
-1  21.000  -57.000  -38.000 0.0000000000
-1  20.000  -57.000  -38.000 0.0000000000
-1  19.000  -57.000  -38.000 0.0000000000
-1  18.000  -57.000  -38.000 0.0000000000
-1  17.000  -57.000  -38.000 0.0000000000
-1  16.000  -57.000  -38.000 0.0000000000
-1  15.000  -57.000  -38.000 0.0000000000
-1  14.000  -57.000  -38.000 0.0000000000
-1  13.000  -57.000  -38.000 0.0000000000
-1  40.000  -57.000  -39.000 0.0000000000
-1  39.000  -57.000  -39.000 0.0000000000
-1  38.000  -57.000  -39.000 0.0000000000
-1  37.000  -57.000  -39.000 0.0000000000
-1  36.000  -57.000  -39.000 0.0000000000
-1  35.000  -57.000  -39.000 0.0000000000
-1  34.000  -57.000  -39.000 0.0000000000
-1  33.000  -57.000  -39.000 0.0000000000
-1  32.000  -57.000  -39.000 0.0000000000
-1  31.000  -57.000  -39.000 0.0000000000
-1  30.000  -57.000  -39.000 0.0000000000
-1  29.000  -57.000  -39.000 0.0000000000
-1  28.000  -57.000  -39.000 0.0000000000
-1  27.000  -57.000  -39.000 0.0000000000
-1  26.000  -57.000  -39.000 0.0000000000
-1  25.000  -57.000  -39.000 0.0000000000
-1  24.000  -57.000  -39.000 0.0000000000
-1  23.000  -57.000  -39.000 0.0000000000
-1  22.000  -57.000  -39.000 0.0000000000
-1  21.000  -57.000  -39.000 0.0000000000
-1  20.000  -57.000  -39.000 0.0000000000
-1  19.000  -57.000  -39.000 0.0000000000
-1  18.000  -57.000  -39.000 0.0000000000
-1  17.000  -57.000  -39.000 0.0000000000
-1  16.000  -57.000  -39.000 0.0000000000
-1  15.000  -57.000  -39.000 0.0000000000
-1  14.000  -57.000  -39.000 0.0000000000
-1  13.000  -57.000  -39.000 0.0000000000
-1  38.000  -57.000  -40.000 0.0000000000
-1  37.000  -57.000  -40.000 0.0000000000
-1  36.000  -57.000  -40.000 0.0000000000
-1  35.000  -57.000  -40.000 0.0000000000
-1  34.000  -57.000  -40.000 0.0000000000
-1  33.000  -57.000  -40.000 0.0000000000
-1  32.000  -57.000  -40.000 0.0000000000
-1  31.000  -57.000  -40.000 0.0000000000
-1  30.000  -57.000  -40.000 0.0000000000
-1  29.000  -57.000  -40.000 0.0000000000
-1  28.000  -57.000  -40.000 0.0000000000
-1  27.000  -57.000  -40.000 0.0000000000
-1  26.000  -57.000  -40.000 0.0000000000
-1  25.000  -57.000  -40.000 0.0000000000
-1  24.000  -57.000  -40.000 0.0000000000
-1  23.000  -57.000  -40.000 0.0000000000
-1  22.000  -57.000  -40.000 0.0000000000
-1  21.000  -57.000  -40.000 0.0000000000
-1  20.000  -57.000  -40.000 0.0000000000
-1  19.000  -57.000  -40.000 0.0000000000
-1  18.000  -57.000  -40.000 0.0000000000
-1  17.000  -57.000  -40.000 0.0000000000
-1  16.000  -57.000  -40.000 0.0000000000
-1  15.000  -57.000  -40.000 0.0000000000
-1  14.000  -57.000  -40.000 0.0000000000
-1  13.000  -57.000  -40.000 0.0000000000
-1  37.000  -57.000  -41.000 0.0000000000
-1  36.000  -57.000  -41.000 0.0000000000
-1  35.000  -57.000  -41.000 0.0000000000
-1  34.000  -57.000  -41.000 0.0000000000
-1  33.000  -57.000  -41.000 0.0000000000
-1  32.000  -57.000  -41.000 0.0000000000
-1  31.000  -57.000  -41.000 0.0000000000
-1  30.000  -57.000  -41.000 0.0000000000
-1  29.000  -57.000  -41.000 0.0000000000
-1  28.000  -57.000  -41.000 0.0000000000
-1  27.000  -57.000  -41.000 0.0000000000
-1  26.000  -57.000  -41.000 0.0000000000
-1  25.000  -57.000  -41.000 0.0000000000
-1  24.000  -57.000  -41.000 0.0000000000
-1  23.000  -57.000  -41.000 0.0000000000
-1  22.000  -57.000  -41.000 0.0000000000
-1  21.000  -57.000  -41.000 0.0000000000
-1  20.000  -57.000  -41.000 0.0000000000
-1  19.000  -57.000  -41.000 0.0000000000
-1  18.000  -57.000  -41.000 0.0000000000
-1  17.000  -57.000  -41.000 0.0000000000
-1  16.000  -57.000  -41.000 0.0000000000
-1  15.000  -57.000  -41.000 0.0000000000
-1  14.000  -57.000  -41.000 0.0000000000
-1  13.000  -57.000  -41.000 0.0000000000
-1  12.000  -57.000  -41.000 0.0000000000
-1  36.000  -57.000  -42.000 0.0000000000
-1  35.000  -57.000  -42.000 0.0000000000
-1  34.000  -57.000  -42.000 0.0000000000
-1  33.000  -57.000  -42.000 0.0000000000
-1  32.000  -57.000  -42.000 0.0000000000
-1  31.000  -57.000  -42.000 0.0000000000
-1  30.000  -57.000  -42.000 0.0000000000
-1  29.000  -57.000  -42.000 0.0000000000
-1  28.000  -57.000  -42.000 0.0000000000
-1  27.000  -57.000  -42.000 0.0000000000
-1  26.000  -57.000  -42.000 0.0000000000
-1  25.000  -57.000  -42.000 0.0000000000
-1  24.000  -57.000  -42.000 0.0000000000
-1  23.000  -57.000  -42.000 0.0000000000
-1  22.000  -57.000  -42.000 0.0000000000
-1  21.000  -57.000  -42.000 0.0000000000
-1  20.000  -57.000  -42.000 0.0000000000
-1  19.000  -57.000  -42.000 0.0000000000
-1  18.000  -57.000  -42.000 0.0000000000
-1  17.000  -57.000  -42.000 0.0000000000
-1  16.000  -57.000  -42.000 0.0000000000
-1  15.000  -57.000  -42.000 0.0000000000
-1  14.000  -57.000  -42.000 0.0000000000
-1  13.000  -57.000  -42.000 0.0000000000
-1  12.000  -57.000  -42.000 0.0000000000
-1  35.000  -57.000  -43.000 0.0000000000
-1  34.000  -57.000  -43.000 0.0000000000
-1  33.000  -57.000  -43.000 0.0000000000
-1  32.000  -57.000  -43.000 0.0000000000
-1  31.000  -57.000  -43.000 0.0000000000
-1  30.000  -57.000  -43.000 0.0000000000
-1  29.000  -57.000  -43.000 0.0000000000
-1  28.000  -57.000  -43.000 0.0000000000
-1  27.000  -57.000  -43.000 0.0000000000
-1  26.000  -57.000  -43.000 0.0000000000
-1  25.000  -57.000  -43.000 0.0000000000
-1  24.000  -57.000  -43.000 0.0000000000
-1  23.000  -57.000  -43.000 0.0000000000
-1  22.000  -57.000  -43.000 0.0000000000
-1  21.000  -57.000  -43.000 0.0000000000
-1  20.000  -57.000  -43.000 0.0000000000
-1  19.000  -57.000  -43.000 0.0000000000
-1  18.000  -57.000  -43.000 0.0000000000
-1  17.000  -57.000  -43.000 0.0000000000
-1  16.000  -57.000  -43.000 0.0000000000
-1  15.000  -57.000  -43.000 0.0000000000
-1  14.000  -57.000  -43.000 0.0000000000
-1  13.000  -57.000  -43.000 0.0000000000
-1  12.000  -57.000  -43.000 0.0000000000
-1  11.000  -57.000  -43.000 0.0000000000
-1  34.000  -57.000  -44.000 0.0000000000
-1  33.000  -57.000  -44.000 0.0000000000
-1  32.000  -57.000  -44.000 0.0000000000
-1  31.000  -57.000  -44.000 0.0000000000
-1  30.000  -57.000  -44.000 0.0000000000
-1  29.000  -57.000  -44.000 0.0000000000
-1  28.000  -57.000  -44.000 0.0000000000
-1  27.000  -57.000  -44.000 0.0000000000
-1  26.000  -57.000  -44.000 0.0000000000
-1  25.000  -57.000  -44.000 0.0000000000
-1  24.000  -57.000  -44.000 0.0000000000
-1  23.000  -57.000  -44.000 0.0000000000
-1  22.000  -57.000  -44.000 0.0000000000
-1  21.000  -57.000  -44.000 0.0000000000
-1  20.000  -57.000  -44.000 0.0000000000
-1  19.000  -57.000  -44.000 0.0000000000
-1  18.000  -57.000  -44.000 0.0000000000
-1  17.000  -57.000  -44.000 0.0000000000
-1  16.000  -57.000  -44.000 0.0000000000
-1  15.000  -57.000  -44.000 0.0000000000
-1  14.000  -57.000  -44.000 0.0000000000
-1  13.000  -57.000  -44.000 0.0000000000
-1  12.000  -57.000  -44.000 0.0000000000
-1  11.000  -57.000  -44.000 0.0000000000
-1  10.000  -57.000  -44.000 0.0000000000
-1  34.000  -57.000  -45.000 0.0000000000
-1  33.000  -57.000  -45.000 0.0000000000
-1  32.000  -57.000  -45.000 0.0000000000
-1  31.000  -57.000  -45.000 0.0000000000
-1  30.000  -57.000  -45.000 0.0000000000
-1  29.000  -57.000  -45.000 0.0000000000
-1  28.000  -57.000  -45.000 0.0000000000
-1  27.000  -57.000  -45.000 0.0000000000
-1  26.000  -57.000  -45.000 0.0000000000
-1  25.000  -57.000  -45.000 0.0000000000
-1  24.000  -57.000  -45.000 0.0000000000
-1  23.000  -57.000  -45.000 0.0000000000
-1  22.000  -57.000  -45.000 0.0000000000
-1  21.000  -57.000  -45.000 0.0000000000
-1  20.000  -57.000  -45.000 0.0000000000
-1  19.000  -57.000  -45.000 0.0000000000
-1  18.000  -57.000  -45.000 0.0000000000
-1  11.000  -57.000  -45.000 0.0000000000
-1  10.000  -57.000  -45.000 0.0000000000
-1  32.000  -57.000  -46.000 0.0000000000
-1  31.000  -57.000  -46.000 0.0000000000
-1  30.000  -57.000  -46.000 0.0000000000
-1  29.000  -57.000  -46.000 0.0000000000
-1  28.000  -57.000  -46.000 0.0000000000
-1  27.000  -57.000  -46.000 0.0000000000
-1  26.000  -57.000  -46.000 0.0000000000
-1  25.000  -57.000  -46.000 0.0000000000
-1  24.000  -57.000  -46.000 0.0000000000
-1  23.000  -57.000  -46.000 0.0000000000
-1  22.000  -57.000  -46.000 0.0000000000
-1  21.000  -57.000  -46.000 0.0000000000
-1  20.000  -57.000  -46.000 0.0000000000
-1  28.000  -57.000  -47.000 0.0000000000
-1  27.000  -57.000  -47.000 0.0000000000
-1  5.000  -56.000  -15.000 0.0000000000
-1  4.000  -56.000  -15.000 0.0000000000
-1  6.000  -56.000  -16.000 0.0000000000
-1  5.000  -56.000  -16.000 0.0000000000
-1  4.000  -56.000  -16.000 0.0000000000
-1  6.000  -56.000  -17.000 0.0000000000
-1  5.000  -56.000  -17.000 0.0000000000
-1  4.000  -56.000  -17.000 0.0000000000
-1  7.000  -56.000  -18.000 0.0000000000
-1  6.000  -56.000  -18.000 0.0000000000
-1  5.000  -56.000  -18.000 0.0000000000
-1  7.000  -56.000  -19.000 0.0000000000
-1  6.000  -56.000  -19.000 0.0000000000
-1  5.000  -56.000  -19.000 0.0000000000
-1  4.000  -56.000  -19.000 0.0000000000
-1  8.000  -56.000  -20.000 0.0000000000
-1  7.000  -56.000  -20.000 0.0000000000
-1  6.000  -56.000  -20.000 0.0000000000
-1  5.000  -56.000  -20.000 0.0000000000
-1  4.000  -56.000  -20.000 0.0000000000
-1  10.000  -56.000  -21.000 0.0000000000
-1  9.000  -56.000  -21.000 0.0000000000
-1  8.000  -56.000  -21.000 0.0000000000
-1  7.000  -56.000  -21.000 0.0000000000
-1  6.000  -56.000  -21.000 0.0000000000
-1  5.000  -56.000  -21.000 0.0000000000
-1  4.000  -56.000  -21.000 0.0000000000
-1  10.000  -56.000  -22.000 0.0000000000
-1  9.000  -56.000  -22.000 0.0000000000
-1  8.000  -56.000  -22.000 0.0000000000
-1  7.000  -56.000  -22.000 0.0000000000
-1  6.000  -56.000  -22.000 0.0000000000
-1  5.000  -56.000  -22.000 0.0000000000
-1  4.000  -56.000  -22.000 0.0000000000
-1  10.000  -56.000  -23.000 0.0000000000
-1  9.000  -56.000  -23.000 0.0000000000
-1  8.000  -56.000  -23.000 0.0000000000
-1  7.000  -56.000  -23.000 0.0000000000
-1  6.000  -56.000  -23.000 0.0000000000
-1  5.000  -56.000  -23.000 0.0000000000
-1  4.000  -56.000  -23.000 0.0000000000
-1  3.000  -56.000  -23.000 0.0000000000
-1  13.000  -56.000  -24.000 0.0000000000
-1  12.000  -56.000  -24.000 0.0000000000
-1  11.000  -56.000  -24.000 0.0000000000
-1  10.000  -56.000  -24.000 0.0000000000
-1  9.000  -56.000  -24.000 0.0000000000
-1  8.000  -56.000  -24.000 0.0000000000
-1  7.000  -56.000  -24.000 0.0000000000
-1  6.000  -56.000  -24.000 0.0000000000
-1  5.000  -56.000  -24.000 0.0000000000
-1  4.000  -56.000  -24.000 0.0000000000
-1  3.000  -56.000  -24.000 0.0000000000
-1  2.000  -56.000  -24.000 0.0000000000
-1  1.000  -56.000  -24.000 0.0000000000
-1  14.000  -56.000  -25.000 0.0000000000
-1  13.000  -56.000  -25.000 0.0000000000
-1  12.000  -56.000  -25.000 0.0000000000
-1  11.000  -56.000  -25.000 0.0000000000
-1  10.000  -56.000  -25.000 0.0000000000
-1  9.000  -56.000  -25.000 0.0000000000
-1  8.000  -56.000  -25.000 0.0000000000
-1  7.000  -56.000  -25.000 0.0000000000
-1  6.000  -56.000  -25.000 0.0000000000
-1  5.000  -56.000  -25.000 0.0000000000
-1  4.000  -56.000  -25.000 0.0000000000
-1  3.000  -56.000  -25.000 0.0000000000
-1  15.000  -56.000  -26.000 0.0000000000
-1  14.000  -56.000  -26.000 0.0000000000
-1  13.000  -56.000  -26.000 0.0000000000
-1  12.000  -56.000  -26.000 0.0000000000
-1  11.000  -56.000  -26.000 0.0000000000
-1  10.000  -56.000  -26.000 0.0000000000
-1  9.000  -56.000  -26.000 0.0000000000
-1  8.000  -56.000  -26.000 0.0000000000
-1  7.000  -56.000  -26.000 0.0000000000
-1  6.000  -56.000  -26.000 0.0000000000
-1  5.000  -56.000  -26.000 0.0000000000
-1  4.000  -56.000  -26.000 0.0000000000
-1  3.000  -56.000  -26.000 0.0000000000
-1  2.000  -56.000  -26.000 0.0000000000
-1  1.000  -56.000  -26.000 0.0000000000
-1  0.000  -56.000  -26.000 0.0000000000
-1  17.000  -56.000  -27.000 0.0000000000
-1  16.000  -56.000  -27.000 0.0000000000
-1  15.000  -56.000  -27.000 0.0000000000
-1  14.000  -56.000  -27.000 0.0000000000
-1  13.000  -56.000  -27.000 0.0000000000
-1  12.000  -56.000  -27.000 0.0000000000
-1  11.000  -56.000  -27.000 0.0000000000
-1  10.000  -56.000  -27.000 0.0000000000
-1  9.000  -56.000  -27.000 0.0000000000
-1  8.000  -56.000  -27.000 0.0000000000
-1  7.000  -56.000  -27.000 0.0000000000
-1  6.000  -56.000  -27.000 0.0000000000
-1  5.000  -56.000  -27.000 0.0000000000
-1  4.000  -56.000  -27.000 0.0000000000
-1  3.000  -56.000  -27.000 0.0000000000
-1  2.000  -56.000  -27.000 0.0000000000
-1  1.000  -56.000  -27.000 0.0000000000
-1  0.000  -56.000  -27.000 0.0000000000
-1  19.000  -56.000  -28.000 0.0000000000
-1  18.000  -56.000  -28.000 0.0000000000
-1  17.000  -56.000  -28.000 0.0000000000
-1  16.000  -56.000  -28.000 0.0000000000
-1  15.000  -56.000  -28.000 0.0000000000
-1  14.000  -56.000  -28.000 0.0000000000
-1  13.000  -56.000  -28.000 0.0000000000
-1  12.000  -56.000  -28.000 0.0000000000
-1  11.000  -56.000  -28.000 0.0000000000
-1  10.000  -56.000  -28.000 0.0000000000
-1  9.000  -56.000  -28.000 0.0000000000
-1  8.000  -56.000  -28.000 0.0000000000
-1  7.000  -56.000  -28.000 0.0000000000
-1  6.000  -56.000  -28.000 0.0000000000
-1  5.000  -56.000  -28.000 0.0000000000
-1  4.000  -56.000  -28.000 0.0000000000
-1  3.000  -56.000  -28.000 0.0000000000
-1  2.000  -56.000  -28.000 0.0000000000
-1  1.000  -56.000  -28.000 0.0000000000
-1  21.000  -56.000  -29.000 0.0000000000
-1  20.000  -56.000  -29.000 0.0000000000
-1  19.000  -56.000  -29.000 0.0000000000
-1  18.000  -56.000  -29.000 0.0000000000
-1  17.000  -56.000  -29.000 0.0000000000
-1  16.000  -56.000  -29.000 0.0000000000
-1  15.000  -56.000  -29.000 0.0000000000
-1  14.000  -56.000  -29.000 0.0000000000
-1  13.000  -56.000  -29.000 0.0000000000
-1  12.000  -56.000  -29.000 0.0000000000
-1  11.000  -56.000  -29.000 0.0000000000
-1  10.000  -56.000  -29.000 0.0000000000
-1  9.000  -56.000  -29.000 0.0000000000
-1  8.000  -56.000  -29.000 0.0000000000
-1  7.000  -56.000  -29.000 0.0000000000
-1  6.000  -56.000  -29.000 0.0000000000
-1  5.000  -56.000  -29.000 0.0000000000
-1  4.000  -56.000  -29.000 0.0000000000
-1  3.000  -56.000  -29.000 0.0000000000
-1  2.000  -56.000  -29.000 0.0000000000
-1  1.000  -56.000  -29.000 0.0000000000
-1  23.000  -56.000  -30.000 0.0000000000
-1  22.000  -56.000  -30.000 0.0000000000
-1  21.000  -56.000  -30.000 0.0000000000
-1  20.000  -56.000  -30.000 0.0000000000
-1  19.000  -56.000  -30.000 0.0000000000
-1  18.000  -56.000  -30.000 0.0000000000
-1  17.000  -56.000  -30.000 0.0000000000
-1  16.000  -56.000  -30.000 0.0000000000
-1  15.000  -56.000  -30.000 0.0000000000
-1  14.000  -56.000  -30.000 0.0000000000
-1  13.000  -56.000  -30.000 0.0000000000
-1  12.000  -56.000  -30.000 0.0000000000
-1  11.000  -56.000  -30.000 0.0000000000
-1  10.000  -56.000  -30.000 0.0000000000
-1  9.000  -56.000  -30.000 0.0000000000
-1  8.000  -56.000  -30.000 0.0000000000
-1  7.000  -56.000  -30.000 0.0000000000
-1  6.000  -56.000  -30.000 0.0000000000
-1  5.000  -56.000  -30.000 0.0000000000
-1  4.000  -56.000  -30.000 0.0000000000
-1  3.000  -56.000  -30.000 0.0000000000
-1  2.000  -56.000  -30.000 0.0000000000
-1  0.000  -56.000  -30.000 0.0000000000
-1  26.000  -56.000  -31.000 0.0000000000
-1  25.000  -56.000  -31.000 0.0000000000
-1  24.000  -56.000  -31.000 0.0000000000
-1  23.000  -56.000  -31.000 0.0000000000
-1  22.000  -56.000  -31.000 0.0000000000
-1  21.000  -56.000  -31.000 0.0000000000
-1  20.000  -56.000  -31.000 0.0000000000
-1  19.000  -56.000  -31.000 0.0000000000
-1  18.000  -56.000  -31.000 0.0000000000
-1  17.000  -56.000  -31.000 0.0000000000
-1  16.000  -56.000  -31.000 0.0000000000
-1  15.000  -56.000  -31.000 0.0000000000
-1  14.000  -56.000  -31.000 0.0000000000
-1  13.000  -56.000  -31.000 0.0000000000
-1  12.000  -56.000  -31.000 0.0000000000
-1  11.000  -56.000  -31.000 0.0000000000
-1  10.000  -56.000  -31.000 0.0000000000
-1  9.000  -56.000  -31.000 0.0000000000
-1  8.000  -56.000  -31.000 0.0000000000
-1  7.000  -56.000  -31.000 0.0000000000
-1  6.000  -56.000  -31.000 0.0000000000
-1  26.000  -56.000  -32.000 0.0000000000
-1  25.000  -56.000  -32.000 0.0000000000
-1  24.000  -56.000  -32.000 0.0000000000
-1  23.000  -56.000  -32.000 0.0000000000
-1  22.000  -56.000  -32.000 0.0000000000
-1  21.000  -56.000  -32.000 0.0000000000
-1  20.000  -56.000  -32.000 0.0000000000
-1  19.000  -56.000  -32.000 0.0000000000
-1  18.000  -56.000  -32.000 0.0000000000
-1  17.000  -56.000  -32.000 0.0000000000
-1  16.000  -56.000  -32.000 0.0000000000
-1  15.000  -56.000  -32.000 0.0000000000
-1  14.000  -56.000  -32.000 0.0000000000
-1  13.000  -56.000  -32.000 0.0000000000
-1  12.000  -56.000  -32.000 0.0000000000
-1  11.000  -56.000  -32.000 0.0000000000
-1  10.000  -56.000  -32.000 0.0000000000
-1  9.000  -56.000  -32.000 0.0000000000
-1  8.000  -56.000  -32.000 0.0000000000
-1  7.000  -56.000  -32.000 0.0000000000
-1  6.000  -56.000  -32.000 0.0000000000
-1  28.000  -56.000  -33.000 0.0000000000
-1  27.000  -56.000  -33.000 0.0000000000
-1  26.000  -56.000  -33.000 0.0000000000
-1  25.000  -56.000  -33.000 0.0000000000
-1  24.000  -56.000  -33.000 0.0000000000
-1  23.000  -56.000  -33.000 0.0000000000
-1  22.000  -56.000  -33.000 0.0000000000
-1  21.000  -56.000  -33.000 0.0000000000
-1  20.000  -56.000  -33.000 0.0000000000
-1  19.000  -56.000  -33.000 0.0000000000
-1  18.000  -56.000  -33.000 0.0000000000
-1  17.000  -56.000  -33.000 0.0000000000
-1  16.000  -56.000  -33.000 0.0000000000
-1  15.000  -56.000  -33.000 0.0000000000
-1  14.000  -56.000  -33.000 0.0000000000
-1  13.000  -56.000  -33.000 0.0000000000
-1  12.000  -56.000  -33.000 0.0000000000
-1  11.000  -56.000  -33.000 0.0000000000
-1  10.000  -56.000  -33.000 0.0000000000
-1  28.000  -56.000  -34.000 0.0000000000
-1  27.000  -56.000  -34.000 0.0000000000
-1  26.000  -56.000  -34.000 0.0000000000
-1  25.000  -56.000  -34.000 0.0000000000
-1  24.000  -56.000  -34.000 0.0000000000
-1  23.000  -56.000  -34.000 0.0000000000
-1  22.000  -56.000  -34.000 0.0000000000
-1  21.000  -56.000  -34.000 0.0000000000
-1  20.000  -56.000  -34.000 0.0000000000
-1  19.000  -56.000  -34.000 0.0000000000
-1  18.000  -56.000  -34.000 0.0000000000
-1  17.000  -56.000  -34.000 0.0000000000
-1  16.000  -56.000  -34.000 0.0000000000
-1  15.000  -56.000  -34.000 0.0000000000
-1  14.000  -56.000  -34.000 0.0000000000
-1  13.000  -56.000  -34.000 0.0000000000
-1  12.000  -56.000  -34.000 0.0000000000
-1  29.000  -56.000  -35.000 0.0000000000
-1  28.000  -56.000  -35.000 0.0000000000
-1  27.000  -56.000  -35.000 0.0000000000
-1  26.000  -56.000  -35.000 0.0000000000
-1  25.000  -56.000  -35.000 0.0000000000
-1  24.000  -56.000  -35.000 0.0000000000
-1  23.000  -56.000  -35.000 0.0000000000
-1  22.000  -56.000  -35.000 0.0000000000
-1  21.000  -56.000  -35.000 0.0000000000
-1  20.000  -56.000  -35.000 0.0000000000
-1  19.000  -56.000  -35.000 0.0000000000
-1  18.000  -56.000  -35.000 0.0000000000
-1  17.000  -56.000  -35.000 0.0000000000
-1  16.000  -56.000  -35.000 0.0000000000
-1  15.000  -56.000  -35.000 0.0000000000
-1  14.000  -56.000  -35.000 0.0000000000
-1  13.000  -56.000  -35.000 0.0000000000
-1  29.000  -56.000  -36.000 0.0000000000
-1  28.000  -56.000  -36.000 0.0000000000
-1  27.000  -56.000  -36.000 0.0000000000
-1  26.000  -56.000  -36.000 0.0000000000
-1  25.000  -56.000  -36.000 0.0000000000
-1  24.000  -56.000  -36.000 0.0000000000
-1  23.000  -56.000  -36.000 0.0000000000
-1  22.000  -56.000  -36.000 0.0000000000
-1  21.000  -56.000  -36.000 0.0000000000
-1  20.000  -56.000  -36.000 0.0000000000
-1  19.000  -56.000  -36.000 0.0000000000
-1  18.000  -56.000  -36.000 0.0000000000
-1  17.000  -56.000  -36.000 0.0000000000
-1  16.000  -56.000  -36.000 0.0000000000
-1  15.000  -56.000  -36.000 0.0000000000
-1  14.000  -56.000  -36.000 0.0000000000
-1  13.000  -56.000  -36.000 0.0000000000
-1  31.000  -56.000  -37.000 0.0000000000
-1  30.000  -56.000  -37.000 0.0000000000
-1  29.000  -56.000  -37.000 0.0000000000
-1  28.000  -56.000  -37.000 0.0000000000
-1  27.000  -56.000  -37.000 0.0000000000
-1  26.000  -56.000  -37.000 0.0000000000
-1  25.000  -56.000  -37.000 0.0000000000
-1  24.000  -56.000  -37.000 0.0000000000
-1  23.000  -56.000  -37.000 0.0000000000
-1  22.000  -56.000  -37.000 0.0000000000
-1  21.000  -56.000  -37.000 0.0000000000
-1  20.000  -56.000  -37.000 0.0000000000
-1  19.000  -56.000  -37.000 0.0000000000
-1  18.000  -56.000  -37.000 0.0000000000
-1  17.000  -56.000  -37.000 0.0000000000
-1  16.000  -56.000  -37.000 0.0000000000
-1  15.000  -56.000  -37.000 0.0000000000
-1  14.000  -56.000  -37.000 0.0000000000
-1  13.000  -56.000  -37.000 0.0000000000
-1  38.000  -56.000  -38.000 0.0000000000
-1  37.000  -56.000  -38.000 0.0000000000
-1  36.000  -56.000  -38.000 0.0000000000
-1  35.000  -56.000  -38.000 0.0000000000
-1  34.000  -56.000  -38.000 0.0000000000
-1  33.000  -56.000  -38.000 0.0000000000
-1  32.000  -56.000  -38.000 0.0000000000
-1  31.000  -56.000  -38.000 0.0000000000
-1  30.000  -56.000  -38.000 0.0000000000
-1  29.000  -56.000  -38.000 0.0000000000
-1  28.000  -56.000  -38.000 0.0000000000
-1  27.000  -56.000  -38.000 0.0000000000
-1  26.000  -56.000  -38.000 0.0000000000
-1  25.000  -56.000  -38.000 0.0000000000
-1  24.000  -56.000  -38.000 0.0000000000
-1  23.000  -56.000  -38.000 0.0000000000
-1  22.000  -56.000  -38.000 0.0000000000
-1  21.000  -56.000  -38.000 0.0000000000
-1  20.000  -56.000  -38.000 0.0000000000
-1  19.000  -56.000  -38.000 0.0000000000
-1  18.000  -56.000  -38.000 0.0000000000
-1  17.000  -56.000  -38.000 0.0000000000
-1  16.000  -56.000  -38.000 0.0000000000
-1  15.000  -56.000  -38.000 0.0000000000
-1  14.000  -56.000  -38.000 0.0000000000
-1  41.000  -56.000  -39.000 0.0000000000
-1  40.000  -56.000  -39.000 0.0000000000
-1  39.000  -56.000  -39.000 0.0000000000
-1  38.000  -56.000  -39.000 0.0000000000
-1  37.000  -56.000  -39.000 0.0000000000
-1  36.000  -56.000  -39.000 0.0000000000
-1  35.000  -56.000  -39.000 0.0000000000
-1  34.000  -56.000  -39.000 0.0000000000
-1  33.000  -56.000  -39.000 0.0000000000
-1  32.000  -56.000  -39.000 0.0000000000
-1  31.000  -56.000  -39.000 0.0000000000
-1  30.000  -56.000  -39.000 0.0000000000
-1  29.000  -56.000  -39.000 0.0000000000
-1  28.000  -56.000  -39.000 0.0000000000
-1  27.000  -56.000  -39.000 0.0000000000
-1  26.000  -56.000  -39.000 0.0000000000
-1  25.000  -56.000  -39.000 0.0000000000
-1  24.000  -56.000  -39.000 0.0000000000
-1  23.000  -56.000  -39.000 0.0000000000
-1  22.000  -56.000  -39.000 0.0000000000
-1  21.000  -56.000  -39.000 0.0000000000
-1  20.000  -56.000  -39.000 0.0000000000
-1  19.000  -56.000  -39.000 0.0000000000
-1  18.000  -56.000  -39.000 0.0000000000
-1  17.000  -56.000  -39.000 0.0000000000
-1  16.000  -56.000  -39.000 0.0000000000
-1  15.000  -56.000  -39.000 0.0000000000
-1  14.000  -56.000  -39.000 0.0000000000
-1  13.000  -56.000  -39.000 0.0000000000
-1  41.000  -56.000  -40.000 0.0000000000
-1  40.000  -56.000  -40.000 0.0000000000
-1  39.000  -56.000  -40.000 0.0000000000
-1  38.000  -56.000  -40.000 0.0000000000
-1  37.000  -56.000  -40.000 0.0000000000
-1  36.000  -56.000  -40.000 0.0000000000
-1  35.000  -56.000  -40.000 0.0000000000
-1  34.000  -56.000  -40.000 0.0000000000
-1  33.000  -56.000  -40.000 0.0000000000
-1  32.000  -56.000  -40.000 0.0000000000
-1  31.000  -56.000  -40.000 0.0000000000
-1  30.000  -56.000  -40.000 0.0000000000
-1  29.000  -56.000  -40.000 0.0000000000
-1  28.000  -56.000  -40.000 0.0000000000
-1  27.000  -56.000  -40.000 0.0000000000
-1  26.000  -56.000  -40.000 0.0000000000
-1  25.000  -56.000  -40.000 0.0000000000
-1  24.000  -56.000  -40.000 0.0000000000
-1  23.000  -56.000  -40.000 0.0000000000
-1  22.000  -56.000  -40.000 0.0000000000
-1  21.000  -56.000  -40.000 0.0000000000
-1  20.000  -56.000  -40.000 0.0000000000
-1  19.000  -56.000  -40.000 0.0000000000
-1  18.000  -56.000  -40.000 0.0000000000
-1  17.000  -56.000  -40.000 0.0000000000
-1  16.000  -56.000  -40.000 0.0000000000
-1  15.000  -56.000  -40.000 0.0000000000
-1  14.000  -56.000  -40.000 0.0000000000
-1  13.000  -56.000  -40.000 0.0000000000
-1  37.000  -56.000  -41.000 0.0000000000
-1  36.000  -56.000  -41.000 0.0000000000
-1  35.000  -56.000  -41.000 0.0000000000
-1  34.000  -56.000  -41.000 0.0000000000
-1  33.000  -56.000  -41.000 0.0000000000
-1  32.000  -56.000  -41.000 0.0000000000
-1  31.000  -56.000  -41.000 0.0000000000
-1  30.000  -56.000  -41.000 0.0000000000
-1  29.000  -56.000  -41.000 0.0000000000
-1  28.000  -56.000  -41.000 0.0000000000
-1  27.000  -56.000  -41.000 0.0000000000
-1  26.000  -56.000  -41.000 0.0000000000
-1  25.000  -56.000  -41.000 0.0000000000
-1  24.000  -56.000  -41.000 0.0000000000
-1  23.000  -56.000  -41.000 0.0000000000
-1  22.000  -56.000  -41.000 0.0000000000
-1  21.000  -56.000  -41.000 0.0000000000
-1  20.000  -56.000  -41.000 0.0000000000
-1  19.000  -56.000  -41.000 0.0000000000
-1  18.000  -56.000  -41.000 0.0000000000
-1  17.000  -56.000  -41.000 0.0000000000
-1  16.000  -56.000  -41.000 0.0000000000
-1  15.000  -56.000  -41.000 0.0000000000
-1  14.000  -56.000  -41.000 0.0000000000
-1  13.000  -56.000  -41.000 0.0000000000
-1  37.000  -56.000  -42.000 0.0000000000
-1  36.000  -56.000  -42.000 0.0000000000
-1  35.000  -56.000  -42.000 0.0000000000
-1  34.000  -56.000  -42.000 0.0000000000
-1  33.000  -56.000  -42.000 0.0000000000
-1  32.000  -56.000  -42.000 0.0000000000
-1  31.000  -56.000  -42.000 0.0000000000
-1  30.000  -56.000  -42.000 0.0000000000
-1  29.000  -56.000  -42.000 0.0000000000
-1  28.000  -56.000  -42.000 0.0000000000
-1  27.000  -56.000  -42.000 0.0000000000
-1  26.000  -56.000  -42.000 0.0000000000
-1  25.000  -56.000  -42.000 0.0000000000
-1  24.000  -56.000  -42.000 0.0000000000
-1  23.000  -56.000  -42.000 0.0000000000
-1  22.000  -56.000  -42.000 0.0000000000
-1  21.000  -56.000  -42.000 0.0000000000
-1  20.000  -56.000  -42.000 0.0000000000
-1  19.000  -56.000  -42.000 0.0000000000
-1  18.000  -56.000  -42.000 0.0000000000
-1  17.000  -56.000  -42.000 0.0000000000
-1  16.000  -56.000  -42.000 0.0000000000
-1  15.000  -56.000  -42.000 0.0000000000
-1  14.000  -56.000  -42.000 0.0000000000
-1  13.000  -56.000  -42.000 0.0000000000
-1  12.000  -56.000  -42.000 0.0000000000
-1  11.000  -56.000  -42.000 0.0000000000
-1  35.000  -56.000  -43.000 0.0000000000
-1  34.000  -56.000  -43.000 0.0000000000
-1  33.000  -56.000  -43.000 0.0000000000
-1  32.000  -56.000  -43.000 0.0000000000
-1  31.000  -56.000  -43.000 0.0000000000
-1  30.000  -56.000  -43.000 0.0000000000
-1  29.000  -56.000  -43.000 0.0000000000
-1  28.000  -56.000  -43.000 0.0000000000
-1  27.000  -56.000  -43.000 0.0000000000
-1  26.000  -56.000  -43.000 0.0000000000
-1  25.000  -56.000  -43.000 0.0000000000
-1  24.000  -56.000  -43.000 0.0000000000
-1  23.000  -56.000  -43.000 0.0000000000
-1  22.000  -56.000  -43.000 0.0000000000
-1  21.000  -56.000  -43.000 0.0000000000
-1  20.000  -56.000  -43.000 0.0000000000
-1  19.000  -56.000  -43.000 0.0000000000
-1  18.000  -56.000  -43.000 0.0000000000
-1  17.000  -56.000  -43.000 0.0000000000
-1  16.000  -56.000  -43.000 0.0000000000
-1  15.000  -56.000  -43.000 0.0000000000
-1  14.000  -56.000  -43.000 0.0000000000
-1  13.000  -56.000  -43.000 0.0000000000
-1  12.000  -56.000  -43.000 0.0000000000
-1  35.000  -56.000  -44.000 0.0000000000
-1  34.000  -56.000  -44.000 0.0000000000
-1  33.000  -56.000  -44.000 0.0000000000
-1  32.000  -56.000  -44.000 0.0000000000
-1  31.000  -56.000  -44.000 0.0000000000
-1  30.000  -56.000  -44.000 0.0000000000
-1  29.000  -56.000  -44.000 0.0000000000
-1  28.000  -56.000  -44.000 0.0000000000
-1  27.000  -56.000  -44.000 0.0000000000
-1  26.000  -56.000  -44.000 0.0000000000
-1  25.000  -56.000  -44.000 0.0000000000
-1  24.000  -56.000  -44.000 0.0000000000
-1  23.000  -56.000  -44.000 0.0000000000
-1  22.000  -56.000  -44.000 0.0000000000
-1  21.000  -56.000  -44.000 0.0000000000
-1  20.000  -56.000  -44.000 0.0000000000
-1  19.000  -56.000  -44.000 0.0000000000
-1  18.000  -56.000  -44.000 0.0000000000
-1  17.000  -56.000  -44.000 0.0000000000
-1  16.000  -56.000  -44.000 0.0000000000
-1  15.000  -56.000  -44.000 0.0000000000
-1  14.000  -56.000  -44.000 0.0000000000
-1  13.000  -56.000  -44.000 0.0000000000
-1  12.000  -56.000  -44.000 0.0000000000
-1  11.000  -56.000  -44.000 0.0000000000
-1  33.000  -56.000  -45.000 0.0000000000
-1  32.000  -56.000  -45.000 0.0000000000
-1  31.000  -56.000  -45.000 0.0000000000
-1  30.000  -56.000  -45.000 0.0000000000
-1  29.000  -56.000  -45.000 0.0000000000
-1  28.000  -56.000  -45.000 0.0000000000
-1  27.000  -56.000  -45.000 0.0000000000
-1  26.000  -56.000  -45.000 0.0000000000
-1  25.000  -56.000  -45.000 0.0000000000
-1  24.000  -56.000  -45.000 0.0000000000
-1  23.000  -56.000  -45.000 0.0000000000
-1  22.000  -56.000  -45.000 0.0000000000
-1  21.000  -56.000  -45.000 0.0000000000
-1  20.000  -56.000  -45.000 0.0000000000
-1  19.000  -56.000  -45.000 0.0000000000
-1  18.000  -56.000  -45.000 0.0000000000
-1  32.000  -56.000  -46.000 0.0000000000
-1  31.000  -56.000  -46.000 0.0000000000
-1  30.000  -56.000  -46.000 0.0000000000
-1  29.000  -56.000  -46.000 0.0000000000
-1  28.000  -56.000  -46.000 0.0000000000
-1  27.000  -56.000  -46.000 0.0000000000
-1  26.000  -56.000  -46.000 0.0000000000
-1  25.000  -56.000  -46.000 0.0000000000
-1  24.000  -56.000  -46.000 0.0000000000
-1  23.000  -56.000  -46.000 0.0000000000
-1  22.000  -56.000  -46.000 0.0000000000
-1  21.000  -56.000  -46.000 0.0000000000
-1  20.000  -56.000  -46.000 0.0000000000
-1  28.000  -56.000  -47.000 0.0000000000
-1  27.000  -56.000  -47.000 0.0000000000
-1  26.000  -56.000  -47.000 0.0000000000
-1  23.000  -56.000  -47.000 0.0000000000
-1  22.000  -56.000  -47.000 0.0000000000
-1  6.000  -55.000  -17.000 0.0000000000
-1  5.000  -55.000  -17.000 0.0000000000
-1  8.000  -55.000  -18.000 0.0000000000
-1  7.000  -55.000  -18.000 0.0000000000
-1  6.000  -55.000  -18.000 0.0000000000
-1  5.000  -55.000  -18.000 0.0000000000
-1  8.000  -55.000  -19.000 0.0000000000
-1  7.000  -55.000  -19.000 0.0000000000
-1  6.000  -55.000  -19.000 0.0000000000
-1  5.000  -55.000  -19.000 0.0000000000
-1  4.000  -55.000  -19.000 0.0000000000
-1  9.000  -55.000  -20.000 0.0000000000
-1  8.000  -55.000  -20.000 0.0000000000
-1  7.000  -55.000  -20.000 0.0000000000
-1  6.000  -55.000  -20.000 0.0000000000
-1  5.000  -55.000  -20.000 0.0000000000
-1  9.000  -55.000  -21.000 0.0000000000
-1  8.000  -55.000  -21.000 0.0000000000
-1  7.000  -55.000  -21.000 0.0000000000
-1  6.000  -55.000  -21.000 0.0000000000
-1  5.000  -55.000  -21.000 0.0000000000
-1  10.000  -55.000  -22.000 0.0000000000
-1  9.000  -55.000  -22.000 0.0000000000
-1  8.000  -55.000  -22.000 0.0000000000
-1  7.000  -55.000  -22.000 0.0000000000
-1  6.000  -55.000  -22.000 0.0000000000
-1  5.000  -55.000  -22.000 0.0000000000
-1  4.000  -55.000  -22.000 0.0000000000
-1  11.000  -55.000  -23.000 0.0000000000
-1  10.000  -55.000  -23.000 0.0000000000
-1  9.000  -55.000  -23.000 0.0000000000
-1  8.000  -55.000  -23.000 0.0000000000
-1  7.000  -55.000  -23.000 0.0000000000
-1  6.000  -55.000  -23.000 0.0000000000
-1  5.000  -55.000  -23.000 0.0000000000
-1  4.000  -55.000  -23.000 0.0000000000
-1  12.000  -55.000  -24.000 0.0000000000
-1  11.000  -55.000  -24.000 0.0000000000
-1  10.000  -55.000  -24.000 0.0000000000
-1  9.000  -55.000  -24.000 0.0000000000
-1  8.000  -55.000  -24.000 0.0000000000
-1  7.000  -55.000  -24.000 0.0000000000
-1  6.000  -55.000  -24.000 0.0000000000
-1  5.000  -55.000  -24.000 0.0000000000
-1  4.000  -55.000  -24.000 0.0000000000
-1  3.000  -55.000  -24.000 0.0000000000
-1  15.000  -55.000  -25.000 0.0000000000
-1  14.000  -55.000  -25.000 0.0000000000
-1  13.000  -55.000  -25.000 0.0000000000
-1  12.000  -55.000  -25.000 0.0000000000
-1  11.000  -55.000  -25.000 0.0000000000
-1  10.000  -55.000  -25.000 0.0000000000
-1  9.000  -55.000  -25.000 0.0000000000
-1  8.000  -55.000  -25.000 0.0000000000
-1  7.000  -55.000  -25.000 0.0000000000
-1  6.000  -55.000  -25.000 0.0000000000
-1  5.000  -55.000  -25.000 0.0000000000
-1  4.000  -55.000  -25.000 0.0000000000
-1  3.000  -55.000  -25.000 0.0000000000
-1  1.000  -55.000  -25.000 0.0000000000
-1  16.000  -55.000  -26.000 0.0000000000
-1  15.000  -55.000  -26.000 0.0000000000
-1  14.000  -55.000  -26.000 0.0000000000
-1  13.000  -55.000  -26.000 0.0000000000
-1  12.000  -55.000  -26.000 0.0000000000
-1  11.000  -55.000  -26.000 0.0000000000
-1  10.000  -55.000  -26.000 0.0000000000
-1  9.000  -55.000  -26.000 0.0000000000
-1  8.000  -55.000  -26.000 0.0000000000
-1  7.000  -55.000  -26.000 0.0000000000
-1  6.000  -55.000  -26.000 0.0000000000
-1  5.000  -55.000  -26.000 0.0000000000
-1  4.000  -55.000  -26.000 0.0000000000
-1  3.000  -55.000  -26.000 0.0000000000
-1  2.000  -55.000  -26.000 0.0000000000
-1  1.000  -55.000  -26.000 0.0000000000
-1  0.000  -55.000  -26.000 0.0000000000
-1  17.000  -55.000  -27.000 0.0000000000
-1  16.000  -55.000  -27.000 0.0000000000
-1  15.000  -55.000  -27.000 0.0000000000
-1  14.000  -55.000  -27.000 0.0000000000
-1  13.000  -55.000  -27.000 0.0000000000
-1  12.000  -55.000  -27.000 0.0000000000
-1  11.000  -55.000  -27.000 0.0000000000
-1  10.000  -55.000  -27.000 0.0000000000
-1  9.000  -55.000  -27.000 0.0000000000
-1  8.000  -55.000  -27.000 0.0000000000
-1  7.000  -55.000  -27.000 0.0000000000
-1  6.000  -55.000  -27.000 0.0000000000
-1  5.000  -55.000  -27.000 0.0000000000
-1  4.000  -55.000  -27.000 0.0000000000
-1  3.000  -55.000  -27.000 0.0000000000
-1  2.000  -55.000  -27.000 0.0000000000
-1  1.000  -55.000  -27.000 0.0000000000
-1  0.000  -55.000  -27.000 0.0000000000
-1  19.000  -55.000  -28.000 0.0000000000
-1  18.000  -55.000  -28.000 0.0000000000
-1  17.000  -55.000  -28.000 0.0000000000
-1  16.000  -55.000  -28.000 0.0000000000
-1  15.000  -55.000  -28.000 0.0000000000
-1  14.000  -55.000  -28.000 0.0000000000
-1  13.000  -55.000  -28.000 0.0000000000
-1  12.000  -55.000  -28.000 0.0000000000
-1  11.000  -55.000  -28.000 0.0000000000
-1  10.000  -55.000  -28.000 0.0000000000
-1  9.000  -55.000  -28.000 0.0000000000
-1  8.000  -55.000  -28.000 0.0000000000
-1  7.000  -55.000  -28.000 0.0000000000
-1  6.000  -55.000  -28.000 0.0000000000
-1  5.000  -55.000  -28.000 0.0000000000
-1  4.000  -55.000  -28.000 0.0000000000
-1  3.000  -55.000  -28.000 0.0000000000
-1  2.000  -55.000  -28.000 0.0000000000
-1  1.000  -55.000  -28.000 0.0000000000
-1  0.000  -55.000  -28.000 0.0000000000
-1  22.000  -55.000  -29.000 0.0000000000
-1  21.000  -55.000  -29.000 0.0000000000
-1  20.000  -55.000  -29.000 0.0000000000
-1  19.000  -55.000  -29.000 0.0000000000
-1  18.000  -55.000  -29.000 0.0000000000
-1  17.000  -55.000  -29.000 0.0000000000
-1  16.000  -55.000  -29.000 0.0000000000
-1  15.000  -55.000  -29.000 0.0000000000
-1  14.000  -55.000  -29.000 0.0000000000
-1  13.000  -55.000  -29.000 0.0000000000
-1  12.000  -55.000  -29.000 0.0000000000
-1  11.000  -55.000  -29.000 0.0000000000
-1  10.000  -55.000  -29.000 0.0000000000
-1  9.000  -55.000  -29.000 0.0000000000
-1  8.000  -55.000  -29.000 0.0000000000
-1  7.000  -55.000  -29.000 0.0000000000
-1  6.000  -55.000  -29.000 0.0000000000
-1  5.000  -55.000  -29.000 0.0000000000
-1  4.000  -55.000  -29.000 0.0000000000
-1  3.000  -55.000  -29.000 0.0000000000
-1  2.000  -55.000  -29.000 0.0000000000
-1  0.000  -55.000  -29.000 0.0000000000
-1  23.000  -55.000  -30.000 0.0000000000
-1  22.000  -55.000  -30.000 0.0000000000
-1  21.000  -55.000  -30.000 0.0000000000
-1  20.000  -55.000  -30.000 0.0000000000
-1  19.000  -55.000  -30.000 0.0000000000
-1  18.000  -55.000  -30.000 0.0000000000
-1  17.000  -55.000  -30.000 0.0000000000
-1  16.000  -55.000  -30.000 0.0000000000
-1  15.000  -55.000  -30.000 0.0000000000
-1  14.000  -55.000  -30.000 0.0000000000
-1  13.000  -55.000  -30.000 0.0000000000
-1  12.000  -55.000  -30.000 0.0000000000
-1  11.000  -55.000  -30.000 0.0000000000
-1  10.000  -55.000  -30.000 0.0000000000
-1  9.000  -55.000  -30.000 0.0000000000
-1  8.000  -55.000  -30.000 0.0000000000
-1  7.000  -55.000  -30.000 0.0000000000
-1  6.000  -55.000  -30.000 0.0000000000
-1  5.000  -55.000  -30.000 0.0000000000
-1  4.000  -55.000  -30.000 0.0000000000
-1  3.000  -55.000  -30.000 0.0000000000
-1  2.000  -55.000  -30.000 0.0000000000
-1  25.000  -55.000  -31.000 0.0000000000
-1  24.000  -55.000  -31.000 0.0000000000
-1  23.000  -55.000  -31.000 0.0000000000
-1  22.000  -55.000  -31.000 0.0000000000
-1  21.000  -55.000  -31.000 0.0000000000
-1  20.000  -55.000  -31.000 0.0000000000
-1  19.000  -55.000  -31.000 0.0000000000
-1  18.000  -55.000  -31.000 0.0000000000
-1  17.000  -55.000  -31.000 0.0000000000
-1  16.000  -55.000  -31.000 0.0000000000
-1  15.000  -55.000  -31.000 0.0000000000
-1  14.000  -55.000  -31.000 0.0000000000
-1  13.000  -55.000  -31.000 0.0000000000
-1  12.000  -55.000  -31.000 0.0000000000
-1  11.000  -55.000  -31.000 0.0000000000
-1  10.000  -55.000  -31.000 0.0000000000
-1  9.000  -55.000  -31.000 0.0000000000
-1  8.000  -55.000  -31.000 0.0000000000
-1  7.000  -55.000  -31.000 0.0000000000
-1  6.000  -55.000  -31.000 0.0000000000
-1  26.000  -55.000  -32.000 0.0000000000
-1  25.000  -55.000  -32.000 0.0000000000
-1  24.000  -55.000  -32.000 0.0000000000
-1  23.000  -55.000  -32.000 0.0000000000
-1  22.000  -55.000  -32.000 0.0000000000
-1  21.000  -55.000  -32.000 0.0000000000
-1  20.000  -55.000  -32.000 0.0000000000
-1  19.000  -55.000  -32.000 0.0000000000
-1  18.000  -55.000  -32.000 0.0000000000
-1  17.000  -55.000  -32.000 0.0000000000
-1  16.000  -55.000  -32.000 0.0000000000
-1  15.000  -55.000  -32.000 0.0000000000
-1  14.000  -55.000  -32.000 0.0000000000
-1  13.000  -55.000  -32.000 0.0000000000
-1  12.000  -55.000  -32.000 0.0000000000
-1  11.000  -55.000  -32.000 0.0000000000
-1  10.000  -55.000  -32.000 0.0000000000
-1  9.000  -55.000  -32.000 0.0000000000
-1  8.000  -55.000  -32.000 0.0000000000
-1  28.000  -55.000  -33.000 0.0000000000
-1  27.000  -55.000  -33.000 0.0000000000
-1  26.000  -55.000  -33.000 0.0000000000
-1  25.000  -55.000  -33.000 0.0000000000
-1  24.000  -55.000  -33.000 0.0000000000
-1  23.000  -55.000  -33.000 0.0000000000
-1  22.000  -55.000  -33.000 0.0000000000
-1  21.000  -55.000  -33.000 0.0000000000
-1  20.000  -55.000  -33.000 0.0000000000
-1  19.000  -55.000  -33.000 0.0000000000
-1  18.000  -55.000  -33.000 0.0000000000
-1  17.000  -55.000  -33.000 0.0000000000
-1  16.000  -55.000  -33.000 0.0000000000
-1  15.000  -55.000  -33.000 0.0000000000
-1  14.000  -55.000  -33.000 0.0000000000
-1  13.000  -55.000  -33.000 0.0000000000
-1  12.000  -55.000  -33.000 0.0000000000
-1  11.000  -55.000  -33.000 0.0000000000
-1  10.000  -55.000  -33.000 0.0000000000
-1  9.000  -55.000  -33.000 0.0000000000
-1  29.000  -55.000  -34.000 0.0000000000
-1  28.000  -55.000  -34.000 0.0000000000
-1  27.000  -55.000  -34.000 0.0000000000
-1  26.000  -55.000  -34.000 0.0000000000
-1  25.000  -55.000  -34.000 0.0000000000
-1  24.000  -55.000  -34.000 0.0000000000
-1  23.000  -55.000  -34.000 0.0000000000
-1  22.000  -55.000  -34.000 0.0000000000
-1  21.000  -55.000  -34.000 0.0000000000
-1  20.000  -55.000  -34.000 0.0000000000
-1  19.000  -55.000  -34.000 0.0000000000
-1  18.000  -55.000  -34.000 0.0000000000
-1  17.000  -55.000  -34.000 0.0000000000
-1  16.000  -55.000  -34.000 0.0000000000
-1  15.000  -55.000  -34.000 0.0000000000
-1  14.000  -55.000  -34.000 0.0000000000
-1  13.000  -55.000  -34.000 0.0000000000
-1  12.000  -55.000  -34.000 0.0000000000
-1  29.000  -55.000  -35.000 0.0000000000
-1  28.000  -55.000  -35.000 0.0000000000
-1  27.000  -55.000  -35.000 0.0000000000
-1  26.000  -55.000  -35.000 0.0000000000
-1  25.000  -55.000  -35.000 0.0000000000
-1  24.000  -55.000  -35.000 0.0000000000
-1  23.000  -55.000  -35.000 0.0000000000
-1  22.000  -55.000  -35.000 0.0000000000
-1  21.000  -55.000  -35.000 0.0000000000
-1  20.000  -55.000  -35.000 0.0000000000
-1  19.000  -55.000  -35.000 0.0000000000
-1  18.000  -55.000  -35.000 0.0000000000
-1  17.000  -55.000  -35.000 0.0000000000
-1  16.000  -55.000  -35.000 0.0000000000
-1  15.000  -55.000  -35.000 0.0000000000
-1  14.000  -55.000  -35.000 0.0000000000
-1  13.000  -55.000  -35.000 0.0000000000
-1  12.000  -55.000  -35.000 0.0000000000
-1  30.000  -55.000  -36.000 0.0000000000
-1  29.000  -55.000  -36.000 0.0000000000
-1  28.000  -55.000  -36.000 0.0000000000
-1  27.000  -55.000  -36.000 0.0000000000
-1  26.000  -55.000  -36.000 0.0000000000
-1  25.000  -55.000  -36.000 0.0000000000
-1  24.000  -55.000  -36.000 0.0000000000
-1  23.000  -55.000  -36.000 0.0000000000
-1  22.000  -55.000  -36.000 0.0000000000
-1  21.000  -55.000  -36.000 0.0000000000
-1  20.000  -55.000  -36.000 0.0000000000
-1  19.000  -55.000  -36.000 0.0000000000
-1  18.000  -55.000  -36.000 0.0000000000
-1  17.000  -55.000  -36.000 0.0000000000
-1  16.000  -55.000  -36.000 0.0000000000
-1  15.000  -55.000  -36.000 0.0000000000
-1  14.000  -55.000  -36.000 0.0000000000
-1  13.000  -55.000  -36.000 0.0000000000
-1  32.000  -55.000  -37.000 0.0000000000
-1  31.000  -55.000  -37.000 0.0000000000
-1  30.000  -55.000  -37.000 0.0000000000
-1  29.000  -55.000  -37.000 0.0000000000
-1  28.000  -55.000  -37.000 0.0000000000
-1  27.000  -55.000  -37.000 0.0000000000
-1  26.000  -55.000  -37.000 0.0000000000
-1  25.000  -55.000  -37.000 0.0000000000
-1  24.000  -55.000  -37.000 0.0000000000
-1  23.000  -55.000  -37.000 0.0000000000
-1  22.000  -55.000  -37.000 0.0000000000
-1  21.000  -55.000  -37.000 0.0000000000
-1  20.000  -55.000  -37.000 0.0000000000
-1  19.000  -55.000  -37.000 0.0000000000
-1  18.000  -55.000  -37.000 0.0000000000
-1  17.000  -55.000  -37.000 0.0000000000
-1  16.000  -55.000  -37.000 0.0000000000
-1  15.000  -55.000  -37.000 0.0000000000
-1  14.000  -55.000  -37.000 0.0000000000
-1  13.000  -55.000  -37.000 0.0000000000
-1  38.000  -55.000  -38.000 0.0000000000
-1  37.000  -55.000  -38.000 0.0000000000
-1  36.000  -55.000  -38.000 0.0000000000
-1  35.000  -55.000  -38.000 0.0000000000
-1  34.000  -55.000  -38.000 0.0000000000
-1  33.000  -55.000  -38.000 0.0000000000
-1  32.000  -55.000  -38.000 0.0000000000
-1  31.000  -55.000  -38.000 0.0000000000
-1  30.000  -55.000  -38.000 0.0000000000
-1  29.000  -55.000  -38.000 0.0000000000
-1  28.000  -55.000  -38.000 0.0000000000
-1  27.000  -55.000  -38.000 0.0000000000
-1  26.000  -55.000  -38.000 0.0000000000
-1  25.000  -55.000  -38.000 0.0000000000
-1  24.000  -55.000  -38.000 0.0000000000
-1  23.000  -55.000  -38.000 0.0000000000
-1  22.000  -55.000  -38.000 0.0000000000
-1  21.000  -55.000  -38.000 0.0000000000
-1  20.000  -55.000  -38.000 0.0000000000
-1  19.000  -55.000  -38.000 0.0000000000
-1  18.000  -55.000  -38.000 0.0000000000
-1  17.000  -55.000  -38.000 0.0000000000
-1  16.000  -55.000  -38.000 0.0000000000
-1  15.000  -55.000  -38.000 0.0000000000
-1  14.000  -55.000  -38.000 0.0000000000
-1  13.000  -55.000  -38.000 0.0000000000
-1  40.000  -55.000  -39.000 0.0000000000
-1  39.000  -55.000  -39.000 0.0000000000
-1  38.000  -55.000  -39.000 0.0000000000
-1  37.000  -55.000  -39.000 0.0000000000
-1  36.000  -55.000  -39.000 0.0000000000
-1  35.000  -55.000  -39.000 0.0000000000
-1  34.000  -55.000  -39.000 0.0000000000
-1  33.000  -55.000  -39.000 0.0000000000
-1  32.000  -55.000  -39.000 0.0000000000
-1  31.000  -55.000  -39.000 0.0000000000
-1  30.000  -55.000  -39.000 0.0000000000
-1  29.000  -55.000  -39.000 0.0000000000
-1  28.000  -55.000  -39.000 0.0000000000
-1  27.000  -55.000  -39.000 0.0000000000
-1  26.000  -55.000  -39.000 0.0000000000
-1  25.000  -55.000  -39.000 0.0000000000
-1  24.000  -55.000  -39.000 0.0000000000
-1  23.000  -55.000  -39.000 0.0000000000
-1  22.000  -55.000  -39.000 0.0000000000
-1  21.000  -55.000  -39.000 0.0000000000
-1  20.000  -55.000  -39.000 0.0000000000
-1  19.000  -55.000  -39.000 0.0000000000
-1  18.000  -55.000  -39.000 0.0000000000
-1  17.000  -55.000  -39.000 0.0000000000
-1  16.000  -55.000  -39.000 0.0000000000
-1  15.000  -55.000  -39.000 0.0000000000
-1  14.000  -55.000  -39.000 0.0000000000
-1  13.000  -55.000  -39.000 0.0000000000
-1  40.000  -55.000  -40.000 0.0000000000
-1  39.000  -55.000  -40.000 0.0000000000
-1  38.000  -55.000  -40.000 0.0000000000
-1  37.000  -55.000  -40.000 0.0000000000
-1  36.000  -55.000  -40.000 0.0000000000
-1  35.000  -55.000  -40.000 0.0000000000
-1  34.000  -55.000  -40.000 0.0000000000
-1  33.000  -55.000  -40.000 0.0000000000
-1  32.000  -55.000  -40.000 0.0000000000
-1  31.000  -55.000  -40.000 0.0000000000
-1  30.000  -55.000  -40.000 0.0000000000
-1  29.000  -55.000  -40.000 0.0000000000
-1  28.000  -55.000  -40.000 0.0000000000
-1  27.000  -55.000  -40.000 0.0000000000
-1  26.000  -55.000  -40.000 0.0000000000
-1  25.000  -55.000  -40.000 0.0000000000
-1  24.000  -55.000  -40.000 0.0000000000
-1  23.000  -55.000  -40.000 0.0000000000
-1  22.000  -55.000  -40.000 0.0000000000
-1  21.000  -55.000  -40.000 0.0000000000
-1  20.000  -55.000  -40.000 0.0000000000
-1  19.000  -55.000  -40.000 0.0000000000
-1  18.000  -55.000  -40.000 0.0000000000
-1  17.000  -55.000  -40.000 0.0000000000
-1  16.000  -55.000  -40.000 0.0000000000
-1  15.000  -55.000  -40.000 0.0000000000
-1  14.000  -55.000  -40.000 0.0000000000
-1  39.000  -55.000  -41.000 0.0000000000
-1  38.000  -55.000  -41.000 0.0000000000
-1  37.000  -55.000  -41.000 0.0000000000
-1  36.000  -55.000  -41.000 0.0000000000
-1  35.000  -55.000  -41.000 0.0000000000
-1  34.000  -55.000  -41.000 0.0000000000
-1  33.000  -55.000  -41.000 0.0000000000
-1  32.000  -55.000  -41.000 0.0000000000
-1  31.000  -55.000  -41.000 0.0000000000
-1  30.000  -55.000  -41.000 0.0000000000
-1  29.000  -55.000  -41.000 0.0000000000
-1  28.000  -55.000  -41.000 0.0000000000
-1  27.000  -55.000  -41.000 0.0000000000
-1  26.000  -55.000  -41.000 0.0000000000
-1  25.000  -55.000  -41.000 0.0000000000
-1  24.000  -55.000  -41.000 0.0000000000
-1  23.000  -55.000  -41.000 0.0000000000
-1  22.000  -55.000  -41.000 0.0000000000
-1  21.000  -55.000  -41.000 0.0000000000
-1  20.000  -55.000  -41.000 0.0000000000
-1  19.000  -55.000  -41.000 0.0000000000
-1  18.000  -55.000  -41.000 0.0000000000
-1  17.000  -55.000  -41.000 0.0000000000
-1  16.000  -55.000  -41.000 0.0000000000
-1  15.000  -55.000  -41.000 0.0000000000
-1  14.000  -55.000  -41.000 0.0000000000
-1  13.000  -55.000  -41.000 0.0000000000
-1  37.000  -55.000  -42.000 0.0000000000
-1  36.000  -55.000  -42.000 0.0000000000
-1  35.000  -55.000  -42.000 0.0000000000
-1  34.000  -55.000  -42.000 0.0000000000
-1  33.000  -55.000  -42.000 0.0000000000
-1  32.000  -55.000  -42.000 0.0000000000
-1  31.000  -55.000  -42.000 0.0000000000
-1  30.000  -55.000  -42.000 0.0000000000
-1  29.000  -55.000  -42.000 0.0000000000
-1  28.000  -55.000  -42.000 0.0000000000
-1  27.000  -55.000  -42.000 0.0000000000
-1  26.000  -55.000  -42.000 0.0000000000
-1  25.000  -55.000  -42.000 0.0000000000
-1  24.000  -55.000  -42.000 0.0000000000
-1  23.000  -55.000  -42.000 0.0000000000
-1  22.000  -55.000  -42.000 0.0000000000
-1  21.000  -55.000  -42.000 0.0000000000
-1  20.000  -55.000  -42.000 0.0000000000
-1  19.000  -55.000  -42.000 0.0000000000
-1  18.000  -55.000  -42.000 0.0000000000
-1  17.000  -55.000  -42.000 0.0000000000
-1  16.000  -55.000  -42.000 0.0000000000
-1  15.000  -55.000  -42.000 0.0000000000
-1  14.000  -55.000  -42.000 0.0000000000
-1  13.000  -55.000  -42.000 0.0000000000
-1  12.000  -55.000  -42.000 0.0000000000
-1  35.000  -55.000  -43.000 0.0000000000
-1  34.000  -55.000  -43.000 0.0000000000
-1  33.000  -55.000  -43.000 0.0000000000
-1  32.000  -55.000  -43.000 0.0000000000
-1  31.000  -55.000  -43.000 0.0000000000
-1  30.000  -55.000  -43.000 0.0000000000
-1  29.000  -55.000  -43.000 0.0000000000
-1  28.000  -55.000  -43.000 0.0000000000
-1  27.000  -55.000  -43.000 0.0000000000
-1  26.000  -55.000  -43.000 0.0000000000
-1  25.000  -55.000  -43.000 0.0000000000
-1  24.000  -55.000  -43.000 0.0000000000
-1  23.000  -55.000  -43.000 0.0000000000
-1  22.000  -55.000  -43.000 0.0000000000
-1  21.000  -55.000  -43.000 0.0000000000
-1  20.000  -55.000  -43.000 0.0000000000
-1  19.000  -55.000  -43.000 0.0000000000
-1  18.000  -55.000  -43.000 0.0000000000
-1  17.000  -55.000  -43.000 0.0000000000
-1  16.000  -55.000  -43.000 0.0000000000
-1  15.000  -55.000  -43.000 0.0000000000
-1  14.000  -55.000  -43.000 0.0000000000
-1  13.000  -55.000  -43.000 0.0000000000
-1  12.000  -55.000  -43.000 0.0000000000
-1  35.000  -55.000  -44.000 0.0000000000
-1  34.000  -55.000  -44.000 0.0000000000
-1  33.000  -55.000  -44.000 0.0000000000
-1  32.000  -55.000  -44.000 0.0000000000
-1  31.000  -55.000  -44.000 0.0000000000
-1  30.000  -55.000  -44.000 0.0000000000
-1  29.000  -55.000  -44.000 0.0000000000
-1  28.000  -55.000  -44.000 0.0000000000
-1  27.000  -55.000  -44.000 0.0000000000
-1  26.000  -55.000  -44.000 0.0000000000
-1  25.000  -55.000  -44.000 0.0000000000
-1  24.000  -55.000  -44.000 0.0000000000
-1  23.000  -55.000  -44.000 0.0000000000
-1  22.000  -55.000  -44.000 0.0000000000
-1  21.000  -55.000  -44.000 0.0000000000
-1  20.000  -55.000  -44.000 0.0000000000
-1  19.000  -55.000  -44.000 0.0000000000
-1  18.000  -55.000  -44.000 0.0000000000
-1  17.000  -55.000  -44.000 0.0000000000
-1  16.000  -55.000  -44.000 0.0000000000
-1  15.000  -55.000  -44.000 0.0000000000
-1  14.000  -55.000  -44.000 0.0000000000
-1  13.000  -55.000  -44.000 0.0000000000
-1  34.000  -55.000  -45.000 0.0000000000
-1  33.000  -55.000  -45.000 0.0000000000
-1  32.000  -55.000  -45.000 0.0000000000
-1  31.000  -55.000  -45.000 0.0000000000
-1  30.000  -55.000  -45.000 0.0000000000
-1  29.000  -55.000  -45.000 0.0000000000
-1  28.000  -55.000  -45.000 0.0000000000
-1  27.000  -55.000  -45.000 0.0000000000
-1  26.000  -55.000  -45.000 0.0000000000
-1  25.000  -55.000  -45.000 0.0000000000
-1  24.000  -55.000  -45.000 0.0000000000
-1  23.000  -55.000  -45.000 0.0000000000
-1  22.000  -55.000  -45.000 0.0000000000
-1  21.000  -55.000  -45.000 0.0000000000
-1  20.000  -55.000  -45.000 0.0000000000
-1  19.000  -55.000  -45.000 0.0000000000
-1  18.000  -55.000  -45.000 0.0000000000
-1  14.000  -55.000  -45.000 0.0000000000
-1  33.000  -55.000  -46.000 0.0000000000
-1  32.000  -55.000  -46.000 0.0000000000
-1  31.000  -55.000  -46.000 0.0000000000
-1  30.000  -55.000  -46.000 0.0000000000
-1  29.000  -55.000  -46.000 0.0000000000
-1  28.000  -55.000  -46.000 0.0000000000
-1  27.000  -55.000  -46.000 0.0000000000
-1  26.000  -55.000  -46.000 0.0000000000
-1  25.000  -55.000  -46.000 0.0000000000
-1  24.000  -55.000  -46.000 0.0000000000
-1  23.000  -55.000  -46.000 0.0000000000
-1  22.000  -55.000  -46.000 0.0000000000
-1  21.000  -55.000  -46.000 0.0000000000
-1  20.000  -55.000  -46.000 0.0000000000
-1  29.000  -55.000  -47.000 0.0000000000
-1  28.000  -55.000  -47.000 0.0000000000
-1  27.000  -55.000  -47.000 0.0000000000
-1  26.000  -55.000  -47.000 0.0000000000
-1  25.000  -55.000  -47.000 0.0000000000
-1  24.000  -55.000  -47.000 0.0000000000
-1  23.000  -55.000  -47.000 0.0000000000
-1  22.000  -55.000  -47.000 0.0000000000
-1  21.000  -55.000  -47.000 0.0000000000
-1  22.000  -55.000  -48.000 0.0000000000
-1  21.000  -55.000  -48.000 0.0000000000
-1  7.000  -54.000  -18.000 0.0000000000
-1  6.000  -54.000  -18.000 0.0000000000
-1  9.000  -54.000  -19.000 0.0000000000
-1  8.000  -54.000  -19.000 0.0000000000
-1  7.000  -54.000  -19.000 0.0000000000
-1  6.000  -54.000  -19.000 0.0000000000
-1  5.000  -54.000  -19.000 0.0000000000
-1  10.000  -54.000  -20.000 0.0000000000
-1  9.000  -54.000  -20.000 0.0000000000
-1  8.000  -54.000  -20.000 0.0000000000
-1  7.000  -54.000  -20.000 0.0000000000
-1  6.000  -54.000  -20.000 0.0000000000
-1  10.000  -54.000  -21.000 0.0000000000
-1  9.000  -54.000  -21.000 0.0000000000
-1  8.000  -54.000  -21.000 0.0000000000
-1  7.000  -54.000  -21.000 0.0000000000
-1  6.000  -54.000  -21.000 0.0000000000
-1  10.000  -54.000  -22.000 0.0000000000
-1  9.000  -54.000  -22.000 0.0000000000
-1  8.000  -54.000  -22.000 0.0000000000
-1  7.000  -54.000  -22.000 0.0000000000
-1  6.000  -54.000  -22.000 0.0000000000
-1  5.000  -54.000  -22.000 0.0000000000
-1  11.000  -54.000  -23.000 0.0000000000
-1  10.000  -54.000  -23.000 0.0000000000
-1  9.000  -54.000  -23.000 0.0000000000
-1  8.000  -54.000  -23.000 0.0000000000
-1  7.000  -54.000  -23.000 0.0000000000
-1  6.000  -54.000  -23.000 0.0000000000
-1  5.000  -54.000  -23.000 0.0000000000
-1  4.000  -54.000  -23.000 0.0000000000
-1  13.000  -54.000  -24.000 0.0000000000
-1  12.000  -54.000  -24.000 0.0000000000
-1  11.000  -54.000  -24.000 0.0000000000
-1  10.000  -54.000  -24.000 0.0000000000
-1  9.000  -54.000  -24.000 0.0000000000
-1  8.000  -54.000  -24.000 0.0000000000
-1  7.000  -54.000  -24.000 0.0000000000
-1  6.000  -54.000  -24.000 0.0000000000
-1  5.000  -54.000  -24.000 0.0000000000
-1  4.000  -54.000  -24.000 0.0000000000
-1  3.000  -54.000  -24.000 0.0000000000
-1  15.000  -54.000  -25.000 0.0000000000
-1  14.000  -54.000  -25.000 0.0000000000
-1  13.000  -54.000  -25.000 0.0000000000
-1  12.000  -54.000  -25.000 0.0000000000
-1  11.000  -54.000  -25.000 0.0000000000
-1  10.000  -54.000  -25.000 0.0000000000
-1  9.000  -54.000  -25.000 0.0000000000
-1  8.000  -54.000  -25.000 0.0000000000
-1  7.000  -54.000  -25.000 0.0000000000
-1  6.000  -54.000  -25.000 0.0000000000
-1  5.000  -54.000  -25.000 0.0000000000
-1  4.000  -54.000  -25.000 0.0000000000
-1  3.000  -54.000  -25.000 0.0000000000
-1  2.000  -54.000  -25.000 0.0000000000
-1  16.000  -54.000  -26.000 0.0000000000
-1  15.000  -54.000  -26.000 0.0000000000
-1  14.000  -54.000  -26.000 0.0000000000
-1  13.000  -54.000  -26.000 0.0000000000
-1  12.000  -54.000  -26.000 0.0000000000
-1  11.000  -54.000  -26.000 0.0000000000
-1  10.000  -54.000  -26.000 0.0000000000
-1  9.000  -54.000  -26.000 0.0000000000
-1  8.000  -54.000  -26.000 0.0000000000
-1  7.000  -54.000  -26.000 0.0000000000
-1  6.000  -54.000  -26.000 0.0000000000
-1  5.000  -54.000  -26.000 0.0000000000
-1  4.000  -54.000  -26.000 0.0000000000
-1  3.000  -54.000  -26.000 0.0000000000
-1  2.000  -54.000  -26.000 0.0000000000
-1  1.000  -54.000  -26.000 0.0000000000
-1  0.000  -54.000  -26.000 0.0000000000
-1  18.000  -54.000  -27.000 0.0000000000
-1  17.000  -54.000  -27.000 0.0000000000
-1  16.000  -54.000  -27.000 0.0000000000
-1  15.000  -54.000  -27.000 0.0000000000
-1  14.000  -54.000  -27.000 0.0000000000
-1  13.000  -54.000  -27.000 0.0000000000
-1  12.000  -54.000  -27.000 0.0000000000
-1  11.000  -54.000  -27.000 0.0000000000
-1  10.000  -54.000  -27.000 0.0000000000
-1  9.000  -54.000  -27.000 0.0000000000
-1  8.000  -54.000  -27.000 0.0000000000
-1  7.000  -54.000  -27.000 0.0000000000
-1  6.000  -54.000  -27.000 0.0000000000
-1  5.000  -54.000  -27.000 0.0000000000
-1  4.000  -54.000  -27.000 0.0000000000
-1  3.000  -54.000  -27.000 0.0000000000
-1  2.000  -54.000  -27.000 0.0000000000
-1  1.000  -54.000  -27.000 0.0000000000
-1  0.000  -54.000  -27.000 0.0000000000
-1  20.000  -54.000  -28.000 0.0000000000
-1  19.000  -54.000  -28.000 0.0000000000
-1  18.000  -54.000  -28.000 0.0000000000
-1  17.000  -54.000  -28.000 0.0000000000
-1  16.000  -54.000  -28.000 0.0000000000
-1  15.000  -54.000  -28.000 0.0000000000
-1  14.000  -54.000  -28.000 0.0000000000
-1  13.000  -54.000  -28.000 0.0000000000
-1  12.000  -54.000  -28.000 0.0000000000
-1  11.000  -54.000  -28.000 0.0000000000
-1  10.000  -54.000  -28.000 0.0000000000
-1  9.000  -54.000  -28.000 0.0000000000
-1  8.000  -54.000  -28.000 0.0000000000
-1  7.000  -54.000  -28.000 0.0000000000
-1  6.000  -54.000  -28.000 0.0000000000
-1  5.000  -54.000  -28.000 0.0000000000
-1  4.000  -54.000  -28.000 0.0000000000
-1  3.000  -54.000  -28.000 0.0000000000
-1  2.000  -54.000  -28.000 0.0000000000
-1  1.000  -54.000  -28.000 0.0000000000
-1  22.000  -54.000  -29.000 0.0000000000
-1  21.000  -54.000  -29.000 0.0000000000
-1  20.000  -54.000  -29.000 0.0000000000
-1  19.000  -54.000  -29.000 0.0000000000
-1  18.000  -54.000  -29.000 0.0000000000
-1  17.000  -54.000  -29.000 0.0000000000
-1  16.000  -54.000  -29.000 0.0000000000
-1  15.000  -54.000  -29.000 0.0000000000
-1  14.000  -54.000  -29.000 0.0000000000
-1  13.000  -54.000  -29.000 0.0000000000
-1  12.000  -54.000  -29.000 0.0000000000
-1  11.000  -54.000  -29.000 0.0000000000
-1  10.000  -54.000  -29.000 0.0000000000
-1  9.000  -54.000  -29.000 0.0000000000
-1  8.000  -54.000  -29.000 0.0000000000
-1  7.000  -54.000  -29.000 0.0000000000
-1  6.000  -54.000  -29.000 0.0000000000
-1  5.000  -54.000  -29.000 0.0000000000
-1  4.000  -54.000  -29.000 0.0000000000
-1  3.000  -54.000  -29.000 0.0000000000
-1  2.000  -54.000  -29.000 0.0000000000
-1  1.000  -54.000  -29.000 0.0000000000
-1  0.000  -54.000  -29.000 0.0000000000
-1  23.000  -54.000  -30.000 0.0000000000
-1  22.000  -54.000  -30.000 0.0000000000
-1  21.000  -54.000  -30.000 0.0000000000
-1  20.000  -54.000  -30.000 0.0000000000
-1  19.000  -54.000  -30.000 0.0000000000
-1  18.000  -54.000  -30.000 0.0000000000
-1  17.000  -54.000  -30.000 0.0000000000
-1  16.000  -54.000  -30.000 0.0000000000
-1  15.000  -54.000  -30.000 0.0000000000
-1  14.000  -54.000  -30.000 0.0000000000
-1  13.000  -54.000  -30.000 0.0000000000
-1  12.000  -54.000  -30.000 0.0000000000
-1  11.000  -54.000  -30.000 0.0000000000
-1  10.000  -54.000  -30.000 0.0000000000
-1  9.000  -54.000  -30.000 0.0000000000
-1  8.000  -54.000  -30.000 0.0000000000
-1  7.000  -54.000  -30.000 0.0000000000
-1  6.000  -54.000  -30.000 0.0000000000
-1  5.000  -54.000  -30.000 0.0000000000
-1  4.000  -54.000  -30.000 0.0000000000
-1  26.000  -54.000  -31.000 0.0000000000
-1  25.000  -54.000  -31.000 0.0000000000
-1  24.000  -54.000  -31.000 0.0000000000
-1  23.000  -54.000  -31.000 0.0000000000
-1  22.000  -54.000  -31.000 0.0000000000
-1  21.000  -54.000  -31.000 0.0000000000
-1  20.000  -54.000  -31.000 0.0000000000
-1  19.000  -54.000  -31.000 0.0000000000
-1  18.000  -54.000  -31.000 0.0000000000
-1  17.000  -54.000  -31.000 0.0000000000
-1  16.000  -54.000  -31.000 0.0000000000
-1  15.000  -54.000  -31.000 0.0000000000
-1  14.000  -54.000  -31.000 0.0000000000
-1  13.000  -54.000  -31.000 0.0000000000
-1  12.000  -54.000  -31.000 0.0000000000
-1  11.000  -54.000  -31.000 0.0000000000
-1  10.000  -54.000  -31.000 0.0000000000
-1  9.000  -54.000  -31.000 0.0000000000
-1  8.000  -54.000  -31.000 0.0000000000
-1  7.000  -54.000  -31.000 0.0000000000
-1  27.000  -54.000  -32.000 0.0000000000
-1  26.000  -54.000  -32.000 0.0000000000
-1  25.000  -54.000  -32.000 0.0000000000
-1  24.000  -54.000  -32.000 0.0000000000
-1  23.000  -54.000  -32.000 0.0000000000
-1  22.000  -54.000  -32.000 0.0000000000
-1  21.000  -54.000  -32.000 0.0000000000
-1  20.000  -54.000  -32.000 0.0000000000
-1  19.000  -54.000  -32.000 0.0000000000
-1  18.000  -54.000  -32.000 0.0000000000
-1  17.000  -54.000  -32.000 0.0000000000
-1  16.000  -54.000  -32.000 0.0000000000
-1  15.000  -54.000  -32.000 0.0000000000
-1  14.000  -54.000  -32.000 0.0000000000
-1  13.000  -54.000  -32.000 0.0000000000
-1  12.000  -54.000  -32.000 0.0000000000
-1  11.000  -54.000  -32.000 0.0000000000
-1  10.000  -54.000  -32.000 0.0000000000
-1  9.000  -54.000  -32.000 0.0000000000
-1  8.000  -54.000  -32.000 0.0000000000
-1  28.000  -54.000  -33.000 0.0000000000
-1  27.000  -54.000  -33.000 0.0000000000
-1  26.000  -54.000  -33.000 0.0000000000
-1  25.000  -54.000  -33.000 0.0000000000
-1  24.000  -54.000  -33.000 0.0000000000
-1  23.000  -54.000  -33.000 0.0000000000
-1  22.000  -54.000  -33.000 0.0000000000
-1  21.000  -54.000  -33.000 0.0000000000
-1  20.000  -54.000  -33.000 0.0000000000
-1  19.000  -54.000  -33.000 0.0000000000
-1  18.000  -54.000  -33.000 0.0000000000
-1  17.000  -54.000  -33.000 0.0000000000
-1  16.000  -54.000  -33.000 0.0000000000
-1  15.000  -54.000  -33.000 0.0000000000
-1  14.000  -54.000  -33.000 0.0000000000
-1  13.000  -54.000  -33.000 0.0000000000
-1  12.000  -54.000  -33.000 0.0000000000
-1  11.000  -54.000  -33.000 0.0000000000
-1  10.000  -54.000  -33.000 0.0000000000
-1  29.000  -54.000  -34.000 0.0000000000
-1  28.000  -54.000  -34.000 0.0000000000
-1  27.000  -54.000  -34.000 0.0000000000
-1  26.000  -54.000  -34.000 0.0000000000
-1  25.000  -54.000  -34.000 0.0000000000
-1  24.000  -54.000  -34.000 0.0000000000
-1  23.000  -54.000  -34.000 0.0000000000
-1  22.000  -54.000  -34.000 0.0000000000
-1  21.000  -54.000  -34.000 0.0000000000
-1  20.000  -54.000  -34.000 0.0000000000
-1  19.000  -54.000  -34.000 0.0000000000
-1  18.000  -54.000  -34.000 0.0000000000
-1  17.000  -54.000  -34.000 0.0000000000
-1  16.000  -54.000  -34.000 0.0000000000
-1  15.000  -54.000  -34.000 0.0000000000
-1  14.000  -54.000  -34.000 0.0000000000
-1  13.000  -54.000  -34.000 0.0000000000
-1  12.000  -54.000  -34.000 0.0000000000
-1  30.000  -54.000  -35.000 0.0000000000
-1  29.000  -54.000  -35.000 0.0000000000
-1  28.000  -54.000  -35.000 0.0000000000
-1  27.000  -54.000  -35.000 0.0000000000
-1  26.000  -54.000  -35.000 0.0000000000
-1  25.000  -54.000  -35.000 0.0000000000
-1  24.000  -54.000  -35.000 0.0000000000
-1  23.000  -54.000  -35.000 0.0000000000
-1  22.000  -54.000  -35.000 0.0000000000
-1  21.000  -54.000  -35.000 0.0000000000
-1  20.000  -54.000  -35.000 0.0000000000
-1  19.000  -54.000  -35.000 0.0000000000
-1  18.000  -54.000  -35.000 0.0000000000
-1  17.000  -54.000  -35.000 0.0000000000
-1  16.000  -54.000  -35.000 0.0000000000
-1  15.000  -54.000  -35.000 0.0000000000
-1  14.000  -54.000  -35.000 0.0000000000
-1  13.000  -54.000  -35.000 0.0000000000
-1  12.000  -54.000  -35.000 0.0000000000
-1  31.000  -54.000  -36.000 0.0000000000
-1  30.000  -54.000  -36.000 0.0000000000
-1  29.000  -54.000  -36.000 0.0000000000
-1  28.000  -54.000  -36.000 0.0000000000
-1  27.000  -54.000  -36.000 0.0000000000
-1  26.000  -54.000  -36.000 0.0000000000
-1  25.000  -54.000  -36.000 0.0000000000
-1  24.000  -54.000  -36.000 0.0000000000
-1  23.000  -54.000  -36.000 0.0000000000
-1  22.000  -54.000  -36.000 0.0000000000
-1  21.000  -54.000  -36.000 0.0000000000
-1  20.000  -54.000  -36.000 0.0000000000
-1  19.000  -54.000  -36.000 0.0000000000
-1  18.000  -54.000  -36.000 0.0000000000
-1  17.000  -54.000  -36.000 0.0000000000
-1  16.000  -54.000  -36.000 0.0000000000
-1  15.000  -54.000  -36.000 0.0000000000
-1  14.000  -54.000  -36.000 0.0000000000
-1  13.000  -54.000  -36.000 0.0000000000
-1  12.000  -54.000  -36.000 0.0000000000
-1  32.000  -54.000  -37.000 0.0000000000
-1  31.000  -54.000  -37.000 0.0000000000
-1  30.000  -54.000  -37.000 0.0000000000
-1  29.000  -54.000  -37.000 0.0000000000
-1  28.000  -54.000  -37.000 0.0000000000
-1  27.000  -54.000  -37.000 0.0000000000
-1  26.000  -54.000  -37.000 0.0000000000
-1  25.000  -54.000  -37.000 0.0000000000
-1  24.000  -54.000  -37.000 0.0000000000
-1  23.000  -54.000  -37.000 0.0000000000
-1  22.000  -54.000  -37.000 0.0000000000
-1  21.000  -54.000  -37.000 0.0000000000
-1  20.000  -54.000  -37.000 0.0000000000
-1  19.000  -54.000  -37.000 0.0000000000
-1  18.000  -54.000  -37.000 0.0000000000
-1  17.000  -54.000  -37.000 0.0000000000
-1  16.000  -54.000  -37.000 0.0000000000
-1  15.000  -54.000  -37.000 0.0000000000
-1  14.000  -54.000  -37.000 0.0000000000
-1  13.000  -54.000  -37.000 0.0000000000
-1  36.000  -54.000  -38.000 0.0000000000
-1  35.000  -54.000  -38.000 0.0000000000
-1  34.000  -54.000  -38.000 0.0000000000
-1  33.000  -54.000  -38.000 0.0000000000
-1  32.000  -54.000  -38.000 0.0000000000
-1  31.000  -54.000  -38.000 0.0000000000
-1  30.000  -54.000  -38.000 0.0000000000
-1  29.000  -54.000  -38.000 0.0000000000
-1  28.000  -54.000  -38.000 0.0000000000
-1  27.000  -54.000  -38.000 0.0000000000
-1  26.000  -54.000  -38.000 0.0000000000
-1  25.000  -54.000  -38.000 0.0000000000
-1  24.000  -54.000  -38.000 0.0000000000
-1  23.000  -54.000  -38.000 0.0000000000
-1  22.000  -54.000  -38.000 0.0000000000
-1  21.000  -54.000  -38.000 0.0000000000
-1  20.000  -54.000  -38.000 0.0000000000
-1  19.000  -54.000  -38.000 0.0000000000
-1  18.000  -54.000  -38.000 0.0000000000
-1  17.000  -54.000  -38.000 0.0000000000
-1  16.000  -54.000  -38.000 0.0000000000
-1  15.000  -54.000  -38.000 0.0000000000
-1  14.000  -54.000  -38.000 0.0000000000
-1  13.000  -54.000  -38.000 0.0000000000
-1  39.000  -54.000  -39.000 0.0000000000
-1  38.000  -54.000  -39.000 0.0000000000
-1  37.000  -54.000  -39.000 0.0000000000
-1  36.000  -54.000  -39.000 0.0000000000
-1  35.000  -54.000  -39.000 0.0000000000
-1  34.000  -54.000  -39.000 0.0000000000
-1  33.000  -54.000  -39.000 0.0000000000
-1  32.000  -54.000  -39.000 0.0000000000
-1  31.000  -54.000  -39.000 0.0000000000
-1  30.000  -54.000  -39.000 0.0000000000
-1  29.000  -54.000  -39.000 0.0000000000
-1  28.000  -54.000  -39.000 0.0000000000
-1  27.000  -54.000  -39.000 0.0000000000
-1  26.000  -54.000  -39.000 0.0000000000
-1  25.000  -54.000  -39.000 0.0000000000
-1  24.000  -54.000  -39.000 0.0000000000
-1  23.000  -54.000  -39.000 0.0000000000
-1  22.000  -54.000  -39.000 0.0000000000
-1  21.000  -54.000  -39.000 0.0000000000
-1  20.000  -54.000  -39.000 0.0000000000
-1  19.000  -54.000  -39.000 0.0000000000
-1  18.000  -54.000  -39.000 0.0000000000
-1  17.000  -54.000  -39.000 0.0000000000
-1  16.000  -54.000  -39.000 0.0000000000
-1  15.000  -54.000  -39.000 0.0000000000
-1  14.000  -54.000  -39.000 0.0000000000
-1  13.000  -54.000  -39.000 0.0000000000
-1  38.000  -54.000  -40.000 0.0000000000
-1  37.000  -54.000  -40.000 0.0000000000
-1  36.000  -54.000  -40.000 0.0000000000
-1  35.000  -54.000  -40.000 0.0000000000
-1  34.000  -54.000  -40.000 0.0000000000
-1  33.000  -54.000  -40.000 0.0000000000
-1  32.000  -54.000  -40.000 0.0000000000
-1  31.000  -54.000  -40.000 0.0000000000
-1  30.000  -54.000  -40.000 0.0000000000
-1  29.000  -54.000  -40.000 0.0000000000
-1  28.000  -54.000  -40.000 0.0000000000
-1  27.000  -54.000  -40.000 0.0000000000
-1  26.000  -54.000  -40.000 0.0000000000
-1  25.000  -54.000  -40.000 0.0000000000
-1  24.000  -54.000  -40.000 0.0000000000
-1  23.000  -54.000  -40.000 0.0000000000
-1  22.000  -54.000  -40.000 0.0000000000
-1  21.000  -54.000  -40.000 0.0000000000
-1  20.000  -54.000  -40.000 0.0000000000
-1  19.000  -54.000  -40.000 0.0000000000
-1  18.000  -54.000  -40.000 0.0000000000
-1  17.000  -54.000  -40.000 0.0000000000
-1  16.000  -54.000  -40.000 0.0000000000
-1  15.000  -54.000  -40.000 0.0000000000
-1  14.000  -54.000  -40.000 0.0000000000
-1  38.000  -54.000  -41.000 0.0000000000
-1  37.000  -54.000  -41.000 0.0000000000
-1  36.000  -54.000  -41.000 0.0000000000
-1  35.000  -54.000  -41.000 0.0000000000
-1  34.000  -54.000  -41.000 0.0000000000
-1  33.000  -54.000  -41.000 0.0000000000
-1  32.000  -54.000  -41.000 0.0000000000
-1  31.000  -54.000  -41.000 0.0000000000
-1  30.000  -54.000  -41.000 0.0000000000
-1  29.000  -54.000  -41.000 0.0000000000
-1  28.000  -54.000  -41.000 0.0000000000
-1  27.000  -54.000  -41.000 0.0000000000
-1  26.000  -54.000  -41.000 0.0000000000
-1  25.000  -54.000  -41.000 0.0000000000
-1  24.000  -54.000  -41.000 0.0000000000
-1  23.000  -54.000  -41.000 0.0000000000
-1  22.000  -54.000  -41.000 0.0000000000
-1  21.000  -54.000  -41.000 0.0000000000
-1  20.000  -54.000  -41.000 0.0000000000
-1  19.000  -54.000  -41.000 0.0000000000
-1  18.000  -54.000  -41.000 0.0000000000
-1  17.000  -54.000  -41.000 0.0000000000
-1  16.000  -54.000  -41.000 0.0000000000
-1  15.000  -54.000  -41.000 0.0000000000
-1  14.000  -54.000  -41.000 0.0000000000
-1  37.000  -54.000  -42.000 0.0000000000
-1  36.000  -54.000  -42.000 0.0000000000
-1  35.000  -54.000  -42.000 0.0000000000
-1  34.000  -54.000  -42.000 0.0000000000
-1  33.000  -54.000  -42.000 0.0000000000
-1  32.000  -54.000  -42.000 0.0000000000
-1  31.000  -54.000  -42.000 0.0000000000
-1  30.000  -54.000  -42.000 0.0000000000
-1  29.000  -54.000  -42.000 0.0000000000
-1  28.000  -54.000  -42.000 0.0000000000
-1  27.000  -54.000  -42.000 0.0000000000
-1  26.000  -54.000  -42.000 0.0000000000
-1  25.000  -54.000  -42.000 0.0000000000
-1  24.000  -54.000  -42.000 0.0000000000
-1  23.000  -54.000  -42.000 0.0000000000
-1  22.000  -54.000  -42.000 0.0000000000
-1  21.000  -54.000  -42.000 0.0000000000
-1  20.000  -54.000  -42.000 0.0000000000
-1  19.000  -54.000  -42.000 0.0000000000
-1  18.000  -54.000  -42.000 0.0000000000
-1  17.000  -54.000  -42.000 0.0000000000
-1  16.000  -54.000  -42.000 0.0000000000
-1  15.000  -54.000  -42.000 0.0000000000
-1  14.000  -54.000  -42.000 0.0000000000
-1  13.000  -54.000  -42.000 0.0000000000
-1  35.000  -54.000  -43.000 0.0000000000
-1  34.000  -54.000  -43.000 0.0000000000
-1  33.000  -54.000  -43.000 0.0000000000
-1  32.000  -54.000  -43.000 0.0000000000
-1  31.000  -54.000  -43.000 0.0000000000
-1  30.000  -54.000  -43.000 0.0000000000
-1  29.000  -54.000  -43.000 0.0000000000
-1  28.000  -54.000  -43.000 0.0000000000
-1  27.000  -54.000  -43.000 0.0000000000
-1  26.000  -54.000  -43.000 0.0000000000
-1  25.000  -54.000  -43.000 0.0000000000
-1  24.000  -54.000  -43.000 0.0000000000
-1  23.000  -54.000  -43.000 0.0000000000
-1  22.000  -54.000  -43.000 0.0000000000
-1  21.000  -54.000  -43.000 0.0000000000
-1  20.000  -54.000  -43.000 0.0000000000
-1  19.000  -54.000  -43.000 0.0000000000
-1  18.000  -54.000  -43.000 0.0000000000
-1  17.000  -54.000  -43.000 0.0000000000
-1  16.000  -54.000  -43.000 0.0000000000
-1  15.000  -54.000  -43.000 0.0000000000
-1  14.000  -54.000  -43.000 0.0000000000
-1  13.000  -54.000  -43.000 0.0000000000
-1  35.000  -54.000  -44.000 0.0000000000
-1  34.000  -54.000  -44.000 0.0000000000
-1  33.000  -54.000  -44.000 0.0000000000
-1  32.000  -54.000  -44.000 0.0000000000
-1  31.000  -54.000  -44.000 0.0000000000
-1  30.000  -54.000  -44.000 0.0000000000
-1  29.000  -54.000  -44.000 0.0000000000
-1  28.000  -54.000  -44.000 0.0000000000
-1  27.000  -54.000  -44.000 0.0000000000
-1  26.000  -54.000  -44.000 0.0000000000
-1  25.000  -54.000  -44.000 0.0000000000
-1  24.000  -54.000  -44.000 0.0000000000
-1  23.000  -54.000  -44.000 0.0000000000
-1  22.000  -54.000  -44.000 0.0000000000
-1  21.000  -54.000  -44.000 0.0000000000
-1  20.000  -54.000  -44.000 0.0000000000
-1  19.000  -54.000  -44.000 0.0000000000
-1  18.000  -54.000  -44.000 0.0000000000
-1  17.000  -54.000  -44.000 0.0000000000
-1  16.000  -54.000  -44.000 0.0000000000
-1  15.000  -54.000  -44.000 0.0000000000
-1  14.000  -54.000  -44.000 0.0000000000
-1  13.000  -54.000  -44.000 0.0000000000
-1  33.000  -54.000  -45.000 0.0000000000
-1  32.000  -54.000  -45.000 0.0000000000
-1  31.000  -54.000  -45.000 0.0000000000
-1  30.000  -54.000  -45.000 0.0000000000
-1  29.000  -54.000  -45.000 0.0000000000
-1  28.000  -54.000  -45.000 0.0000000000
-1  27.000  -54.000  -45.000 0.0000000000
-1  26.000  -54.000  -45.000 0.0000000000
-1  25.000  -54.000  -45.000 0.0000000000
-1  24.000  -54.000  -45.000 0.0000000000
-1  23.000  -54.000  -45.000 0.0000000000
-1  22.000  -54.000  -45.000 0.0000000000
-1  21.000  -54.000  -45.000 0.0000000000
-1  20.000  -54.000  -45.000 0.0000000000
-1  19.000  -54.000  -45.000 0.0000000000
-1  18.000  -54.000  -45.000 0.0000000000
-1  17.000  -54.000  -45.000 0.0000000000
-1  16.000  -54.000  -45.000 0.0000000000
-1  14.000  -54.000  -45.000 0.0000000000
-1  33.000  -54.000  -46.000 0.0000000000
-1  32.000  -54.000  -46.000 0.0000000000
-1  31.000  -54.000  -46.000 0.0000000000
-1  30.000  -54.000  -46.000 0.0000000000
-1  29.000  -54.000  -46.000 0.0000000000
-1  28.000  -54.000  -46.000 0.0000000000
-1  27.000  -54.000  -46.000 0.0000000000
-1  26.000  -54.000  -46.000 0.0000000000
-1  25.000  -54.000  -46.000 0.0000000000
-1  24.000  -54.000  -46.000 0.0000000000
-1  23.000  -54.000  -46.000 0.0000000000
-1  22.000  -54.000  -46.000 0.0000000000
-1  21.000  -54.000  -46.000 0.0000000000
-1  20.000  -54.000  -46.000 0.0000000000
-1  28.000  -54.000  -47.000 0.0000000000
-1  27.000  -54.000  -47.000 0.0000000000
-1  26.000  -54.000  -47.000 0.0000000000
-1  25.000  -54.000  -47.000 0.0000000000
-1  24.000  -54.000  -47.000 0.0000000000
-1  23.000  -54.000  -47.000 0.0000000000
-1  22.000  -54.000  -47.000 0.0000000000
-1  21.000  -54.000  -47.000 0.0000000000
-1  22.000  -54.000  -48.000 0.0000000000
-1  21.000  -54.000  -48.000 0.0000000000
-1  9.000  -53.000  -18.000 0.0000000000
-1  9.000  -53.000  -19.000 0.0000000000
-1  10.000  -53.000  -20.000 0.0000000000
-1  9.000  -53.000  -20.000 0.0000000000
-1  8.000  -53.000  -20.000 0.0000000000
-1  11.000  -53.000  -21.000 0.0000000000
-1  10.000  -53.000  -21.000 0.0000000000
-1  9.000  -53.000  -21.000 0.0000000000
-1  8.000  -53.000  -21.000 0.0000000000
-1  7.000  -53.000  -21.000 0.0000000000
-1  11.000  -53.000  -22.000 0.0000000000
-1  10.000  -53.000  -22.000 0.0000000000
-1  9.000  -53.000  -22.000 0.0000000000
-1  8.000  -53.000  -22.000 0.0000000000
-1  7.000  -53.000  -22.000 0.0000000000
-1  6.000  -53.000  -22.000 0.0000000000
-1  12.000  -53.000  -23.000 0.0000000000
-1  11.000  -53.000  -23.000 0.0000000000
-1  10.000  -53.000  -23.000 0.0000000000
-1  9.000  -53.000  -23.000 0.0000000000
-1  8.000  -53.000  -23.000 0.0000000000
-1  7.000  -53.000  -23.000 0.0000000000
-1  6.000  -53.000  -23.000 0.0000000000
-1  5.000  -53.000  -23.000 0.0000000000
-1  4.000  -53.000  -23.000 0.0000000000
-1  13.000  -53.000  -24.000 0.0000000000
-1  12.000  -53.000  -24.000 0.0000000000
-1  11.000  -53.000  -24.000 0.0000000000
-1  10.000  -53.000  -24.000 0.0000000000
-1  9.000  -53.000  -24.000 0.0000000000
-1  8.000  -53.000  -24.000 0.0000000000
-1  7.000  -53.000  -24.000 0.0000000000
-1  6.000  -53.000  -24.000 0.0000000000
-1  5.000  -53.000  -24.000 0.0000000000
-1  4.000  -53.000  -24.000 0.0000000000
-1  3.000  -53.000  -24.000 0.0000000000
-1  15.000  -53.000  -25.000 0.0000000000
-1  14.000  -53.000  -25.000 0.0000000000
-1  13.000  -53.000  -25.000 0.0000000000
-1  12.000  -53.000  -25.000 0.0000000000
-1  11.000  -53.000  -25.000 0.0000000000
-1  10.000  -53.000  -25.000 0.0000000000
-1  9.000  -53.000  -25.000 0.0000000000
-1  8.000  -53.000  -25.000 0.0000000000
-1  7.000  -53.000  -25.000 0.0000000000
-1  6.000  -53.000  -25.000 0.0000000000
-1  5.000  -53.000  -25.000 0.0000000000
-1  4.000  -53.000  -25.000 0.0000000000
-1  3.000  -53.000  -25.000 0.0000000000
-1  2.000  -53.000  -25.000 0.0000000000
-1  16.000  -53.000  -26.000 0.0000000000
-1  15.000  -53.000  -26.000 0.0000000000
-1  14.000  -53.000  -26.000 0.0000000000
-1  13.000  -53.000  -26.000 0.0000000000
-1  12.000  -53.000  -26.000 0.0000000000
-1  11.000  -53.000  -26.000 0.0000000000
-1  10.000  -53.000  -26.000 0.0000000000
-1  9.000  -53.000  -26.000 0.0000000000
-1  8.000  -53.000  -26.000 0.0000000000
-1  7.000  -53.000  -26.000 0.0000000000
-1  6.000  -53.000  -26.000 0.0000000000
-1  5.000  -53.000  -26.000 0.0000000000
-1  4.000  -53.000  -26.000 0.0000000000
-1  3.000  -53.000  -26.000 0.0000000000
-1  2.000  -53.000  -26.000 0.0000000000
-1  19.000  -53.000  -27.000 0.0000000000
-1  18.000  -53.000  -27.000 0.0000000000
-1  17.000  -53.000  -27.000 0.0000000000
-1  16.000  -53.000  -27.000 0.0000000000
-1  15.000  -53.000  -27.000 0.0000000000
-1  14.000  -53.000  -27.000 0.0000000000
-1  13.000  -53.000  -27.000 0.0000000000
-1  12.000  -53.000  -27.000 0.0000000000
-1  11.000  -53.000  -27.000 0.0000000000
-1  10.000  -53.000  -27.000 0.0000000000
-1  9.000  -53.000  -27.000 0.0000000000
-1  8.000  -53.000  -27.000 0.0000000000
-1  7.000  -53.000  -27.000 0.0000000000
-1  6.000  -53.000  -27.000 0.0000000000
-1  5.000  -53.000  -27.000 0.0000000000
-1  4.000  -53.000  -27.000 0.0000000000
-1  3.000  -53.000  -27.000 0.0000000000
-1  2.000  -53.000  -27.000 0.0000000000
-1  1.000  -53.000  -27.000 0.0000000000
-1  20.000  -53.000  -28.000 0.0000000000
-1  19.000  -53.000  -28.000 0.0000000000
-1  18.000  -53.000  -28.000 0.0000000000
-1  17.000  -53.000  -28.000 0.0000000000
-1  16.000  -53.000  -28.000 0.0000000000
-1  15.000  -53.000  -28.000 0.0000000000
-1  14.000  -53.000  -28.000 0.0000000000
-1  13.000  -53.000  -28.000 0.0000000000
-1  12.000  -53.000  -28.000 0.0000000000
-1  11.000  -53.000  -28.000 0.0000000000
-1  10.000  -53.000  -28.000 0.0000000000
-1  9.000  -53.000  -28.000 0.0000000000
-1  8.000  -53.000  -28.000 0.0000000000
-1  7.000  -53.000  -28.000 0.0000000000
-1  6.000  -53.000  -28.000 0.0000000000
-1  5.000  -53.000  -28.000 0.0000000000
-1  4.000  -53.000  -28.000 0.0000000000
-1  3.000  -53.000  -28.000 0.0000000000
-1  2.000  -53.000  -28.000 0.0000000000
-1  1.000  -53.000  -28.000 0.0000000000
-1  0.000  -53.000  -28.000 0.0000000000
-1  21.000  -53.000  -29.000 0.0000000000
-1  20.000  -53.000  -29.000 0.0000000000
-1  19.000  -53.000  -29.000 0.0000000000
-1  18.000  -53.000  -29.000 0.0000000000
-1  17.000  -53.000  -29.000 0.0000000000
-1  16.000  -53.000  -29.000 0.0000000000
-1  15.000  -53.000  -29.000 0.0000000000
-1  14.000  -53.000  -29.000 0.0000000000
-1  13.000  -53.000  -29.000 0.0000000000
-1  12.000  -53.000  -29.000 0.0000000000
-1  11.000  -53.000  -29.000 0.0000000000
-1  10.000  -53.000  -29.000 0.0000000000
-1  9.000  -53.000  -29.000 0.0000000000
-1  8.000  -53.000  -29.000 0.0000000000
-1  7.000  -53.000  -29.000 0.0000000000
-1  6.000  -53.000  -29.000 0.0000000000
-1  5.000  -53.000  -29.000 0.0000000000
-1  4.000  -53.000  -29.000 0.0000000000
-1  3.000  -53.000  -29.000 0.0000000000
-1  2.000  -53.000  -29.000 0.0000000000
-1  1.000  -53.000  -29.000 0.0000000000
-1  0.000  -53.000  -29.000 0.0000000000
-1  24.000  -53.000  -30.000 0.0000000000
-1  23.000  -53.000  -30.000 0.0000000000
-1  22.000  -53.000  -30.000 0.0000000000
-1  21.000  -53.000  -30.000 0.0000000000
-1  20.000  -53.000  -30.000 0.0000000000
-1  19.000  -53.000  -30.000 0.0000000000
-1  18.000  -53.000  -30.000 0.0000000000
-1  17.000  -53.000  -30.000 0.0000000000
-1  16.000  -53.000  -30.000 0.0000000000
-1  15.000  -53.000  -30.000 0.0000000000
-1  14.000  -53.000  -30.000 0.0000000000
-1  13.000  -53.000  -30.000 0.0000000000
-1  12.000  -53.000  -30.000 0.0000000000
-1  11.000  -53.000  -30.000 0.0000000000
-1  10.000  -53.000  -30.000 0.0000000000
-1  9.000  -53.000  -30.000 0.0000000000
-1  8.000  -53.000  -30.000 0.0000000000
-1  7.000  -53.000  -30.000 0.0000000000
-1  6.000  -53.000  -30.000 0.0000000000
-1  27.000  -53.000  -31.000 0.0000000000
-1  26.000  -53.000  -31.000 0.0000000000
-1  25.000  -53.000  -31.000 0.0000000000
-1  24.000  -53.000  -31.000 0.0000000000
-1  23.000  -53.000  -31.000 0.0000000000
-1  22.000  -53.000  -31.000 0.0000000000
-1  21.000  -53.000  -31.000 0.0000000000
-1  20.000  -53.000  -31.000 0.0000000000
-1  19.000  -53.000  -31.000 0.0000000000
-1  18.000  -53.000  -31.000 0.0000000000
-1  17.000  -53.000  -31.000 0.0000000000
-1  16.000  -53.000  -31.000 0.0000000000
-1  15.000  -53.000  -31.000 0.0000000000
-1  14.000  -53.000  -31.000 0.0000000000
-1  13.000  -53.000  -31.000 0.0000000000
-1  12.000  -53.000  -31.000 0.0000000000
-1  11.000  -53.000  -31.000 0.0000000000
-1  10.000  -53.000  -31.000 0.0000000000
-1  9.000  -53.000  -31.000 0.0000000000
-1  8.000  -53.000  -31.000 0.0000000000
-1  7.000  -53.000  -31.000 0.0000000000
-1  27.000  -53.000  -32.000 0.0000000000
-1  26.000  -53.000  -32.000 0.0000000000
-1  25.000  -53.000  -32.000 0.0000000000
-1  24.000  -53.000  -32.000 0.0000000000
-1  23.000  -53.000  -32.000 0.0000000000
-1  22.000  -53.000  -32.000 0.0000000000
-1  21.000  -53.000  -32.000 0.0000000000
-1  20.000  -53.000  -32.000 0.0000000000
-1  19.000  -53.000  -32.000 0.0000000000
-1  18.000  -53.000  -32.000 0.0000000000
-1  17.000  -53.000  -32.000 0.0000000000
-1  16.000  -53.000  -32.000 0.0000000000
-1  15.000  -53.000  -32.000 0.0000000000
-1  14.000  -53.000  -32.000 0.0000000000
-1  13.000  -53.000  -32.000 0.0000000000
-1  12.000  -53.000  -32.000 0.0000000000
-1  11.000  -53.000  -32.000 0.0000000000
-1  10.000  -53.000  -32.000 0.0000000000
-1  9.000  -53.000  -32.000 0.0000000000
-1  28.000  -53.000  -33.000 0.0000000000
-1  27.000  -53.000  -33.000 0.0000000000
-1  26.000  -53.000  -33.000 0.0000000000
-1  25.000  -53.000  -33.000 0.0000000000
-1  24.000  -53.000  -33.000 0.0000000000
-1  23.000  -53.000  -33.000 0.0000000000
-1  22.000  -53.000  -33.000 0.0000000000
-1  21.000  -53.000  -33.000 0.0000000000
-1  20.000  -53.000  -33.000 0.0000000000
-1  19.000  -53.000  -33.000 0.0000000000
-1  18.000  -53.000  -33.000 0.0000000000
-1  17.000  -53.000  -33.000 0.0000000000
-1  16.000  -53.000  -33.000 0.0000000000
-1  15.000  -53.000  -33.000 0.0000000000
-1  14.000  -53.000  -33.000 0.0000000000
-1  13.000  -53.000  -33.000 0.0000000000
-1  12.000  -53.000  -33.000 0.0000000000
-1  11.000  -53.000  -33.000 0.0000000000
-1  10.000  -53.000  -33.000 0.0000000000
-1  29.000  -53.000  -34.000 0.0000000000
-1  28.000  -53.000  -34.000 0.0000000000
-1  27.000  -53.000  -34.000 0.0000000000
-1  26.000  -53.000  -34.000 0.0000000000
-1  25.000  -53.000  -34.000 0.0000000000
-1  24.000  -53.000  -34.000 0.0000000000
-1  23.000  -53.000  -34.000 0.0000000000
-1  22.000  -53.000  -34.000 0.0000000000
-1  21.000  -53.000  -34.000 0.0000000000
-1  20.000  -53.000  -34.000 0.0000000000
-1  19.000  -53.000  -34.000 0.0000000000
-1  18.000  -53.000  -34.000 0.0000000000
-1  17.000  -53.000  -34.000 0.0000000000
-1  16.000  -53.000  -34.000 0.0000000000
-1  15.000  -53.000  -34.000 0.0000000000
-1  14.000  -53.000  -34.000 0.0000000000
-1  13.000  -53.000  -34.000 0.0000000000
-1  12.000  -53.000  -34.000 0.0000000000
-1  11.000  -53.000  -34.000 0.0000000000
-1  30.000  -53.000  -35.000 0.0000000000
-1  29.000  -53.000  -35.000 0.0000000000
-1  28.000  -53.000  -35.000 0.0000000000
-1  27.000  -53.000  -35.000 0.0000000000
-1  26.000  -53.000  -35.000 0.0000000000
-1  25.000  -53.000  -35.000 0.0000000000
-1  24.000  -53.000  -35.000 0.0000000000
-1  23.000  -53.000  -35.000 0.0000000000
-1  22.000  -53.000  -35.000 0.0000000000
-1  21.000  -53.000  -35.000 0.0000000000
-1  20.000  -53.000  -35.000 0.0000000000
-1  19.000  -53.000  -35.000 0.0000000000
-1  18.000  -53.000  -35.000 0.0000000000
-1  17.000  -53.000  -35.000 0.0000000000
-1  16.000  -53.000  -35.000 0.0000000000
-1  15.000  -53.000  -35.000 0.0000000000
-1  14.000  -53.000  -35.000 0.0000000000
-1  13.000  -53.000  -35.000 0.0000000000
-1  12.000  -53.000  -35.000 0.0000000000
-1  30.000  -53.000  -36.000 0.0000000000
-1  29.000  -53.000  -36.000 0.0000000000
-1  28.000  -53.000  -36.000 0.0000000000
-1  27.000  -53.000  -36.000 0.0000000000
-1  26.000  -53.000  -36.000 0.0000000000
-1  25.000  -53.000  -36.000 0.0000000000
-1  24.000  -53.000  -36.000 0.0000000000
-1  23.000  -53.000  -36.000 0.0000000000
-1  22.000  -53.000  -36.000 0.0000000000
-1  21.000  -53.000  -36.000 0.0000000000
-1  20.000  -53.000  -36.000 0.0000000000
-1  19.000  -53.000  -36.000 0.0000000000
-1  18.000  -53.000  -36.000 0.0000000000
-1  17.000  -53.000  -36.000 0.0000000000
-1  16.000  -53.000  -36.000 0.0000000000
-1  15.000  -53.000  -36.000 0.0000000000
-1  14.000  -53.000  -36.000 0.0000000000
-1  13.000  -53.000  -36.000 0.0000000000
-1  12.000  -53.000  -36.000 0.0000000000
-1  32.000  -53.000  -37.000 0.0000000000
-1  31.000  -53.000  -37.000 0.0000000000
-1  30.000  -53.000  -37.000 0.0000000000
-1  29.000  -53.000  -37.000 0.0000000000
-1  28.000  -53.000  -37.000 0.0000000000
-1  27.000  -53.000  -37.000 0.0000000000
-1  26.000  -53.000  -37.000 0.0000000000
-1  25.000  -53.000  -37.000 0.0000000000
-1  24.000  -53.000  -37.000 0.0000000000
-1  23.000  -53.000  -37.000 0.0000000000
-1  22.000  -53.000  -37.000 0.0000000000
-1  21.000  -53.000  -37.000 0.0000000000
-1  20.000  -53.000  -37.000 0.0000000000
-1  19.000  -53.000  -37.000 0.0000000000
-1  18.000  -53.000  -37.000 0.0000000000
-1  17.000  -53.000  -37.000 0.0000000000
-1  16.000  -53.000  -37.000 0.0000000000
-1  15.000  -53.000  -37.000 0.0000000000
-1  14.000  -53.000  -37.000 0.0000000000
-1  13.000  -53.000  -37.000 0.0000000000
-1  12.000  -53.000  -37.000 0.0000000000
-1  35.000  -53.000  -38.000 0.0000000000
-1  34.000  -53.000  -38.000 0.0000000000
-1  33.000  -53.000  -38.000 0.0000000000
-1  32.000  -53.000  -38.000 0.0000000000
-1  31.000  -53.000  -38.000 0.0000000000
-1  30.000  -53.000  -38.000 0.0000000000
-1  29.000  -53.000  -38.000 0.0000000000
-1  28.000  -53.000  -38.000 0.0000000000
-1  27.000  -53.000  -38.000 0.0000000000
-1  26.000  -53.000  -38.000 0.0000000000
-1  25.000  -53.000  -38.000 0.0000000000
-1  24.000  -53.000  -38.000 0.0000000000
-1  23.000  -53.000  -38.000 0.0000000000
-1  22.000  -53.000  -38.000 0.0000000000
-1  21.000  -53.000  -38.000 0.0000000000
-1  20.000  -53.000  -38.000 0.0000000000
-1  19.000  -53.000  -38.000 0.0000000000
-1  18.000  -53.000  -38.000 0.0000000000
-1  17.000  -53.000  -38.000 0.0000000000
-1  16.000  -53.000  -38.000 0.0000000000
-1  15.000  -53.000  -38.000 0.0000000000
-1  14.000  -53.000  -38.000 0.0000000000
-1  13.000  -53.000  -38.000 0.0000000000
-1  38.000  -53.000  -39.000 0.0000000000
-1  37.000  -53.000  -39.000 0.0000000000
-1  36.000  -53.000  -39.000 0.0000000000
-1  35.000  -53.000  -39.000 0.0000000000
-1  34.000  -53.000  -39.000 0.0000000000
-1  33.000  -53.000  -39.000 0.0000000000
-1  32.000  -53.000  -39.000 0.0000000000
-1  31.000  -53.000  -39.000 0.0000000000
-1  30.000  -53.000  -39.000 0.0000000000
-1  29.000  -53.000  -39.000 0.0000000000
-1  28.000  -53.000  -39.000 0.0000000000
-1  27.000  -53.000  -39.000 0.0000000000
-1  26.000  -53.000  -39.000 0.0000000000
-1  25.000  -53.000  -39.000 0.0000000000
-1  24.000  -53.000  -39.000 0.0000000000
-1  23.000  -53.000  -39.000 0.0000000000
-1  22.000  -53.000  -39.000 0.0000000000
-1  21.000  -53.000  -39.000 0.0000000000
-1  20.000  -53.000  -39.000 0.0000000000
-1  19.000  -53.000  -39.000 0.0000000000
-1  18.000  -53.000  -39.000 0.0000000000
-1  17.000  -53.000  -39.000 0.0000000000
-1  16.000  -53.000  -39.000 0.0000000000
-1  15.000  -53.000  -39.000 0.0000000000
-1  14.000  -53.000  -39.000 0.0000000000
-1  13.000  -53.000  -39.000 0.0000000000
-1  39.000  -53.000  -40.000 0.0000000000
-1  38.000  -53.000  -40.000 0.0000000000
-1  37.000  -53.000  -40.000 0.0000000000
-1  36.000  -53.000  -40.000 0.0000000000
-1  35.000  -53.000  -40.000 0.0000000000
-1  34.000  -53.000  -40.000 0.0000000000
-1  33.000  -53.000  -40.000 0.0000000000
-1  32.000  -53.000  -40.000 0.0000000000
-1  31.000  -53.000  -40.000 0.0000000000
-1  30.000  -53.000  -40.000 0.0000000000
-1  29.000  -53.000  -40.000 0.0000000000
-1  28.000  -53.000  -40.000 0.0000000000
-1  27.000  -53.000  -40.000 0.0000000000
-1  26.000  -53.000  -40.000 0.0000000000
-1  25.000  -53.000  -40.000 0.0000000000
-1  24.000  -53.000  -40.000 0.0000000000
-1  23.000  -53.000  -40.000 0.0000000000
-1  22.000  -53.000  -40.000 0.0000000000
-1  21.000  -53.000  -40.000 0.0000000000
-1  20.000  -53.000  -40.000 0.0000000000
-1  19.000  -53.000  -40.000 0.0000000000
-1  18.000  -53.000  -40.000 0.0000000000
-1  17.000  -53.000  -40.000 0.0000000000
-1  16.000  -53.000  -40.000 0.0000000000
-1  15.000  -53.000  -40.000 0.0000000000
-1  14.000  -53.000  -40.000 0.0000000000
-1  38.000  -53.000  -41.000 0.0000000000
-1  37.000  -53.000  -41.000 0.0000000000
-1  36.000  -53.000  -41.000 0.0000000000
-1  35.000  -53.000  -41.000 0.0000000000
-1  34.000  -53.000  -41.000 0.0000000000
-1  33.000  -53.000  -41.000 0.0000000000
-1  32.000  -53.000  -41.000 0.0000000000
-1  31.000  -53.000  -41.000 0.0000000000
-1  30.000  -53.000  -41.000 0.0000000000
-1  29.000  -53.000  -41.000 0.0000000000
-1  28.000  -53.000  -41.000 0.0000000000
-1  27.000  -53.000  -41.000 0.0000000000
-1  26.000  -53.000  -41.000 0.0000000000
-1  25.000  -53.000  -41.000 0.0000000000
-1  24.000  -53.000  -41.000 0.0000000000
-1  23.000  -53.000  -41.000 0.0000000000
-1  22.000  -53.000  -41.000 0.0000000000
-1  21.000  -53.000  -41.000 0.0000000000
-1  20.000  -53.000  -41.000 0.0000000000
-1  19.000  -53.000  -41.000 0.0000000000
-1  18.000  -53.000  -41.000 0.0000000000
-1  17.000  -53.000  -41.000 0.0000000000
-1  16.000  -53.000  -41.000 0.0000000000
-1  15.000  -53.000  -41.000 0.0000000000
-1  14.000  -53.000  -41.000 0.0000000000
-1  38.000  -53.000  -42.000 0.0000000000
-1  37.000  -53.000  -42.000 0.0000000000
-1  36.000  -53.000  -42.000 0.0000000000
-1  35.000  -53.000  -42.000 0.0000000000
-1  34.000  -53.000  -42.000 0.0000000000
-1  33.000  -53.000  -42.000 0.0000000000
-1  32.000  -53.000  -42.000 0.0000000000
-1  31.000  -53.000  -42.000 0.0000000000
-1  30.000  -53.000  -42.000 0.0000000000
-1  29.000  -53.000  -42.000 0.0000000000
-1  28.000  -53.000  -42.000 0.0000000000
-1  27.000  -53.000  -42.000 0.0000000000
-1  26.000  -53.000  -42.000 0.0000000000
-1  25.000  -53.000  -42.000 0.0000000000
-1  24.000  -53.000  -42.000 0.0000000000
-1  23.000  -53.000  -42.000 0.0000000000
-1  22.000  -53.000  -42.000 0.0000000000
-1  21.000  -53.000  -42.000 0.0000000000
-1  20.000  -53.000  -42.000 0.0000000000
-1  19.000  -53.000  -42.000 0.0000000000
-1  18.000  -53.000  -42.000 0.0000000000
-1  17.000  -53.000  -42.000 0.0000000000
-1  16.000  -53.000  -42.000 0.0000000000
-1  15.000  -53.000  -42.000 0.0000000000
-1  14.000  -53.000  -42.000 0.0000000000
-1  13.000  -53.000  -42.000 0.0000000000
-1  36.000  -53.000  -43.000 0.0000000000
-1  35.000  -53.000  -43.000 0.0000000000
-1  34.000  -53.000  -43.000 0.0000000000
-1  33.000  -53.000  -43.000 0.0000000000
-1  32.000  -53.000  -43.000 0.0000000000
-1  31.000  -53.000  -43.000 0.0000000000
-1  30.000  -53.000  -43.000 0.0000000000
-1  29.000  -53.000  -43.000 0.0000000000
-1  28.000  -53.000  -43.000 0.0000000000
-1  27.000  -53.000  -43.000 0.0000000000
-1  26.000  -53.000  -43.000 0.0000000000
-1  25.000  -53.000  -43.000 0.0000000000
-1  24.000  -53.000  -43.000 0.0000000000
-1  23.000  -53.000  -43.000 0.0000000000
-1  22.000  -53.000  -43.000 0.0000000000
-1  21.000  -53.000  -43.000 0.0000000000
-1  20.000  -53.000  -43.000 0.0000000000
-1  19.000  -53.000  -43.000 0.0000000000
-1  18.000  -53.000  -43.000 0.0000000000
-1  17.000  -53.000  -43.000 0.0000000000
-1  16.000  -53.000  -43.000 0.0000000000
-1  15.000  -53.000  -43.000 0.0000000000
-1  14.000  -53.000  -43.000 0.0000000000
-1  13.000  -53.000  -43.000 0.0000000000
-1  35.000  -53.000  -44.000 0.0000000000
-1  34.000  -53.000  -44.000 0.0000000000
-1  33.000  -53.000  -44.000 0.0000000000
-1  32.000  -53.000  -44.000 0.0000000000
-1  31.000  -53.000  -44.000 0.0000000000
-1  30.000  -53.000  -44.000 0.0000000000
-1  29.000  -53.000  -44.000 0.0000000000
-1  28.000  -53.000  -44.000 0.0000000000
-1  27.000  -53.000  -44.000 0.0000000000
-1  26.000  -53.000  -44.000 0.0000000000
-1  25.000  -53.000  -44.000 0.0000000000
-1  24.000  -53.000  -44.000 0.0000000000
-1  23.000  -53.000  -44.000 0.0000000000
-1  22.000  -53.000  -44.000 0.0000000000
-1  21.000  -53.000  -44.000 0.0000000000
-1  20.000  -53.000  -44.000 0.0000000000
-1  19.000  -53.000  -44.000 0.0000000000
-1  18.000  -53.000  -44.000 0.0000000000
-1  17.000  -53.000  -44.000 0.0000000000
-1  16.000  -53.000  -44.000 0.0000000000
-1  15.000  -53.000  -44.000 0.0000000000
-1  14.000  -53.000  -44.000 0.0000000000
-1  34.000  -53.000  -45.000 0.0000000000
-1  33.000  -53.000  -45.000 0.0000000000
-1  32.000  -53.000  -45.000 0.0000000000
-1  31.000  -53.000  -45.000 0.0000000000
-1  30.000  -53.000  -45.000 0.0000000000
-1  29.000  -53.000  -45.000 0.0000000000
-1  28.000  -53.000  -45.000 0.0000000000
-1  27.000  -53.000  -45.000 0.0000000000
-1  26.000  -53.000  -45.000 0.0000000000
-1  25.000  -53.000  -45.000 0.0000000000
-1  24.000  -53.000  -45.000 0.0000000000
-1  23.000  -53.000  -45.000 0.0000000000
-1  22.000  -53.000  -45.000 0.0000000000
-1  21.000  -53.000  -45.000 0.0000000000
-1  20.000  -53.000  -45.000 0.0000000000
-1  19.000  -53.000  -45.000 0.0000000000
-1  18.000  -53.000  -45.000 0.0000000000
-1  17.000  -53.000  -45.000 0.0000000000
-1  16.000  -53.000  -45.000 0.0000000000
-1  15.000  -53.000  -45.000 0.0000000000
-1  33.000  -53.000  -46.000 0.0000000000
-1  31.000  -53.000  -46.000 0.0000000000
-1  30.000  -53.000  -46.000 0.0000000000
-1  29.000  -53.000  -46.000 0.0000000000
-1  28.000  -53.000  -46.000 0.0000000000
-1  27.000  -53.000  -46.000 0.0000000000
-1  26.000  -53.000  -46.000 0.0000000000
-1  25.000  -53.000  -46.000 0.0000000000
-1  24.000  -53.000  -46.000 0.0000000000
-1  23.000  -53.000  -46.000 0.0000000000
-1  22.000  -53.000  -46.000 0.0000000000
-1  21.000  -53.000  -46.000 0.0000000000
-1  20.000  -53.000  -46.000 0.0000000000
-1  28.000  -53.000  -47.000 0.0000000000
-1  27.000  -53.000  -47.000 0.0000000000
-1  26.000  -53.000  -47.000 0.0000000000
-1  25.000  -53.000  -47.000 0.0000000000
-1  24.000  -53.000  -47.000 0.0000000000
-1  23.000  -53.000  -47.000 0.0000000000
-1  22.000  -53.000  -47.000 0.0000000000
-1  21.000  -53.000  -47.000 0.0000000000
-1  23.000  -53.000  -48.000 0.0000000000
-1  22.000  -53.000  -48.000 0.0000000000
-1  21.000  -53.000  -48.000 0.0000000000
-1  10.000  -52.000  -20.000 0.0000000000
-1  9.000  -52.000  -20.000 0.0000000000
-1  11.000  -52.000  -21.000 0.0000000000
-1  10.000  -52.000  -21.000 0.0000000000
-1  11.000  -52.000  -22.000 0.0000000000
-1  10.000  -52.000  -22.000 0.0000000000
-1  9.000  -52.000  -22.000 0.0000000000
-1  8.000  -52.000  -22.000 0.0000000000
-1  7.000  -52.000  -22.000 0.0000000000
-1  6.000  -52.000  -22.000 0.0000000000
-1  5.000  -52.000  -22.000 0.0000000000
-1  12.000  -52.000  -23.000 0.0000000000
-1  11.000  -52.000  -23.000 0.0000000000
-1  10.000  -52.000  -23.000 0.0000000000
-1  9.000  -52.000  -23.000 0.0000000000
-1  8.000  -52.000  -23.000 0.0000000000
-1  7.000  -52.000  -23.000 0.0000000000
-1  6.000  -52.000  -23.000 0.0000000000
-1  5.000  -52.000  -23.000 0.0000000000
-1  13.000  -52.000  -24.000 0.0000000000
-1  12.000  -52.000  -24.000 0.0000000000
-1  11.000  -52.000  -24.000 0.0000000000
-1  10.000  -52.000  -24.000 0.0000000000
-1  9.000  -52.000  -24.000 0.0000000000
-1  8.000  -52.000  -24.000 0.0000000000
-1  7.000  -52.000  -24.000 0.0000000000
-1  6.000  -52.000  -24.000 0.0000000000
-1  5.000  -52.000  -24.000 0.0000000000
-1  4.000  -52.000  -24.000 0.0000000000
-1  3.000  -52.000  -24.000 0.0000000000
-1  15.000  -52.000  -25.000 0.0000000000
-1  14.000  -52.000  -25.000 0.0000000000
-1  13.000  -52.000  -25.000 0.0000000000
-1  12.000  -52.000  -25.000 0.0000000000
-1  11.000  -52.000  -25.000 0.0000000000
-1  10.000  -52.000  -25.000 0.0000000000
-1  9.000  -52.000  -25.000 0.0000000000
-1  8.000  -52.000  -25.000 0.0000000000
-1  7.000  -52.000  -25.000 0.0000000000
-1  6.000  -52.000  -25.000 0.0000000000
-1  5.000  -52.000  -25.000 0.0000000000
-1  4.000  -52.000  -25.000 0.0000000000
-1  3.000  -52.000  -25.000 0.0000000000
-1  17.000  -52.000  -26.000 0.0000000000
-1  16.000  -52.000  -26.000 0.0000000000
-1  15.000  -52.000  -26.000 0.0000000000
-1  14.000  -52.000  -26.000 0.0000000000
-1  13.000  -52.000  -26.000 0.0000000000
-1  12.000  -52.000  -26.000 0.0000000000
-1  11.000  -52.000  -26.000 0.0000000000
-1  10.000  -52.000  -26.000 0.0000000000
-1  9.000  -52.000  -26.000 0.0000000000
-1  8.000  -52.000  -26.000 0.0000000000
-1  7.000  -52.000  -26.000 0.0000000000
-1  6.000  -52.000  -26.000 0.0000000000
-1  5.000  -52.000  -26.000 0.0000000000
-1  4.000  -52.000  -26.000 0.0000000000
-1  3.000  -52.000  -26.000 0.0000000000
-1  19.000  -52.000  -27.000 0.0000000000
-1  18.000  -52.000  -27.000 0.0000000000
-1  17.000  -52.000  -27.000 0.0000000000
-1  16.000  -52.000  -27.000 0.0000000000
-1  15.000  -52.000  -27.000 0.0000000000
-1  14.000  -52.000  -27.000 0.0000000000
-1  13.000  -52.000  -27.000 0.0000000000
-1  12.000  -52.000  -27.000 0.0000000000
-1  11.000  -52.000  -27.000 0.0000000000
-1  10.000  -52.000  -27.000 0.0000000000
-1  9.000  -52.000  -27.000 0.0000000000
-1  8.000  -52.000  -27.000 0.0000000000
-1  7.000  -52.000  -27.000 0.0000000000
-1  6.000  -52.000  -27.000 0.0000000000
-1  5.000  -52.000  -27.000 0.0000000000
-1  4.000  -52.000  -27.000 0.0000000000
-1  3.000  -52.000  -27.000 0.0000000000
-1  2.000  -52.000  -27.000 0.0000000000
-1  1.000  -52.000  -27.000 0.0000000000
-1  0.000  -52.000  -27.000 0.0000000000
-1  19.000  -52.000  -28.000 0.0000000000
-1  18.000  -52.000  -28.000 0.0000000000
-1  17.000  -52.000  -28.000 0.0000000000
-1  16.000  -52.000  -28.000 0.0000000000
-1  15.000  -52.000  -28.000 0.0000000000
-1  14.000  -52.000  -28.000 0.0000000000
-1  13.000  -52.000  -28.000 0.0000000000
-1  12.000  -52.000  -28.000 0.0000000000
-1  11.000  -52.000  -28.000 0.0000000000
-1  10.000  -52.000  -28.000 0.0000000000
-1  9.000  -52.000  -28.000 0.0000000000
-1  8.000  -52.000  -28.000 0.0000000000
-1  7.000  -52.000  -28.000 0.0000000000
-1  6.000  -52.000  -28.000 0.0000000000
-1  5.000  -52.000  -28.000 0.0000000000
-1  4.000  -52.000  -28.000 0.0000000000
-1  3.000  -52.000  -28.000 0.0000000000
-1  2.000  -52.000  -28.000 0.0000000000
-1  1.000  -52.000  -28.000 0.0000000000
-1  0.000  -52.000  -28.000 0.0000000000
-1  21.000  -52.000  -29.000 0.0000000000
-1  20.000  -52.000  -29.000 0.0000000000
-1  19.000  -52.000  -29.000 0.0000000000
-1  18.000  -52.000  -29.000 0.0000000000
-1  17.000  -52.000  -29.000 0.0000000000
-1  16.000  -52.000  -29.000 0.0000000000
-1  15.000  -52.000  -29.000 0.0000000000
-1  14.000  -52.000  -29.000 0.0000000000
-1  13.000  -52.000  -29.000 0.0000000000
-1  12.000  -52.000  -29.000 0.0000000000
-1  11.000  -52.000  -29.000 0.0000000000
-1  10.000  -52.000  -29.000 0.0000000000
-1  9.000  -52.000  -29.000 0.0000000000
-1  8.000  -52.000  -29.000 0.0000000000
-1  7.000  -52.000  -29.000 0.0000000000
-1  6.000  -52.000  -29.000 0.0000000000
-1  5.000  -52.000  -29.000 0.0000000000
-1  24.000  -52.000  -30.000 0.0000000000
-1  23.000  -52.000  -30.000 0.0000000000
-1  22.000  -52.000  -30.000 0.0000000000
-1  21.000  -52.000  -30.000 0.0000000000
-1  20.000  -52.000  -30.000 0.0000000000
-1  19.000  -52.000  -30.000 0.0000000000
-1  18.000  -52.000  -30.000 0.0000000000
-1  17.000  -52.000  -30.000 0.0000000000
-1  16.000  -52.000  -30.000 0.0000000000
-1  15.000  -52.000  -30.000 0.0000000000
-1  14.000  -52.000  -30.000 0.0000000000
-1  13.000  -52.000  -30.000 0.0000000000
-1  12.000  -52.000  -30.000 0.0000000000
-1  11.000  -52.000  -30.000 0.0000000000
-1  10.000  -52.000  -30.000 0.0000000000
-1  9.000  -52.000  -30.000 0.0000000000
-1  8.000  -52.000  -30.000 0.0000000000
-1  7.000  -52.000  -30.000 0.0000000000
-1  25.000  -52.000  -31.000 0.0000000000
-1  24.000  -52.000  -31.000 0.0000000000
-1  23.000  -52.000  -31.000 0.0000000000
-1  22.000  -52.000  -31.000 0.0000000000
-1  21.000  -52.000  -31.000 0.0000000000
-1  20.000  -52.000  -31.000 0.0000000000
-1  19.000  -52.000  -31.000 0.0000000000
-1  18.000  -52.000  -31.000 0.0000000000
-1  17.000  -52.000  -31.000 0.0000000000
-1  16.000  -52.000  -31.000 0.0000000000
-1  15.000  -52.000  -31.000 0.0000000000
-1  14.000  -52.000  -31.000 0.0000000000
-1  13.000  -52.000  -31.000 0.0000000000
-1  12.000  -52.000  -31.000 0.0000000000
-1  11.000  -52.000  -31.000 0.0000000000
-1  10.000  -52.000  -31.000 0.0000000000
-1  9.000  -52.000  -31.000 0.0000000000
-1  8.000  -52.000  -31.000 0.0000000000
-1  7.000  -52.000  -31.000 0.0000000000
-1  27.000  -52.000  -32.000 0.0000000000
-1  26.000  -52.000  -32.000 0.0000000000
-1  25.000  -52.000  -32.000 0.0000000000
-1  24.000  -52.000  -32.000 0.0000000000
-1  23.000  -52.000  -32.000 0.0000000000
-1  22.000  -52.000  -32.000 0.0000000000
-1  21.000  -52.000  -32.000 0.0000000000
-1  20.000  -52.000  -32.000 0.0000000000
-1  19.000  -52.000  -32.000 0.0000000000
-1  18.000  -52.000  -32.000 0.0000000000
-1  17.000  -52.000  -32.000 0.0000000000
-1  16.000  -52.000  -32.000 0.0000000000
-1  15.000  -52.000  -32.000 0.0000000000
-1  14.000  -52.000  -32.000 0.0000000000
-1  13.000  -52.000  -32.000 0.0000000000
-1  12.000  -52.000  -32.000 0.0000000000
-1  11.000  -52.000  -32.000 0.0000000000
-1  10.000  -52.000  -32.000 0.0000000000
-1  8.000  -52.000  -32.000 0.0000000000
-1  28.000  -52.000  -33.000 0.0000000000
-1  27.000  -52.000  -33.000 0.0000000000
-1  26.000  -52.000  -33.000 0.0000000000
-1  25.000  -52.000  -33.000 0.0000000000
-1  24.000  -52.000  -33.000 0.0000000000
-1  23.000  -52.000  -33.000 0.0000000000
-1  22.000  -52.000  -33.000 0.0000000000
-1  21.000  -52.000  -33.000 0.0000000000
-1  20.000  -52.000  -33.000 0.0000000000
-1  19.000  -52.000  -33.000 0.0000000000
-1  18.000  -52.000  -33.000 0.0000000000
-1  17.000  -52.000  -33.000 0.0000000000
-1  16.000  -52.000  -33.000 0.0000000000
-1  15.000  -52.000  -33.000 0.0000000000
-1  14.000  -52.000  -33.000 0.0000000000
-1  13.000  -52.000  -33.000 0.0000000000
-1  12.000  -52.000  -33.000 0.0000000000
-1  11.000  -52.000  -33.000 0.0000000000
-1  10.000  -52.000  -33.000 0.0000000000
-1  30.000  -52.000  -34.000 0.0000000000
-1  29.000  -52.000  -34.000 0.0000000000
-1  28.000  -52.000  -34.000 0.0000000000
-1  27.000  -52.000  -34.000 0.0000000000
-1  26.000  -52.000  -34.000 0.0000000000
-1  25.000  -52.000  -34.000 0.0000000000
-1  24.000  -52.000  -34.000 0.0000000000
-1  23.000  -52.000  -34.000 0.0000000000
-1  22.000  -52.000  -34.000 0.0000000000
-1  21.000  -52.000  -34.000 0.0000000000
-1  20.000  -52.000  -34.000 0.0000000000
-1  19.000  -52.000  -34.000 0.0000000000
-1  18.000  -52.000  -34.000 0.0000000000
-1  17.000  -52.000  -34.000 0.0000000000
-1  16.000  -52.000  -34.000 0.0000000000
-1  15.000  -52.000  -34.000 0.0000000000
-1  14.000  -52.000  -34.000 0.0000000000
-1  13.000  -52.000  -34.000 0.0000000000
-1  12.000  -52.000  -34.000 0.0000000000
-1  11.000  -52.000  -34.000 0.0000000000
-1  30.000  -52.000  -35.000 0.0000000000
-1  29.000  -52.000  -35.000 0.0000000000
-1  28.000  -52.000  -35.000 0.0000000000
-1  27.000  -52.000  -35.000 0.0000000000
-1  26.000  -52.000  -35.000 0.0000000000
-1  25.000  -52.000  -35.000 0.0000000000
-1  24.000  -52.000  -35.000 0.0000000000
-1  23.000  -52.000  -35.000 0.0000000000
-1  22.000  -52.000  -35.000 0.0000000000
-1  21.000  -52.000  -35.000 0.0000000000
-1  20.000  -52.000  -35.000 0.0000000000
-1  19.000  -52.000  -35.000 0.0000000000
-1  18.000  -52.000  -35.000 0.0000000000
-1  17.000  -52.000  -35.000 0.0000000000
-1  16.000  -52.000  -35.000 0.0000000000
-1  15.000  -52.000  -35.000 0.0000000000
-1  14.000  -52.000  -35.000 0.0000000000
-1  13.000  -52.000  -35.000 0.0000000000
-1  12.000  -52.000  -35.000 0.0000000000
-1  11.000  -52.000  -35.000 0.0000000000
-1  30.000  -52.000  -36.000 0.0000000000
-1  29.000  -52.000  -36.000 0.0000000000
-1  28.000  -52.000  -36.000 0.0000000000
-1  27.000  -52.000  -36.000 0.0000000000
-1  26.000  -52.000  -36.000 0.0000000000
-1  25.000  -52.000  -36.000 0.0000000000
-1  24.000  -52.000  -36.000 0.0000000000
-1  23.000  -52.000  -36.000 0.0000000000
-1  22.000  -52.000  -36.000 0.0000000000
-1  21.000  -52.000  -36.000 0.0000000000
-1  20.000  -52.000  -36.000 0.0000000000
-1  19.000  -52.000  -36.000 0.0000000000
-1  18.000  -52.000  -36.000 0.0000000000
-1  17.000  -52.000  -36.000 0.0000000000
-1  16.000  -52.000  -36.000 0.0000000000
-1  15.000  -52.000  -36.000 0.0000000000
-1  14.000  -52.000  -36.000 0.0000000000
-1  13.000  -52.000  -36.000 0.0000000000
-1  12.000  -52.000  -36.000 0.0000000000
-1  32.000  -52.000  -37.000 0.0000000000
-1  31.000  -52.000  -37.000 0.0000000000
-1  30.000  -52.000  -37.000 0.0000000000
-1  29.000  -52.000  -37.000 0.0000000000
-1  28.000  -52.000  -37.000 0.0000000000
-1  27.000  -52.000  -37.000 0.0000000000
-1  26.000  -52.000  -37.000 0.0000000000
-1  25.000  -52.000  -37.000 0.0000000000
-1  24.000  -52.000  -37.000 0.0000000000
-1  23.000  -52.000  -37.000 0.0000000000
-1  22.000  -52.000  -37.000 0.0000000000
-1  21.000  -52.000  -37.000 0.0000000000
-1  20.000  -52.000  -37.000 0.0000000000
-1  19.000  -52.000  -37.000 0.0000000000
-1  18.000  -52.000  -37.000 0.0000000000
-1  17.000  -52.000  -37.000 0.0000000000
-1  16.000  -52.000  -37.000 0.0000000000
-1  15.000  -52.000  -37.000 0.0000000000
-1  14.000  -52.000  -37.000 0.0000000000
-1  13.000  -52.000  -37.000 0.0000000000
-1  12.000  -52.000  -37.000 0.0000000000
-1  34.000  -52.000  -38.000 0.0000000000
-1  33.000  -52.000  -38.000 0.0000000000
-1  32.000  -52.000  -38.000 0.0000000000
-1  31.000  -52.000  -38.000 0.0000000000
-1  30.000  -52.000  -38.000 0.0000000000
-1  29.000  -52.000  -38.000 0.0000000000
-1  28.000  -52.000  -38.000 0.0000000000
-1  27.000  -52.000  -38.000 0.0000000000
-1  26.000  -52.000  -38.000 0.0000000000
-1  25.000  -52.000  -38.000 0.0000000000
-1  24.000  -52.000  -38.000 0.0000000000
-1  23.000  -52.000  -38.000 0.0000000000
-1  22.000  -52.000  -38.000 0.0000000000
-1  21.000  -52.000  -38.000 0.0000000000
-1  20.000  -52.000  -38.000 0.0000000000
-1  19.000  -52.000  -38.000 0.0000000000
-1  18.000  -52.000  -38.000 0.0000000000
-1  17.000  -52.000  -38.000 0.0000000000
-1  16.000  -52.000  -38.000 0.0000000000
-1  15.000  -52.000  -38.000 0.0000000000
-1  14.000  -52.000  -38.000 0.0000000000
-1  13.000  -52.000  -38.000 0.0000000000
-1  12.000  -52.000  -38.000 0.0000000000
-1  37.000  -52.000  -39.000 0.0000000000
-1  36.000  -52.000  -39.000 0.0000000000
-1  35.000  -52.000  -39.000 0.0000000000
-1  34.000  -52.000  -39.000 0.0000000000
-1  33.000  -52.000  -39.000 0.0000000000
-1  32.000  -52.000  -39.000 0.0000000000
-1  31.000  -52.000  -39.000 0.0000000000
-1  30.000  -52.000  -39.000 0.0000000000
-1  29.000  -52.000  -39.000 0.0000000000
-1  28.000  -52.000  -39.000 0.0000000000
-1  27.000  -52.000  -39.000 0.0000000000
-1  26.000  -52.000  -39.000 0.0000000000
-1  25.000  -52.000  -39.000 0.0000000000
-1  24.000  -52.000  -39.000 0.0000000000
-1  23.000  -52.000  -39.000 0.0000000000
-1  22.000  -52.000  -39.000 0.0000000000
-1  21.000  -52.000  -39.000 0.0000000000
-1  20.000  -52.000  -39.000 0.0000000000
-1  19.000  -52.000  -39.000 0.0000000000
-1  18.000  -52.000  -39.000 0.0000000000
-1  17.000  -52.000  -39.000 0.0000000000
-1  16.000  -52.000  -39.000 0.0000000000
-1  15.000  -52.000  -39.000 0.0000000000
-1  14.000  -52.000  -39.000 0.0000000000
-1  13.000  -52.000  -39.000 0.0000000000
-1  39.000  -52.000  -40.000 0.0000000000
-1  38.000  -52.000  -40.000 0.0000000000
-1  37.000  -52.000  -40.000 0.0000000000
-1  36.000  -52.000  -40.000 0.0000000000
-1  35.000  -52.000  -40.000 0.0000000000
-1  34.000  -52.000  -40.000 0.0000000000
-1  33.000  -52.000  -40.000 0.0000000000
-1  32.000  -52.000  -40.000 0.0000000000
-1  31.000  -52.000  -40.000 0.0000000000
-1  30.000  -52.000  -40.000 0.0000000000
-1  29.000  -52.000  -40.000 0.0000000000
-1  28.000  -52.000  -40.000 0.0000000000
-1  27.000  -52.000  -40.000 0.0000000000
-1  26.000  -52.000  -40.000 0.0000000000
-1  25.000  -52.000  -40.000 0.0000000000
-1  24.000  -52.000  -40.000 0.0000000000
-1  23.000  -52.000  -40.000 0.0000000000
-1  22.000  -52.000  -40.000 0.0000000000
-1  21.000  -52.000  -40.000 0.0000000000
-1  20.000  -52.000  -40.000 0.0000000000
-1  19.000  -52.000  -40.000 0.0000000000
-1  18.000  -52.000  -40.000 0.0000000000
-1  17.000  -52.000  -40.000 0.0000000000
-1  16.000  -52.000  -40.000 0.0000000000
-1  15.000  -52.000  -40.000 0.0000000000
-1  14.000  -52.000  -40.000 0.0000000000
-1  39.000  -52.000  -41.000 0.0000000000
-1  38.000  -52.000  -41.000 0.0000000000
-1  37.000  -52.000  -41.000 0.0000000000
-1  36.000  -52.000  -41.000 0.0000000000
-1  35.000  -52.000  -41.000 0.0000000000
-1  34.000  -52.000  -41.000 0.0000000000
-1  33.000  -52.000  -41.000 0.0000000000
-1  32.000  -52.000  -41.000 0.0000000000
-1  31.000  -52.000  -41.000 0.0000000000
-1  30.000  -52.000  -41.000 0.0000000000
-1  29.000  -52.000  -41.000 0.0000000000
-1  28.000  -52.000  -41.000 0.0000000000
-1  27.000  -52.000  -41.000 0.0000000000
-1  26.000  -52.000  -41.000 0.0000000000
-1  25.000  -52.000  -41.000 0.0000000000
-1  24.000  -52.000  -41.000 0.0000000000
-1  23.000  -52.000  -41.000 0.0000000000
-1  22.000  -52.000  -41.000 0.0000000000
-1  21.000  -52.000  -41.000 0.0000000000
-1  20.000  -52.000  -41.000 0.0000000000
-1  19.000  -52.000  -41.000 0.0000000000
-1  18.000  -52.000  -41.000 0.0000000000
-1  17.000  -52.000  -41.000 0.0000000000
-1  16.000  -52.000  -41.000 0.0000000000
-1  15.000  -52.000  -41.000 0.0000000000
-1  14.000  -52.000  -41.000 0.0000000000
-1  39.000  -52.000  -42.000 0.0000000000
-1  38.000  -52.000  -42.000 0.0000000000
-1  37.000  -52.000  -42.000 0.0000000000
-1  36.000  -52.000  -42.000 0.0000000000
-1  35.000  -52.000  -42.000 0.0000000000
-1  34.000  -52.000  -42.000 0.0000000000
-1  33.000  -52.000  -42.000 0.0000000000
-1  32.000  -52.000  -42.000 0.0000000000
-1  31.000  -52.000  -42.000 0.0000000000
-1  30.000  -52.000  -42.000 0.0000000000
-1  29.000  -52.000  -42.000 0.0000000000
-1  28.000  -52.000  -42.000 0.0000000000
-1  27.000  -52.000  -42.000 0.0000000000
-1  26.000  -52.000  -42.000 0.0000000000
-1  25.000  -52.000  -42.000 0.0000000000
-1  24.000  -52.000  -42.000 0.0000000000
-1  23.000  -52.000  -42.000 0.0000000000
-1  22.000  -52.000  -42.000 0.0000000000
-1  21.000  -52.000  -42.000 0.0000000000
-1  20.000  -52.000  -42.000 0.0000000000
-1  19.000  -52.000  -42.000 0.0000000000
-1  18.000  -52.000  -42.000 0.0000000000
-1  17.000  -52.000  -42.000 0.0000000000
-1  16.000  -52.000  -42.000 0.0000000000
-1  15.000  -52.000  -42.000 0.0000000000
-1  14.000  -52.000  -42.000 0.0000000000
-1  36.000  -52.000  -43.000 0.0000000000
-1  35.000  -52.000  -43.000 0.0000000000
-1  34.000  -52.000  -43.000 0.0000000000
-1  33.000  -52.000  -43.000 0.0000000000
-1  32.000  -52.000  -43.000 0.0000000000
-1  31.000  -52.000  -43.000 0.0000000000
-1  30.000  -52.000  -43.000 0.0000000000
-1  29.000  -52.000  -43.000 0.0000000000
-1  28.000  -52.000  -43.000 0.0000000000
-1  27.000  -52.000  -43.000 0.0000000000
-1  26.000  -52.000  -43.000 0.0000000000
-1  25.000  -52.000  -43.000 0.0000000000
-1  24.000  -52.000  -43.000 0.0000000000
-1  23.000  -52.000  -43.000 0.0000000000
-1  22.000  -52.000  -43.000 0.0000000000
-1  21.000  -52.000  -43.000 0.0000000000
-1  20.000  -52.000  -43.000 0.0000000000
-1  19.000  -52.000  -43.000 0.0000000000
-1  18.000  -52.000  -43.000 0.0000000000
-1  17.000  -52.000  -43.000 0.0000000000
-1  16.000  -52.000  -43.000 0.0000000000
-1  15.000  -52.000  -43.000 0.0000000000
-1  14.000  -52.000  -43.000 0.0000000000
-1  35.000  -52.000  -44.000 0.0000000000
-1  34.000  -52.000  -44.000 0.0000000000
-1  33.000  -52.000  -44.000 0.0000000000
-1  32.000  -52.000  -44.000 0.0000000000
-1  31.000  -52.000  -44.000 0.0000000000
-1  30.000  -52.000  -44.000 0.0000000000
-1  29.000  -52.000  -44.000 0.0000000000
-1  28.000  -52.000  -44.000 0.0000000000
-1  27.000  -52.000  -44.000 0.0000000000
-1  26.000  -52.000  -44.000 0.0000000000
-1  25.000  -52.000  -44.000 0.0000000000
-1  24.000  -52.000  -44.000 0.0000000000
-1  23.000  -52.000  -44.000 0.0000000000
-1  22.000  -52.000  -44.000 0.0000000000
-1  21.000  -52.000  -44.000 0.0000000000
-1  20.000  -52.000  -44.000 0.0000000000
-1  19.000  -52.000  -44.000 0.0000000000
-1  18.000  -52.000  -44.000 0.0000000000
-1  17.000  -52.000  -44.000 0.0000000000
-1  16.000  -52.000  -44.000 0.0000000000
-1  15.000  -52.000  -44.000 0.0000000000
-1  34.000  -52.000  -45.000 0.0000000000
-1  33.000  -52.000  -45.000 0.0000000000
-1  32.000  -52.000  -45.000 0.0000000000
-1  31.000  -52.000  -45.000 0.0000000000
-1  30.000  -52.000  -45.000 0.0000000000
-1  29.000  -52.000  -45.000 0.0000000000
-1  28.000  -52.000  -45.000 0.0000000000
-1  27.000  -52.000  -45.000 0.0000000000
-1  26.000  -52.000  -45.000 0.0000000000
-1  25.000  -52.000  -45.000 0.0000000000
-1  24.000  -52.000  -45.000 0.0000000000
-1  23.000  -52.000  -45.000 0.0000000000
-1  22.000  -52.000  -45.000 0.0000000000
-1  21.000  -52.000  -45.000 0.0000000000
-1  20.000  -52.000  -45.000 0.0000000000
-1  19.000  -52.000  -45.000 0.0000000000
-1  18.000  -52.000  -45.000 0.0000000000
-1  17.000  -52.000  -45.000 0.0000000000
-1  16.000  -52.000  -45.000 0.0000000000
-1  15.000  -52.000  -45.000 0.0000000000
-1  32.000  -52.000  -46.000 0.0000000000
-1  31.000  -52.000  -46.000 0.0000000000
-1  30.000  -52.000  -46.000 0.0000000000
-1  29.000  -52.000  -46.000 0.0000000000
-1  28.000  -52.000  -46.000 0.0000000000
-1  27.000  -52.000  -46.000 0.0000000000
-1  26.000  -52.000  -46.000 0.0000000000
-1  25.000  -52.000  -46.000 0.0000000000
-1  24.000  -52.000  -46.000 0.0000000000
-1  23.000  -52.000  -46.000 0.0000000000
-1  22.000  -52.000  -46.000 0.0000000000
-1  21.000  -52.000  -46.000 0.0000000000
-1  20.000  -52.000  -46.000 0.0000000000
-1  29.000  -52.000  -47.000 0.0000000000
-1  28.000  -52.000  -47.000 0.0000000000
-1  27.000  -52.000  -47.000 0.0000000000
-1  26.000  -52.000  -47.000 0.0000000000
-1  25.000  -52.000  -47.000 0.0000000000
-1  24.000  -52.000  -47.000 0.0000000000
-1  23.000  -52.000  -47.000 0.0000000000
-1  22.000  -52.000  -47.000 0.0000000000
-1  21.000  -52.000  -47.000 0.0000000000
-1  23.000  -52.000  -48.000 0.0000000000
-1  22.000  -52.000  -48.000 0.0000000000
-1  21.000  -52.000  -48.000 0.0000000000
-1  12.000  -51.000  -22.000 0.0000000000
-1  11.000  -51.000  -22.000 0.0000000000
-1  10.000  -51.000  -22.000 0.0000000000
-1  13.000  -51.000  -23.000 0.0000000000
-1  12.000  -51.000  -23.000 0.0000000000
-1  11.000  -51.000  -23.000 0.0000000000
-1  10.000  -51.000  -23.000 0.0000000000
-1  9.000  -51.000  -23.000 0.0000000000
-1  8.000  -51.000  -23.000 0.0000000000
-1  7.000  -51.000  -23.000 0.0000000000
-1  14.000  -51.000  -24.000 0.0000000000
-1  13.000  -51.000  -24.000 0.0000000000
-1  12.000  -51.000  -24.000 0.0000000000
-1  11.000  -51.000  -24.000 0.0000000000
-1  10.000  -51.000  -24.000 0.0000000000
-1  9.000  -51.000  -24.000 0.0000000000
-1  8.000  -51.000  -24.000 0.0000000000
-1  7.000  -51.000  -24.000 0.0000000000
-1  6.000  -51.000  -24.000 0.0000000000
-1  5.000  -51.000  -24.000 0.0000000000
-1  15.000  -51.000  -25.000 0.0000000000
-1  14.000  -51.000  -25.000 0.0000000000
-1  13.000  -51.000  -25.000 0.0000000000
-1  12.000  -51.000  -25.000 0.0000000000
-1  11.000  -51.000  -25.000 0.0000000000
-1  10.000  -51.000  -25.000 0.0000000000
-1  9.000  -51.000  -25.000 0.0000000000
-1  8.000  -51.000  -25.000 0.0000000000
-1  7.000  -51.000  -25.000 0.0000000000
-1  6.000  -51.000  -25.000 0.0000000000
-1  5.000  -51.000  -25.000 0.0000000000
-1  4.000  -51.000  -25.000 0.0000000000
-1  3.000  -51.000  -25.000 0.0000000000
-1  2.000  -51.000  -25.000 0.0000000000
-1  17.000  -51.000  -26.000 0.0000000000
-1  16.000  -51.000  -26.000 0.0000000000
-1  15.000  -51.000  -26.000 0.0000000000
-1  14.000  -51.000  -26.000 0.0000000000
-1  13.000  -51.000  -26.000 0.0000000000
-1  12.000  -51.000  -26.000 0.0000000000
-1  11.000  -51.000  -26.000 0.0000000000
-1  10.000  -51.000  -26.000 0.0000000000
-1  9.000  -51.000  -26.000 0.0000000000
-1  8.000  -51.000  -26.000 0.0000000000
-1  7.000  -51.000  -26.000 0.0000000000
-1  6.000  -51.000  -26.000 0.0000000000
-1  5.000  -51.000  -26.000 0.0000000000
-1  4.000  -51.000  -26.000 0.0000000000
-1  3.000  -51.000  -26.000 0.0000000000
-1  2.000  -51.000  -26.000 0.0000000000
-1  18.000  -51.000  -27.000 0.0000000000
-1  17.000  -51.000  -27.000 0.0000000000
-1  16.000  -51.000  -27.000 0.0000000000
-1  15.000  -51.000  -27.000 0.0000000000
-1  14.000  -51.000  -27.000 0.0000000000
-1  13.000  -51.000  -27.000 0.0000000000
-1  12.000  -51.000  -27.000 0.0000000000
-1  11.000  -51.000  -27.000 0.0000000000
-1  10.000  -51.000  -27.000 0.0000000000
-1  9.000  -51.000  -27.000 0.0000000000
-1  8.000  -51.000  -27.000 0.0000000000
-1  7.000  -51.000  -27.000 0.0000000000
-1  6.000  -51.000  -27.000 0.0000000000
-1  5.000  -51.000  -27.000 0.0000000000
-1  4.000  -51.000  -27.000 0.0000000000
-1  3.000  -51.000  -27.000 0.0000000000
-1  2.000  -51.000  -27.000 0.0000000000
-1  1.000  -51.000  -27.000 0.0000000000
-1  20.000  -51.000  -28.000 0.0000000000
-1  19.000  -51.000  -28.000 0.0000000000
-1  18.000  -51.000  -28.000 0.0000000000
-1  17.000  -51.000  -28.000 0.0000000000
-1  16.000  -51.000  -28.000 0.0000000000
-1  15.000  -51.000  -28.000 0.0000000000
-1  14.000  -51.000  -28.000 0.0000000000
-1  13.000  -51.000  -28.000 0.0000000000
-1  12.000  -51.000  -28.000 0.0000000000
-1  11.000  -51.000  -28.000 0.0000000000
-1  10.000  -51.000  -28.000 0.0000000000
-1  9.000  -51.000  -28.000 0.0000000000
-1  8.000  -51.000  -28.000 0.0000000000
-1  7.000  -51.000  -28.000 0.0000000000
-1  6.000  -51.000  -28.000 0.0000000000
-1  5.000  -51.000  -28.000 0.0000000000
-1  4.000  -51.000  -28.000 0.0000000000
-1  3.000  -51.000  -28.000 0.0000000000
-1  21.000  -51.000  -29.000 0.0000000000
-1  20.000  -51.000  -29.000 0.0000000000
-1  19.000  -51.000  -29.000 0.0000000000
-1  18.000  -51.000  -29.000 0.0000000000
-1  17.000  -51.000  -29.000 0.0000000000
-1  16.000  -51.000  -29.000 0.0000000000
-1  15.000  -51.000  -29.000 0.0000000000
-1  14.000  -51.000  -29.000 0.0000000000
-1  13.000  -51.000  -29.000 0.0000000000
-1  12.000  -51.000  -29.000 0.0000000000
-1  11.000  -51.000  -29.000 0.0000000000
-1  10.000  -51.000  -29.000 0.0000000000
-1  9.000  -51.000  -29.000 0.0000000000
-1  8.000  -51.000  -29.000 0.0000000000
-1  7.000  -51.000  -29.000 0.0000000000
-1  24.000  -51.000  -30.000 0.0000000000
-1  23.000  -51.000  -30.000 0.0000000000
-1  22.000  -51.000  -30.000 0.0000000000
-1  21.000  -51.000  -30.000 0.0000000000
-1  20.000  -51.000  -30.000 0.0000000000
-1  19.000  -51.000  -30.000 0.0000000000
-1  18.000  -51.000  -30.000 0.0000000000
-1  17.000  -51.000  -30.000 0.0000000000
-1  16.000  -51.000  -30.000 0.0000000000
-1  15.000  -51.000  -30.000 0.0000000000
-1  14.000  -51.000  -30.000 0.0000000000
-1  13.000  -51.000  -30.000 0.0000000000
-1  12.000  -51.000  -30.000 0.0000000000
-1  11.000  -51.000  -30.000 0.0000000000
-1  10.000  -51.000  -30.000 0.0000000000
-1  9.000  -51.000  -30.000 0.0000000000
-1  8.000  -51.000  -30.000 0.0000000000
-1  7.000  -51.000  -30.000 0.0000000000
-1  26.000  -51.000  -31.000 0.0000000000
-1  25.000  -51.000  -31.000 0.0000000000
-1  24.000  -51.000  -31.000 0.0000000000
-1  23.000  -51.000  -31.000 0.0000000000
-1  22.000  -51.000  -31.000 0.0000000000
-1  21.000  -51.000  -31.000 0.0000000000
-1  20.000  -51.000  -31.000 0.0000000000
-1  19.000  -51.000  -31.000 0.0000000000
-1  18.000  -51.000  -31.000 0.0000000000
-1  17.000  -51.000  -31.000 0.0000000000
-1  16.000  -51.000  -31.000 0.0000000000
-1  15.000  -51.000  -31.000 0.0000000000
-1  14.000  -51.000  -31.000 0.0000000000
-1  13.000  -51.000  -31.000 0.0000000000
-1  12.000  -51.000  -31.000 0.0000000000
-1  11.000  -51.000  -31.000 0.0000000000
-1  10.000  -51.000  -31.000 0.0000000000
-1  9.000  -51.000  -31.000 0.0000000000
-1  8.000  -51.000  -31.000 0.0000000000
-1  28.000  -51.000  -32.000 0.0000000000
-1  27.000  -51.000  -32.000 0.0000000000
-1  26.000  -51.000  -32.000 0.0000000000
-1  25.000  -51.000  -32.000 0.0000000000
-1  24.000  -51.000  -32.000 0.0000000000
-1  23.000  -51.000  -32.000 0.0000000000
-1  22.000  -51.000  -32.000 0.0000000000
-1  21.000  -51.000  -32.000 0.0000000000
-1  20.000  -51.000  -32.000 0.0000000000
-1  19.000  -51.000  -32.000 0.0000000000
-1  18.000  -51.000  -32.000 0.0000000000
-1  17.000  -51.000  -32.000 0.0000000000
-1  16.000  -51.000  -32.000 0.0000000000
-1  15.000  -51.000  -32.000 0.0000000000
-1  14.000  -51.000  -32.000 0.0000000000
-1  13.000  -51.000  -32.000 0.0000000000
-1  12.000  -51.000  -32.000 0.0000000000
-1  11.000  -51.000  -32.000 0.0000000000
-1  10.000  -51.000  -32.000 0.0000000000
-1  9.000  -51.000  -32.000 0.0000000000
-1  28.000  -51.000  -33.000 0.0000000000
-1  27.000  -51.000  -33.000 0.0000000000
-1  26.000  -51.000  -33.000 0.0000000000
-1  25.000  -51.000  -33.000 0.0000000000
-1  24.000  -51.000  -33.000 0.0000000000
-1  23.000  -51.000  -33.000 0.0000000000
-1  22.000  -51.000  -33.000 0.0000000000
-1  21.000  -51.000  -33.000 0.0000000000
-1  20.000  -51.000  -33.000 0.0000000000
-1  19.000  -51.000  -33.000 0.0000000000
-1  18.000  -51.000  -33.000 0.0000000000
-1  17.000  -51.000  -33.000 0.0000000000
-1  16.000  -51.000  -33.000 0.0000000000
-1  15.000  -51.000  -33.000 0.0000000000
-1  14.000  -51.000  -33.000 0.0000000000
-1  13.000  -51.000  -33.000 0.0000000000
-1  12.000  -51.000  -33.000 0.0000000000
-1  11.000  -51.000  -33.000 0.0000000000
-1  10.000  -51.000  -33.000 0.0000000000
-1  29.000  -51.000  -34.000 0.0000000000
-1  28.000  -51.000  -34.000 0.0000000000
-1  27.000  -51.000  -34.000 0.0000000000
-1  26.000  -51.000  -34.000 0.0000000000
-1  25.000  -51.000  -34.000 0.0000000000
-1  24.000  -51.000  -34.000 0.0000000000
-1  23.000  -51.000  -34.000 0.0000000000
-1  22.000  -51.000  -34.000 0.0000000000
-1  21.000  -51.000  -34.000 0.0000000000
-1  20.000  -51.000  -34.000 0.0000000000
-1  19.000  -51.000  -34.000 0.0000000000
-1  18.000  -51.000  -34.000 0.0000000000
-1  17.000  -51.000  -34.000 0.0000000000
-1  16.000  -51.000  -34.000 0.0000000000
-1  15.000  -51.000  -34.000 0.0000000000
-1  14.000  -51.000  -34.000 0.0000000000
-1  13.000  -51.000  -34.000 0.0000000000
-1  12.000  -51.000  -34.000 0.0000000000
-1  11.000  -51.000  -34.000 0.0000000000
-1  30.000  -51.000  -35.000 0.0000000000
-1  29.000  -51.000  -35.000 0.0000000000
-1  28.000  -51.000  -35.000 0.0000000000
-1  27.000  -51.000  -35.000 0.0000000000
-1  26.000  -51.000  -35.000 0.0000000000
-1  25.000  -51.000  -35.000 0.0000000000
-1  24.000  -51.000  -35.000 0.0000000000
-1  23.000  -51.000  -35.000 0.0000000000
-1  22.000  -51.000  -35.000 0.0000000000
-1  21.000  -51.000  -35.000 0.0000000000
-1  20.000  -51.000  -35.000 0.0000000000
-1  19.000  -51.000  -35.000 0.0000000000
-1  18.000  -51.000  -35.000 0.0000000000
-1  17.000  -51.000  -35.000 0.0000000000
-1  16.000  -51.000  -35.000 0.0000000000
-1  15.000  -51.000  -35.000 0.0000000000
-1  14.000  -51.000  -35.000 0.0000000000
-1  13.000  -51.000  -35.000 0.0000000000
-1  12.000  -51.000  -35.000 0.0000000000
-1  11.000  -51.000  -35.000 0.0000000000
-1  30.000  -51.000  -36.000 0.0000000000
-1  29.000  -51.000  -36.000 0.0000000000
-1  28.000  -51.000  -36.000 0.0000000000
-1  27.000  -51.000  -36.000 0.0000000000
-1  26.000  -51.000  -36.000 0.0000000000
-1  25.000  -51.000  -36.000 0.0000000000
-1  24.000  -51.000  -36.000 0.0000000000
-1  23.000  -51.000  -36.000 0.0000000000
-1  22.000  -51.000  -36.000 0.0000000000
-1  21.000  -51.000  -36.000 0.0000000000
-1  20.000  -51.000  -36.000 0.0000000000
-1  19.000  -51.000  -36.000 0.0000000000
-1  18.000  -51.000  -36.000 0.0000000000
-1  17.000  -51.000  -36.000 0.0000000000
-1  16.000  -51.000  -36.000 0.0000000000
-1  15.000  -51.000  -36.000 0.0000000000
-1  14.000  -51.000  -36.000 0.0000000000
-1  13.000  -51.000  -36.000 0.0000000000
-1  12.000  -51.000  -36.000 0.0000000000
-1  11.000  -51.000  -36.000 0.0000000000
-1  32.000  -51.000  -37.000 0.0000000000
-1  31.000  -51.000  -37.000 0.0000000000
-1  30.000  -51.000  -37.000 0.0000000000
-1  29.000  -51.000  -37.000 0.0000000000
-1  28.000  -51.000  -37.000 0.0000000000
-1  27.000  -51.000  -37.000 0.0000000000
-1  26.000  -51.000  -37.000 0.0000000000
-1  25.000  -51.000  -37.000 0.0000000000
-1  24.000  -51.000  -37.000 0.0000000000
-1  23.000  -51.000  -37.000 0.0000000000
-1  22.000  -51.000  -37.000 0.0000000000
-1  21.000  -51.000  -37.000 0.0000000000
-1  20.000  -51.000  -37.000 0.0000000000
-1  19.000  -51.000  -37.000 0.0000000000
-1  18.000  -51.000  -37.000 0.0000000000
-1  17.000  -51.000  -37.000 0.0000000000
-1  16.000  -51.000  -37.000 0.0000000000
-1  15.000  -51.000  -37.000 0.0000000000
-1  14.000  -51.000  -37.000 0.0000000000
-1  13.000  -51.000  -37.000 0.0000000000
-1  12.000  -51.000  -37.000 0.0000000000
-1  11.000  -51.000  -37.000 0.0000000000
-1  34.000  -51.000  -38.000 0.0000000000
-1  33.000  -51.000  -38.000 0.0000000000
-1  32.000  -51.000  -38.000 0.0000000000
-1  31.000  -51.000  -38.000 0.0000000000
-1  30.000  -51.000  -38.000 0.0000000000
-1  29.000  -51.000  -38.000 0.0000000000
-1  28.000  -51.000  -38.000 0.0000000000
-1  27.000  -51.000  -38.000 0.0000000000
-1  26.000  -51.000  -38.000 0.0000000000
-1  25.000  -51.000  -38.000 0.0000000000
-1  24.000  -51.000  -38.000 0.0000000000
-1  23.000  -51.000  -38.000 0.0000000000
-1  22.000  -51.000  -38.000 0.0000000000
-1  21.000  -51.000  -38.000 0.0000000000
-1  20.000  -51.000  -38.000 0.0000000000
-1  19.000  -51.000  -38.000 0.0000000000
-1  18.000  -51.000  -38.000 0.0000000000
-1  17.000  -51.000  -38.000 0.0000000000
-1  16.000  -51.000  -38.000 0.0000000000
-1  15.000  -51.000  -38.000 0.0000000000
-1  14.000  -51.000  -38.000 0.0000000000
-1  13.000  -51.000  -38.000 0.0000000000
-1  12.000  -51.000  -38.000 0.0000000000
-1  36.000  -51.000  -39.000 0.0000000000
-1  35.000  -51.000  -39.000 0.0000000000
-1  34.000  -51.000  -39.000 0.0000000000
-1  33.000  -51.000  -39.000 0.0000000000
-1  32.000  -51.000  -39.000 0.0000000000
-1  31.000  -51.000  -39.000 0.0000000000
-1  30.000  -51.000  -39.000 0.0000000000
-1  29.000  -51.000  -39.000 0.0000000000
-1  28.000  -51.000  -39.000 0.0000000000
-1  27.000  -51.000  -39.000 0.0000000000
-1  26.000  -51.000  -39.000 0.0000000000
-1  25.000  -51.000  -39.000 0.0000000000
-1  24.000  -51.000  -39.000 0.0000000000
-1  23.000  -51.000  -39.000 0.0000000000
-1  22.000  -51.000  -39.000 0.0000000000
-1  21.000  -51.000  -39.000 0.0000000000
-1  20.000  -51.000  -39.000 0.0000000000
-1  19.000  -51.000  -39.000 0.0000000000
-1  18.000  -51.000  -39.000 0.0000000000
-1  17.000  -51.000  -39.000 0.0000000000
-1  16.000  -51.000  -39.000 0.0000000000
-1  15.000  -51.000  -39.000 0.0000000000
-1  14.000  -51.000  -39.000 0.0000000000
-1  13.000  -51.000  -39.000 0.0000000000
-1  37.000  -51.000  -40.000 0.0000000000
-1  36.000  -51.000  -40.000 0.0000000000
-1  35.000  -51.000  -40.000 0.0000000000
-1  34.000  -51.000  -40.000 0.0000000000
-1  33.000  -51.000  -40.000 0.0000000000
-1  32.000  -51.000  -40.000 0.0000000000
-1  31.000  -51.000  -40.000 0.0000000000
-1  30.000  -51.000  -40.000 0.0000000000
-1  29.000  -51.000  -40.000 0.0000000000
-1  28.000  -51.000  -40.000 0.0000000000
-1  27.000  -51.000  -40.000 0.0000000000
-1  26.000  -51.000  -40.000 0.0000000000
-1  25.000  -51.000  -40.000 0.0000000000
-1  24.000  -51.000  -40.000 0.0000000000
-1  23.000  -51.000  -40.000 0.0000000000
-1  22.000  -51.000  -40.000 0.0000000000
-1  21.000  -51.000  -40.000 0.0000000000
-1  20.000  -51.000  -40.000 0.0000000000
-1  19.000  -51.000  -40.000 0.0000000000
-1  18.000  -51.000  -40.000 0.0000000000
-1  17.000  -51.000  -40.000 0.0000000000
-1  16.000  -51.000  -40.000 0.0000000000
-1  15.000  -51.000  -40.000 0.0000000000
-1  14.000  -51.000  -40.000 0.0000000000
-1  38.000  -51.000  -41.000 0.0000000000
-1  37.000  -51.000  -41.000 0.0000000000
-1  36.000  -51.000  -41.000 0.0000000000
-1  35.000  -51.000  -41.000 0.0000000000
-1  34.000  -51.000  -41.000 0.0000000000
-1  33.000  -51.000  -41.000 0.0000000000
-1  32.000  -51.000  -41.000 0.0000000000
-1  31.000  -51.000  -41.000 0.0000000000
-1  30.000  -51.000  -41.000 0.0000000000
-1  29.000  -51.000  -41.000 0.0000000000
-1  28.000  -51.000  -41.000 0.0000000000
-1  27.000  -51.000  -41.000 0.0000000000
-1  26.000  -51.000  -41.000 0.0000000000
-1  25.000  -51.000  -41.000 0.0000000000
-1  24.000  -51.000  -41.000 0.0000000000
-1  23.000  -51.000  -41.000 0.0000000000
-1  22.000  -51.000  -41.000 0.0000000000
-1  21.000  -51.000  -41.000 0.0000000000
-1  20.000  -51.000  -41.000 0.0000000000
-1  19.000  -51.000  -41.000 0.0000000000
-1  18.000  -51.000  -41.000 0.0000000000
-1  17.000  -51.000  -41.000 0.0000000000
-1  16.000  -51.000  -41.000 0.0000000000
-1  15.000  -51.000  -41.000 0.0000000000
-1  14.000  -51.000  -41.000 0.0000000000
-1  39.000  -51.000  -42.000 0.0000000000
-1  38.000  -51.000  -42.000 0.0000000000
-1  37.000  -51.000  -42.000 0.0000000000
-1  36.000  -51.000  -42.000 0.0000000000
-1  35.000  -51.000  -42.000 0.0000000000
-1  34.000  -51.000  -42.000 0.0000000000
-1  33.000  -51.000  -42.000 0.0000000000
-1  32.000  -51.000  -42.000 0.0000000000
-1  31.000  -51.000  -42.000 0.0000000000
-1  30.000  -51.000  -42.000 0.0000000000
-1  29.000  -51.000  -42.000 0.0000000000
-1  28.000  -51.000  -42.000 0.0000000000
-1  27.000  -51.000  -42.000 0.0000000000
-1  26.000  -51.000  -42.000 0.0000000000
-1  25.000  -51.000  -42.000 0.0000000000
-1  24.000  -51.000  -42.000 0.0000000000
-1  23.000  -51.000  -42.000 0.0000000000
-1  22.000  -51.000  -42.000 0.0000000000
-1  21.000  -51.000  -42.000 0.0000000000
-1  20.000  -51.000  -42.000 0.0000000000
-1  19.000  -51.000  -42.000 0.0000000000
-1  18.000  -51.000  -42.000 0.0000000000
-1  17.000  -51.000  -42.000 0.0000000000
-1  16.000  -51.000  -42.000 0.0000000000
-1  15.000  -51.000  -42.000 0.0000000000
-1  36.000  -51.000  -43.000 0.0000000000
-1  35.000  -51.000  -43.000 0.0000000000
-1  34.000  -51.000  -43.000 0.0000000000
-1  33.000  -51.000  -43.000 0.0000000000
-1  32.000  -51.000  -43.000 0.0000000000
-1  31.000  -51.000  -43.000 0.0000000000
-1  30.000  -51.000  -43.000 0.0000000000
-1  29.000  -51.000  -43.000 0.0000000000
-1  28.000  -51.000  -43.000 0.0000000000
-1  27.000  -51.000  -43.000 0.0000000000
-1  26.000  -51.000  -43.000 0.0000000000
-1  25.000  -51.000  -43.000 0.0000000000
-1  24.000  -51.000  -43.000 0.0000000000
-1  23.000  -51.000  -43.000 0.0000000000
-1  22.000  -51.000  -43.000 0.0000000000
-1  21.000  -51.000  -43.000 0.0000000000
-1  20.000  -51.000  -43.000 0.0000000000
-1  19.000  -51.000  -43.000 0.0000000000
-1  18.000  -51.000  -43.000 0.0000000000
-1  17.000  -51.000  -43.000 0.0000000000
-1  16.000  -51.000  -43.000 0.0000000000
-1  15.000  -51.000  -43.000 0.0000000000
-1  36.000  -51.000  -44.000 0.0000000000
-1  35.000  -51.000  -44.000 0.0000000000
-1  34.000  -51.000  -44.000 0.0000000000
-1  33.000  -51.000  -44.000 0.0000000000
-1  32.000  -51.000  -44.000 0.0000000000
-1  31.000  -51.000  -44.000 0.0000000000
-1  30.000  -51.000  -44.000 0.0000000000
-1  29.000  -51.000  -44.000 0.0000000000
-1  28.000  -51.000  -44.000 0.0000000000
-1  27.000  -51.000  -44.000 0.0000000000
-1  26.000  -51.000  -44.000 0.0000000000
-1  25.000  -51.000  -44.000 0.0000000000
-1  24.000  -51.000  -44.000 0.0000000000
-1  23.000  -51.000  -44.000 0.0000000000
-1  22.000  -51.000  -44.000 0.0000000000
-1  21.000  -51.000  -44.000 0.0000000000
-1  20.000  -51.000  -44.000 0.0000000000
-1  19.000  -51.000  -44.000 0.0000000000
-1  18.000  -51.000  -44.000 0.0000000000
-1  17.000  -51.000  -44.000 0.0000000000
-1  16.000  -51.000  -44.000 0.0000000000
-1  15.000  -51.000  -44.000 0.0000000000
-1  33.000  -51.000  -45.000 0.0000000000
-1  32.000  -51.000  -45.000 0.0000000000
-1  31.000  -51.000  -45.000 0.0000000000
-1  30.000  -51.000  -45.000 0.0000000000
-1  29.000  -51.000  -45.000 0.0000000000
-1  28.000  -51.000  -45.000 0.0000000000
-1  27.000  -51.000  -45.000 0.0000000000
-1  26.000  -51.000  -45.000 0.0000000000
-1  25.000  -51.000  -45.000 0.0000000000
-1  24.000  -51.000  -45.000 0.0000000000
-1  23.000  -51.000  -45.000 0.0000000000
-1  22.000  -51.000  -45.000 0.0000000000
-1  21.000  -51.000  -45.000 0.0000000000
-1  20.000  -51.000  -45.000 0.0000000000
-1  19.000  -51.000  -45.000 0.0000000000
-1  18.000  -51.000  -45.000 0.0000000000
-1  17.000  -51.000  -45.000 0.0000000000
-1  16.000  -51.000  -45.000 0.0000000000
-1  15.000  -51.000  -45.000 0.0000000000
-1  32.000  -51.000  -46.000 0.0000000000
-1  31.000  -51.000  -46.000 0.0000000000
-1  30.000  -51.000  -46.000 0.0000000000
-1  29.000  -51.000  -46.000 0.0000000000
-1  28.000  -51.000  -46.000 0.0000000000
-1  27.000  -51.000  -46.000 0.0000000000
-1  26.000  -51.000  -46.000 0.0000000000
-1  25.000  -51.000  -46.000 0.0000000000
-1  24.000  -51.000  -46.000 0.0000000000
-1  23.000  -51.000  -46.000 0.0000000000
-1  22.000  -51.000  -46.000 0.0000000000
-1  21.000  -51.000  -46.000 0.0000000000
-1  20.000  -51.000  -46.000 0.0000000000
-1  28.000  -51.000  -47.000 0.0000000000
-1  27.000  -51.000  -47.000 0.0000000000
-1  26.000  -51.000  -47.000 0.0000000000
-1  25.000  -51.000  -47.000 0.0000000000
-1  24.000  -51.000  -47.000 0.0000000000
-1  23.000  -51.000  -47.000 0.0000000000
-1  22.000  -51.000  -47.000 0.0000000000
-1  21.000  -51.000  -47.000 0.0000000000
-1  24.000  -51.000  -48.000 0.0000000000
-1  23.000  -51.000  -48.000 0.0000000000
-1  22.000  -51.000  -48.000 0.0000000000
-1  12.000  -50.000  -21.000 0.0000000000
-1  12.000  -50.000  -22.000 0.0000000000
-1  11.000  -50.000  -22.000 0.0000000000
-1  13.000  -50.000  -23.000 0.0000000000
-1  12.000  -50.000  -23.000 0.0000000000
-1  11.000  -50.000  -23.000 0.0000000000
-1  10.000  -50.000  -23.000 0.0000000000
-1  14.000  -50.000  -24.000 0.0000000000
-1  13.000  -50.000  -24.000 0.0000000000
-1  12.000  -50.000  -24.000 0.0000000000
-1  11.000  -50.000  -24.000 0.0000000000
-1  10.000  -50.000  -24.000 0.0000000000
-1  9.000  -50.000  -24.000 0.0000000000
-1  8.000  -50.000  -24.000 0.0000000000
-1  7.000  -50.000  -24.000 0.0000000000
-1  15.000  -50.000  -25.000 0.0000000000
-1  14.000  -50.000  -25.000 0.0000000000
-1  13.000  -50.000  -25.000 0.0000000000
-1  12.000  -50.000  -25.000 0.0000000000
-1  11.000  -50.000  -25.000 0.0000000000
-1  10.000  -50.000  -25.000 0.0000000000
-1  9.000  -50.000  -25.000 0.0000000000
-1  8.000  -50.000  -25.000 0.0000000000
-1  17.000  -50.000  -26.000 0.0000000000
-1  16.000  -50.000  -26.000 0.0000000000
-1  15.000  -50.000  -26.000 0.0000000000
-1  14.000  -50.000  -26.000 0.0000000000
-1  13.000  -50.000  -26.000 0.0000000000
-1  12.000  -50.000  -26.000 0.0000000000
-1  11.000  -50.000  -26.000 0.0000000000
-1  10.000  -50.000  -26.000 0.0000000000
-1  9.000  -50.000  -26.000 0.0000000000
-1  8.000  -50.000  -26.000 0.0000000000
-1  7.000  -50.000  -26.000 0.0000000000
-1  6.000  -50.000  -26.000 0.0000000000
-1  5.000  -50.000  -26.000 0.0000000000
-1  4.000  -50.000  -26.000 0.0000000000
-1  18.000  -50.000  -27.000 0.0000000000
-1  17.000  -50.000  -27.000 0.0000000000
-1  16.000  -50.000  -27.000 0.0000000000
-1  15.000  -50.000  -27.000 0.0000000000
-1  14.000  -50.000  -27.000 0.0000000000
-1  13.000  -50.000  -27.000 0.0000000000
-1  12.000  -50.000  -27.000 0.0000000000
-1  11.000  -50.000  -27.000 0.0000000000
-1  10.000  -50.000  -27.000 0.0000000000
-1  9.000  -50.000  -27.000 0.0000000000
-1  8.000  -50.000  -27.000 0.0000000000
-1  7.000  -50.000  -27.000 0.0000000000
-1  6.000  -50.000  -27.000 0.0000000000
-1  5.000  -50.000  -27.000 0.0000000000
-1  4.000  -50.000  -27.000 0.0000000000
-1  3.000  -50.000  -27.000 0.0000000000
-1  20.000  -50.000  -28.000 0.0000000000
-1  19.000  -50.000  -28.000 0.0000000000
-1  18.000  -50.000  -28.000 0.0000000000
-1  17.000  -50.000  -28.000 0.0000000000
-1  16.000  -50.000  -28.000 0.0000000000
-1  15.000  -50.000  -28.000 0.0000000000
-1  14.000  -50.000  -28.000 0.0000000000
-1  13.000  -50.000  -28.000 0.0000000000
-1  12.000  -50.000  -28.000 0.0000000000
-1  11.000  -50.000  -28.000 0.0000000000
-1  10.000  -50.000  -28.000 0.0000000000
-1  9.000  -50.000  -28.000 0.0000000000
-1  8.000  -50.000  -28.000 0.0000000000
-1  7.000  -50.000  -28.000 0.0000000000
-1  6.000  -50.000  -28.000 0.0000000000
-1  5.000  -50.000  -28.000 0.0000000000
-1  22.000  -50.000  -29.000 0.0000000000
-1  21.000  -50.000  -29.000 0.0000000000
-1  20.000  -50.000  -29.000 0.0000000000
-1  19.000  -50.000  -29.000 0.0000000000
-1  18.000  -50.000  -29.000 0.0000000000
-1  17.000  -50.000  -29.000 0.0000000000
-1  16.000  -50.000  -29.000 0.0000000000
-1  15.000  -50.000  -29.000 0.0000000000
-1  14.000  -50.000  -29.000 0.0000000000
-1  13.000  -50.000  -29.000 0.0000000000
-1  12.000  -50.000  -29.000 0.0000000000
-1  11.000  -50.000  -29.000 0.0000000000
-1  10.000  -50.000  -29.000 0.0000000000
-1  9.000  -50.000  -29.000 0.0000000000
-1  8.000  -50.000  -29.000 0.0000000000
-1  7.000  -50.000  -29.000 0.0000000000
-1  24.000  -50.000  -30.000 0.0000000000
-1  23.000  -50.000  -30.000 0.0000000000
-1  22.000  -50.000  -30.000 0.0000000000
-1  21.000  -50.000  -30.000 0.0000000000
-1  20.000  -50.000  -30.000 0.0000000000
-1  19.000  -50.000  -30.000 0.0000000000
-1  18.000  -50.000  -30.000 0.0000000000
-1  17.000  -50.000  -30.000 0.0000000000
-1  16.000  -50.000  -30.000 0.0000000000
-1  15.000  -50.000  -30.000 0.0000000000
-1  14.000  -50.000  -30.000 0.0000000000
-1  13.000  -50.000  -30.000 0.0000000000
-1  12.000  -50.000  -30.000 0.0000000000
-1  11.000  -50.000  -30.000 0.0000000000
-1  10.000  -50.000  -30.000 0.0000000000
-1  9.000  -50.000  -30.000 0.0000000000
-1  8.000  -50.000  -30.000 0.0000000000
-1  26.000  -50.000  -31.000 0.0000000000
-1  25.000  -50.000  -31.000 0.0000000000
-1  24.000  -50.000  -31.000 0.0000000000
-1  23.000  -50.000  -31.000 0.0000000000
-1  22.000  -50.000  -31.000 0.0000000000
-1  21.000  -50.000  -31.000 0.0000000000
-1  20.000  -50.000  -31.000 0.0000000000
-1  19.000  -50.000  -31.000 0.0000000000
-1  18.000  -50.000  -31.000 0.0000000000
-1  17.000  -50.000  -31.000 0.0000000000
-1  16.000  -50.000  -31.000 0.0000000000
-1  15.000  -50.000  -31.000 0.0000000000
-1  14.000  -50.000  -31.000 0.0000000000
-1  13.000  -50.000  -31.000 0.0000000000
-1  12.000  -50.000  -31.000 0.0000000000
-1  11.000  -50.000  -31.000 0.0000000000
-1  10.000  -50.000  -31.000 0.0000000000
-1  9.000  -50.000  -31.000 0.0000000000
-1  8.000  -50.000  -31.000 0.0000000000
-1  28.000  -50.000  -32.000 0.0000000000
-1  27.000  -50.000  -32.000 0.0000000000
-1  26.000  -50.000  -32.000 0.0000000000
-1  25.000  -50.000  -32.000 0.0000000000
-1  24.000  -50.000  -32.000 0.0000000000
-1  23.000  -50.000  -32.000 0.0000000000
-1  22.000  -50.000  -32.000 0.0000000000
-1  21.000  -50.000  -32.000 0.0000000000
-1  20.000  -50.000  -32.000 0.0000000000
-1  19.000  -50.000  -32.000 0.0000000000
-1  18.000  -50.000  -32.000 0.0000000000
-1  17.000  -50.000  -32.000 0.0000000000
-1  16.000  -50.000  -32.000 0.0000000000
-1  15.000  -50.000  -32.000 0.0000000000
-1  14.000  -50.000  -32.000 0.0000000000
-1  13.000  -50.000  -32.000 0.0000000000
-1  12.000  -50.000  -32.000 0.0000000000
-1  11.000  -50.000  -32.000 0.0000000000
-1  10.000  -50.000  -32.000 0.0000000000
-1  9.000  -50.000  -32.000 0.0000000000
-1  28.000  -50.000  -33.000 0.0000000000
-1  27.000  -50.000  -33.000 0.0000000000
-1  26.000  -50.000  -33.000 0.0000000000
-1  25.000  -50.000  -33.000 0.0000000000
-1  24.000  -50.000  -33.000 0.0000000000
-1  23.000  -50.000  -33.000 0.0000000000
-1  22.000  -50.000  -33.000 0.0000000000
-1  21.000  -50.000  -33.000 0.0000000000
-1  20.000  -50.000  -33.000 0.0000000000
-1  19.000  -50.000  -33.000 0.0000000000
-1  18.000  -50.000  -33.000 0.0000000000
-1  17.000  -50.000  -33.000 0.0000000000
-1  16.000  -50.000  -33.000 0.0000000000
-1  15.000  -50.000  -33.000 0.0000000000
-1  14.000  -50.000  -33.000 0.0000000000
-1  13.000  -50.000  -33.000 0.0000000000
-1  12.000  -50.000  -33.000 0.0000000000
-1  11.000  -50.000  -33.000 0.0000000000
-1  10.000  -50.000  -33.000 0.0000000000
-1  30.000  -50.000  -34.000 0.0000000000
-1  29.000  -50.000  -34.000 0.0000000000
-1  28.000  -50.000  -34.000 0.0000000000
-1  27.000  -50.000  -34.000 0.0000000000
-1  26.000  -50.000  -34.000 0.0000000000
-1  25.000  -50.000  -34.000 0.0000000000
-1  24.000  -50.000  -34.000 0.0000000000
-1  23.000  -50.000  -34.000 0.0000000000
-1  22.000  -50.000  -34.000 0.0000000000
-1  21.000  -50.000  -34.000 0.0000000000
-1  20.000  -50.000  -34.000 0.0000000000
-1  19.000  -50.000  -34.000 0.0000000000
-1  18.000  -50.000  -34.000 0.0000000000
-1  17.000  -50.000  -34.000 0.0000000000
-1  16.000  -50.000  -34.000 0.0000000000
-1  15.000  -50.000  -34.000 0.0000000000
-1  14.000  -50.000  -34.000 0.0000000000
-1  13.000  -50.000  -34.000 0.0000000000
-1  12.000  -50.000  -34.000 0.0000000000
-1  11.000  -50.000  -34.000 0.0000000000
-1  30.000  -50.000  -35.000 0.0000000000
-1  29.000  -50.000  -35.000 0.0000000000
-1  28.000  -50.000  -35.000 0.0000000000
-1  27.000  -50.000  -35.000 0.0000000000
-1  26.000  -50.000  -35.000 0.0000000000
-1  25.000  -50.000  -35.000 0.0000000000
-1  24.000  -50.000  -35.000 0.0000000000
-1  23.000  -50.000  -35.000 0.0000000000
-1  22.000  -50.000  -35.000 0.0000000000
-1  21.000  -50.000  -35.000 0.0000000000
-1  20.000  -50.000  -35.000 0.0000000000
-1  19.000  -50.000  -35.000 0.0000000000
-1  18.000  -50.000  -35.000 0.0000000000
-1  17.000  -50.000  -35.000 0.0000000000
-1  16.000  -50.000  -35.000 0.0000000000
-1  15.000  -50.000  -35.000 0.0000000000
-1  14.000  -50.000  -35.000 0.0000000000
-1  13.000  -50.000  -35.000 0.0000000000
-1  12.000  -50.000  -35.000 0.0000000000
-1  11.000  -50.000  -35.000 0.0000000000
-1  31.000  -50.000  -36.000 0.0000000000
-1  30.000  -50.000  -36.000 0.0000000000
-1  29.000  -50.000  -36.000 0.0000000000
-1  28.000  -50.000  -36.000 0.0000000000
-1  27.000  -50.000  -36.000 0.0000000000
-1  26.000  -50.000  -36.000 0.0000000000
-1  25.000  -50.000  -36.000 0.0000000000
-1  24.000  -50.000  -36.000 0.0000000000
-1  23.000  -50.000  -36.000 0.0000000000
-1  22.000  -50.000  -36.000 0.0000000000
-1  21.000  -50.000  -36.000 0.0000000000
-1  20.000  -50.000  -36.000 0.0000000000
-1  19.000  -50.000  -36.000 0.0000000000
-1  18.000  -50.000  -36.000 0.0000000000
-1  17.000  -50.000  -36.000 0.0000000000
-1  16.000  -50.000  -36.000 0.0000000000
-1  15.000  -50.000  -36.000 0.0000000000
-1  14.000  -50.000  -36.000 0.0000000000
-1  13.000  -50.000  -36.000 0.0000000000
-1  12.000  -50.000  -36.000 0.0000000000
-1  11.000  -50.000  -36.000 0.0000000000
-1  31.000  -50.000  -37.000 0.0000000000
-1  30.000  -50.000  -37.000 0.0000000000
-1  29.000  -50.000  -37.000 0.0000000000
-1  28.000  -50.000  -37.000 0.0000000000
-1  27.000  -50.000  -37.000 0.0000000000
-1  26.000  -50.000  -37.000 0.0000000000
-1  25.000  -50.000  -37.000 0.0000000000
-1  24.000  -50.000  -37.000 0.0000000000
-1  23.000  -50.000  -37.000 0.0000000000
-1  22.000  -50.000  -37.000 0.0000000000
-1  21.000  -50.000  -37.000 0.0000000000
-1  20.000  -50.000  -37.000 0.0000000000
-1  19.000  -50.000  -37.000 0.0000000000
-1  18.000  -50.000  -37.000 0.0000000000
-1  17.000  -50.000  -37.000 0.0000000000
-1  16.000  -50.000  -37.000 0.0000000000
-1  15.000  -50.000  -37.000 0.0000000000
-1  14.000  -50.000  -37.000 0.0000000000
-1  13.000  -50.000  -37.000 0.0000000000
-1  12.000  -50.000  -37.000 0.0000000000
-1  11.000  -50.000  -37.000 0.0000000000
-1  33.000  -50.000  -38.000 0.0000000000
-1  32.000  -50.000  -38.000 0.0000000000
-1  31.000  -50.000  -38.000 0.0000000000
-1  30.000  -50.000  -38.000 0.0000000000
-1  29.000  -50.000  -38.000 0.0000000000
-1  28.000  -50.000  -38.000 0.0000000000
-1  27.000  -50.000  -38.000 0.0000000000
-1  26.000  -50.000  -38.000 0.0000000000
-1  25.000  -50.000  -38.000 0.0000000000
-1  24.000  -50.000  -38.000 0.0000000000
-1  23.000  -50.000  -38.000 0.0000000000
-1  22.000  -50.000  -38.000 0.0000000000
-1  21.000  -50.000  -38.000 0.0000000000
-1  20.000  -50.000  -38.000 0.0000000000
-1  19.000  -50.000  -38.000 0.0000000000
-1  18.000  -50.000  -38.000 0.0000000000
-1  17.000  -50.000  -38.000 0.0000000000
-1  16.000  -50.000  -38.000 0.0000000000
-1  15.000  -50.000  -38.000 0.0000000000
-1  14.000  -50.000  -38.000 0.0000000000
-1  13.000  -50.000  -38.000 0.0000000000
-1  12.000  -50.000  -38.000 0.0000000000
-1  36.000  -50.000  -39.000 0.0000000000
-1  35.000  -50.000  -39.000 0.0000000000
-1  34.000  -50.000  -39.000 0.0000000000
-1  33.000  -50.000  -39.000 0.0000000000
-1  32.000  -50.000  -39.000 0.0000000000
-1  31.000  -50.000  -39.000 0.0000000000
-1  30.000  -50.000  -39.000 0.0000000000
-1  29.000  -50.000  -39.000 0.0000000000
-1  28.000  -50.000  -39.000 0.0000000000
-1  27.000  -50.000  -39.000 0.0000000000
-1  26.000  -50.000  -39.000 0.0000000000
-1  25.000  -50.000  -39.000 0.0000000000
-1  24.000  -50.000  -39.000 0.0000000000
-1  23.000  -50.000  -39.000 0.0000000000
-1  22.000  -50.000  -39.000 0.0000000000
-1  21.000  -50.000  -39.000 0.0000000000
-1  20.000  -50.000  -39.000 0.0000000000
-1  19.000  -50.000  -39.000 0.0000000000
-1  18.000  -50.000  -39.000 0.0000000000
-1  17.000  -50.000  -39.000 0.0000000000
-1  16.000  -50.000  -39.000 0.0000000000
-1  15.000  -50.000  -39.000 0.0000000000
-1  14.000  -50.000  -39.000 0.0000000000
-1  13.000  -50.000  -39.000 0.0000000000
-1  12.000  -50.000  -39.000 0.0000000000
-1  36.000  -50.000  -40.000 0.0000000000
-1  35.000  -50.000  -40.000 0.0000000000
-1  34.000  -50.000  -40.000 0.0000000000
-1  33.000  -50.000  -40.000 0.0000000000
-1  32.000  -50.000  -40.000 0.0000000000
-1  31.000  -50.000  -40.000 0.0000000000
-1  30.000  -50.000  -40.000 0.0000000000
-1  29.000  -50.000  -40.000 0.0000000000
-1  28.000  -50.000  -40.000 0.0000000000
-1  27.000  -50.000  -40.000 0.0000000000
-1  26.000  -50.000  -40.000 0.0000000000
-1  25.000  -50.000  -40.000 0.0000000000
-1  24.000  -50.000  -40.000 0.0000000000
-1  23.000  -50.000  -40.000 0.0000000000
-1  22.000  -50.000  -40.000 0.0000000000
-1  21.000  -50.000  -40.000 0.0000000000
-1  20.000  -50.000  -40.000 0.0000000000
-1  19.000  -50.000  -40.000 0.0000000000
-1  18.000  -50.000  -40.000 0.0000000000
-1  17.000  -50.000  -40.000 0.0000000000
-1  16.000  -50.000  -40.000 0.0000000000
-1  15.000  -50.000  -40.000 0.0000000000
-1  14.000  -50.000  -40.000 0.0000000000
-1  36.000  -50.000  -41.000 0.0000000000
-1  35.000  -50.000  -41.000 0.0000000000
-1  34.000  -50.000  -41.000 0.0000000000
-1  33.000  -50.000  -41.000 0.0000000000
-1  32.000  -50.000  -41.000 0.0000000000
-1  31.000  -50.000  -41.000 0.0000000000
-1  30.000  -50.000  -41.000 0.0000000000
-1  29.000  -50.000  -41.000 0.0000000000
-1  28.000  -50.000  -41.000 0.0000000000
-1  27.000  -50.000  -41.000 0.0000000000
-1  26.000  -50.000  -41.000 0.0000000000
-1  25.000  -50.000  -41.000 0.0000000000
-1  24.000  -50.000  -41.000 0.0000000000
-1  23.000  -50.000  -41.000 0.0000000000
-1  22.000  -50.000  -41.000 0.0000000000
-1  21.000  -50.000  -41.000 0.0000000000
-1  20.000  -50.000  -41.000 0.0000000000
-1  19.000  -50.000  -41.000 0.0000000000
-1  18.000  -50.000  -41.000 0.0000000000
-1  17.000  -50.000  -41.000 0.0000000000
-1  16.000  -50.000  -41.000 0.0000000000
-1  15.000  -50.000  -41.000 0.0000000000
-1  14.000  -50.000  -41.000 0.0000000000
-1  36.000  -50.000  -42.000 0.0000000000
-1  35.000  -50.000  -42.000 0.0000000000
-1  34.000  -50.000  -42.000 0.0000000000
-1  33.000  -50.000  -42.000 0.0000000000
-1  32.000  -50.000  -42.000 0.0000000000
-1  31.000  -50.000  -42.000 0.0000000000
-1  30.000  -50.000  -42.000 0.0000000000
-1  29.000  -50.000  -42.000 0.0000000000
-1  28.000  -50.000  -42.000 0.0000000000
-1  27.000  -50.000  -42.000 0.0000000000
-1  26.000  -50.000  -42.000 0.0000000000
-1  25.000  -50.000  -42.000 0.0000000000
-1  24.000  -50.000  -42.000 0.0000000000
-1  23.000  -50.000  -42.000 0.0000000000
-1  22.000  -50.000  -42.000 0.0000000000
-1  21.000  -50.000  -42.000 0.0000000000
-1  20.000  -50.000  -42.000 0.0000000000
-1  19.000  -50.000  -42.000 0.0000000000
-1  18.000  -50.000  -42.000 0.0000000000
-1  17.000  -50.000  -42.000 0.0000000000
-1  16.000  -50.000  -42.000 0.0000000000
-1  15.000  -50.000  -42.000 0.0000000000
-1  36.000  -50.000  -43.000 0.0000000000
-1  35.000  -50.000  -43.000 0.0000000000
-1  34.000  -50.000  -43.000 0.0000000000
-1  33.000  -50.000  -43.000 0.0000000000
-1  32.000  -50.000  -43.000 0.0000000000
-1  31.000  -50.000  -43.000 0.0000000000
-1  30.000  -50.000  -43.000 0.0000000000
-1  29.000  -50.000  -43.000 0.0000000000
-1  28.000  -50.000  -43.000 0.0000000000
-1  27.000  -50.000  -43.000 0.0000000000
-1  26.000  -50.000  -43.000 0.0000000000
-1  25.000  -50.000  -43.000 0.0000000000
-1  24.000  -50.000  -43.000 0.0000000000
-1  23.000  -50.000  -43.000 0.0000000000
-1  22.000  -50.000  -43.000 0.0000000000
-1  21.000  -50.000  -43.000 0.0000000000
-1  20.000  -50.000  -43.000 0.0000000000
-1  19.000  -50.000  -43.000 0.0000000000
-1  18.000  -50.000  -43.000 0.0000000000
-1  17.000  -50.000  -43.000 0.0000000000
-1  16.000  -50.000  -43.000 0.0000000000
-1  15.000  -50.000  -43.000 0.0000000000
-1  35.000  -50.000  -44.000 0.0000000000
-1  34.000  -50.000  -44.000 0.0000000000
-1  33.000  -50.000  -44.000 0.0000000000
-1  32.000  -50.000  -44.000 0.0000000000
-1  31.000  -50.000  -44.000 0.0000000000
-1  30.000  -50.000  -44.000 0.0000000000
-1  29.000  -50.000  -44.000 0.0000000000
-1  28.000  -50.000  -44.000 0.0000000000
-1  27.000  -50.000  -44.000 0.0000000000
-1  26.000  -50.000  -44.000 0.0000000000
-1  25.000  -50.000  -44.000 0.0000000000
-1  24.000  -50.000  -44.000 0.0000000000
-1  23.000  -50.000  -44.000 0.0000000000
-1  22.000  -50.000  -44.000 0.0000000000
-1  21.000  -50.000  -44.000 0.0000000000
-1  20.000  -50.000  -44.000 0.0000000000
-1  19.000  -50.000  -44.000 0.0000000000
-1  18.000  -50.000  -44.000 0.0000000000
-1  17.000  -50.000  -44.000 0.0000000000
-1  16.000  -50.000  -44.000 0.0000000000
-1  15.000  -50.000  -44.000 0.0000000000
-1  33.000  -50.000  -45.000 0.0000000000
-1  32.000  -50.000  -45.000 0.0000000000
-1  31.000  -50.000  -45.000 0.0000000000
-1  30.000  -50.000  -45.000 0.0000000000
-1  29.000  -50.000  -45.000 0.0000000000
-1  28.000  -50.000  -45.000 0.0000000000
-1  27.000  -50.000  -45.000 0.0000000000
-1  26.000  -50.000  -45.000 0.0000000000
-1  25.000  -50.000  -45.000 0.0000000000
-1  24.000  -50.000  -45.000 0.0000000000
-1  23.000  -50.000  -45.000 0.0000000000
-1  22.000  -50.000  -45.000 0.0000000000
-1  21.000  -50.000  -45.000 0.0000000000
-1  20.000  -50.000  -45.000 0.0000000000
-1  19.000  -50.000  -45.000 0.0000000000
-1  18.000  -50.000  -45.000 0.0000000000
-1  17.000  -50.000  -45.000 0.0000000000
-1  16.000  -50.000  -45.000 0.0000000000
-1  31.000  -50.000  -46.000 0.0000000000
-1  30.000  -50.000  -46.000 0.0000000000
-1  29.000  -50.000  -46.000 0.0000000000
-1  28.000  -50.000  -46.000 0.0000000000
-1  27.000  -50.000  -46.000 0.0000000000
-1  26.000  -50.000  -46.000 0.0000000000
-1  25.000  -50.000  -46.000 0.0000000000
-1  24.000  -50.000  -46.000 0.0000000000
-1  23.000  -50.000  -46.000 0.0000000000
-1  22.000  -50.000  -46.000 0.0000000000
-1  21.000  -50.000  -46.000 0.0000000000
-1  20.000  -50.000  -46.000 0.0000000000
-1  19.000  -50.000  -46.000 0.0000000000
-1  26.000  -50.000  -47.000 0.0000000000
-1  25.000  -50.000  -47.000 0.0000000000
-1  24.000  -50.000  -47.000 0.0000000000
-1  23.000  -50.000  -47.000 0.0000000000
-1  22.000  -50.000  -47.000 0.0000000000
-1  21.000  -50.000  -47.000 0.0000000000
-1  22.000  -50.000  -48.000 0.0000000000
-1  21.000  -50.000  -48.000 0.0000000000
-1  14.000  -49.000  -23.000 0.0000000000
-1  13.000  -49.000  -23.000 0.0000000000
-1  12.000  -49.000  -23.000 0.0000000000
-1  11.000  -49.000  -23.000 0.0000000000
-1  14.000  -49.000  -24.000 0.0000000000
-1  13.000  -49.000  -24.000 0.0000000000
-1  12.000  -49.000  -24.000 0.0000000000
-1  11.000  -49.000  -24.000 0.0000000000
-1  10.000  -49.000  -24.000 0.0000000000
-1  15.000  -49.000  -25.000 0.0000000000
-1  14.000  -49.000  -25.000 0.0000000000
-1  13.000  -49.000  -25.000 0.0000000000
-1  12.000  -49.000  -25.000 0.0000000000
-1  11.000  -49.000  -25.000 0.0000000000
-1  10.000  -49.000  -25.000 0.0000000000
-1  17.000  -49.000  -26.000 0.0000000000
-1  16.000  -49.000  -26.000 0.0000000000
-1  15.000  -49.000  -26.000 0.0000000000
-1  14.000  -49.000  -26.000 0.0000000000
-1  13.000  -49.000  -26.000 0.0000000000
-1  12.000  -49.000  -26.000 0.0000000000
-1  11.000  -49.000  -26.000 0.0000000000
-1  10.000  -49.000  -26.000 0.0000000000
-1  9.000  -49.000  -26.000 0.0000000000
-1  6.000  -49.000  -26.000 0.0000000000
-1  18.000  -49.000  -27.000 0.0000000000
-1  17.000  -49.000  -27.000 0.0000000000
-1  16.000  -49.000  -27.000 0.0000000000
-1  15.000  -49.000  -27.000 0.0000000000
-1  14.000  -49.000  -27.000 0.0000000000
-1  13.000  -49.000  -27.000 0.0000000000
-1  12.000  -49.000  -27.000 0.0000000000
-1  11.000  -49.000  -27.000 0.0000000000
-1  10.000  -49.000  -27.000 0.0000000000
-1  9.000  -49.000  -27.000 0.0000000000
-1  8.000  -49.000  -27.000 0.0000000000
-1  7.000  -49.000  -27.000 0.0000000000
-1  6.000  -49.000  -27.000 0.0000000000
-1  5.000  -49.000  -27.000 0.0000000000
-1  20.000  -49.000  -28.000 0.0000000000
-1  19.000  -49.000  -28.000 0.0000000000
-1  18.000  -49.000  -28.000 0.0000000000
-1  17.000  -49.000  -28.000 0.0000000000
-1  16.000  -49.000  -28.000 0.0000000000
-1  15.000  -49.000  -28.000 0.0000000000
-1  14.000  -49.000  -28.000 0.0000000000
-1  13.000  -49.000  -28.000 0.0000000000
-1  12.000  -49.000  -28.000 0.0000000000
-1  11.000  -49.000  -28.000 0.0000000000
-1  10.000  -49.000  -28.000 0.0000000000
-1  9.000  -49.000  -28.000 0.0000000000
-1  8.000  -49.000  -28.000 0.0000000000
-1  7.000  -49.000  -28.000 0.0000000000
-1  6.000  -49.000  -28.000 0.0000000000
-1  22.000  -49.000  -29.000 0.0000000000
-1  21.000  -49.000  -29.000 0.0000000000
-1  20.000  -49.000  -29.000 0.0000000000
-1  19.000  -49.000  -29.000 0.0000000000
-1  18.000  -49.000  -29.000 0.0000000000
-1  17.000  -49.000  -29.000 0.0000000000
-1  16.000  -49.000  -29.000 0.0000000000
-1  15.000  -49.000  -29.000 0.0000000000
-1  14.000  -49.000  -29.000 0.0000000000
-1  13.000  -49.000  -29.000 0.0000000000
-1  12.000  -49.000  -29.000 0.0000000000
-1  11.000  -49.000  -29.000 0.0000000000
-1  10.000  -49.000  -29.000 0.0000000000
-1  9.000  -49.000  -29.000 0.0000000000
-1  8.000  -49.000  -29.000 0.0000000000
-1  7.000  -49.000  -29.000 0.0000000000
-1  24.000  -49.000  -30.000 0.0000000000
-1  23.000  -49.000  -30.000 0.0000000000
-1  22.000  -49.000  -30.000 0.0000000000
-1  21.000  -49.000  -30.000 0.0000000000
-1  20.000  -49.000  -30.000 0.0000000000
-1  19.000  -49.000  -30.000 0.0000000000
-1  18.000  -49.000  -30.000 0.0000000000
-1  17.000  -49.000  -30.000 0.0000000000
-1  16.000  -49.000  -30.000 0.0000000000
-1  15.000  -49.000  -30.000 0.0000000000
-1  14.000  -49.000  -30.000 0.0000000000
-1  13.000  -49.000  -30.000 0.0000000000
-1  12.000  -49.000  -30.000 0.0000000000
-1  11.000  -49.000  -30.000 0.0000000000
-1  10.000  -49.000  -30.000 0.0000000000
-1  9.000  -49.000  -30.000 0.0000000000
-1  8.000  -49.000  -30.000 0.0000000000
-1  27.000  -49.000  -31.000 0.0000000000
-1  26.000  -49.000  -31.000 0.0000000000
-1  25.000  -49.000  -31.000 0.0000000000
-1  24.000  -49.000  -31.000 0.0000000000
-1  23.000  -49.000  -31.000 0.0000000000
-1  22.000  -49.000  -31.000 0.0000000000
-1  21.000  -49.000  -31.000 0.0000000000
-1  20.000  -49.000  -31.000 0.0000000000
-1  19.000  -49.000  -31.000 0.0000000000
-1  18.000  -49.000  -31.000 0.0000000000
-1  17.000  -49.000  -31.000 0.0000000000
-1  16.000  -49.000  -31.000 0.0000000000
-1  15.000  -49.000  -31.000 0.0000000000
-1  14.000  -49.000  -31.000 0.0000000000
-1  13.000  -49.000  -31.000 0.0000000000
-1  12.000  -49.000  -31.000 0.0000000000
-1  11.000  -49.000  -31.000 0.0000000000
-1  10.000  -49.000  -31.000 0.0000000000
-1  9.000  -49.000  -31.000 0.0000000000
-1  8.000  -49.000  -31.000 0.0000000000
-1  28.000  -49.000  -32.000 0.0000000000
-1  27.000  -49.000  -32.000 0.0000000000
-1  26.000  -49.000  -32.000 0.0000000000
-1  25.000  -49.000  -32.000 0.0000000000
-1  24.000  -49.000  -32.000 0.0000000000
-1  23.000  -49.000  -32.000 0.0000000000
-1  22.000  -49.000  -32.000 0.0000000000
-1  21.000  -49.000  -32.000 0.0000000000
-1  20.000  -49.000  -32.000 0.0000000000
-1  19.000  -49.000  -32.000 0.0000000000
-1  18.000  -49.000  -32.000 0.0000000000
-1  17.000  -49.000  -32.000 0.0000000000
-1  16.000  -49.000  -32.000 0.0000000000
-1  15.000  -49.000  -32.000 0.0000000000
-1  14.000  -49.000  -32.000 0.0000000000
-1  13.000  -49.000  -32.000 0.0000000000
-1  12.000  -49.000  -32.000 0.0000000000
-1  11.000  -49.000  -32.000 0.0000000000
-1  10.000  -49.000  -32.000 0.0000000000
-1  29.000  -49.000  -33.000 0.0000000000
-1  28.000  -49.000  -33.000 0.0000000000
-1  27.000  -49.000  -33.000 0.0000000000
-1  26.000  -49.000  -33.000 0.0000000000
-1  25.000  -49.000  -33.000 0.0000000000
-1  24.000  -49.000  -33.000 0.0000000000
-1  23.000  -49.000  -33.000 0.0000000000
-1  22.000  -49.000  -33.000 0.0000000000
-1  21.000  -49.000  -33.000 0.0000000000
-1  20.000  -49.000  -33.000 0.0000000000
-1  19.000  -49.000  -33.000 0.0000000000
-1  18.000  -49.000  -33.000 0.0000000000
-1  17.000  -49.000  -33.000 0.0000000000
-1  16.000  -49.000  -33.000 0.0000000000
-1  15.000  -49.000  -33.000 0.0000000000
-1  14.000  -49.000  -33.000 0.0000000000
-1  13.000  -49.000  -33.000 0.0000000000
-1  12.000  -49.000  -33.000 0.0000000000
-1  11.000  -49.000  -33.000 0.0000000000
-1  10.000  -49.000  -33.000 0.0000000000
-1  29.000  -49.000  -34.000 0.0000000000
-1  28.000  -49.000  -34.000 0.0000000000
-1  27.000  -49.000  -34.000 0.0000000000
-1  26.000  -49.000  -34.000 0.0000000000
-1  25.000  -49.000  -34.000 0.0000000000
-1  24.000  -49.000  -34.000 0.0000000000
-1  23.000  -49.000  -34.000 0.0000000000
-1  22.000  -49.000  -34.000 0.0000000000
-1  21.000  -49.000  -34.000 0.0000000000
-1  20.000  -49.000  -34.000 0.0000000000
-1  19.000  -49.000  -34.000 0.0000000000
-1  18.000  -49.000  -34.000 0.0000000000
-1  17.000  -49.000  -34.000 0.0000000000
-1  16.000  -49.000  -34.000 0.0000000000
-1  15.000  -49.000  -34.000 0.0000000000
-1  14.000  -49.000  -34.000 0.0000000000
-1  13.000  -49.000  -34.000 0.0000000000
-1  12.000  -49.000  -34.000 0.0000000000
-1  11.000  -49.000  -34.000 0.0000000000
-1  10.000  -49.000  -34.000 0.0000000000
-1  30.000  -49.000  -35.000 0.0000000000
-1  29.000  -49.000  -35.000 0.0000000000
-1  28.000  -49.000  -35.000 0.0000000000
-1  27.000  -49.000  -35.000 0.0000000000
-1  26.000  -49.000  -35.000 0.0000000000
-1  25.000  -49.000  -35.000 0.0000000000
-1  24.000  -49.000  -35.000 0.0000000000
-1  23.000  -49.000  -35.000 0.0000000000
-1  22.000  -49.000  -35.000 0.0000000000
-1  21.000  -49.000  -35.000 0.0000000000
-1  20.000  -49.000  -35.000 0.0000000000
-1  19.000  -49.000  -35.000 0.0000000000
-1  18.000  -49.000  -35.000 0.0000000000
-1  17.000  -49.000  -35.000 0.0000000000
-1  16.000  -49.000  -35.000 0.0000000000
-1  15.000  -49.000  -35.000 0.0000000000
-1  14.000  -49.000  -35.000 0.0000000000
-1  13.000  -49.000  -35.000 0.0000000000
-1  12.000  -49.000  -35.000 0.0000000000
-1  11.000  -49.000  -35.000 0.0000000000
-1  10.000  -49.000  -35.000 0.0000000000
-1  30.000  -49.000  -36.000 0.0000000000
-1  29.000  -49.000  -36.000 0.0000000000
-1  28.000  -49.000  -36.000 0.0000000000
-1  27.000  -49.000  -36.000 0.0000000000
-1  26.000  -49.000  -36.000 0.0000000000
-1  25.000  -49.000  -36.000 0.0000000000
-1  24.000  -49.000  -36.000 0.0000000000
-1  23.000  -49.000  -36.000 0.0000000000
-1  22.000  -49.000  -36.000 0.0000000000
-1  21.000  -49.000  -36.000 0.0000000000
-1  20.000  -49.000  -36.000 0.0000000000
-1  19.000  -49.000  -36.000 0.0000000000
-1  18.000  -49.000  -36.000 0.0000000000
-1  17.000  -49.000  -36.000 0.0000000000
-1  16.000  -49.000  -36.000 0.0000000000
-1  15.000  -49.000  -36.000 0.0000000000
-1  14.000  -49.000  -36.000 0.0000000000
-1  13.000  -49.000  -36.000 0.0000000000
-1  12.000  -49.000  -36.000 0.0000000000
-1  11.000  -49.000  -36.000 0.0000000000
-1  31.000  -49.000  -37.000 0.0000000000
-1  30.000  -49.000  -37.000 0.0000000000
-1  29.000  -49.000  -37.000 0.0000000000
-1  28.000  -49.000  -37.000 0.0000000000
-1  27.000  -49.000  -37.000 0.0000000000
-1  26.000  -49.000  -37.000 0.0000000000
-1  25.000  -49.000  -37.000 0.0000000000
-1  24.000  -49.000  -37.000 0.0000000000
-1  23.000  -49.000  -37.000 0.0000000000
-1  22.000  -49.000  -37.000 0.0000000000
-1  21.000  -49.000  -37.000 0.0000000000
-1  20.000  -49.000  -37.000 0.0000000000
-1  19.000  -49.000  -37.000 0.0000000000
-1  18.000  -49.000  -37.000 0.0000000000
-1  17.000  -49.000  -37.000 0.0000000000
-1  16.000  -49.000  -37.000 0.0000000000
-1  15.000  -49.000  -37.000 0.0000000000
-1  14.000  -49.000  -37.000 0.0000000000
-1  13.000  -49.000  -37.000 0.0000000000
-1  12.000  -49.000  -37.000 0.0000000000
-1  11.000  -49.000  -37.000 0.0000000000
-1  33.000  -49.000  -38.000 0.0000000000
-1  32.000  -49.000  -38.000 0.0000000000
-1  31.000  -49.000  -38.000 0.0000000000
-1  30.000  -49.000  -38.000 0.0000000000
-1  29.000  -49.000  -38.000 0.0000000000
-1  28.000  -49.000  -38.000 0.0000000000
-1  27.000  -49.000  -38.000 0.0000000000
-1  26.000  -49.000  -38.000 0.0000000000
-1  25.000  -49.000  -38.000 0.0000000000
-1  24.000  -49.000  -38.000 0.0000000000
-1  23.000  -49.000  -38.000 0.0000000000
-1  22.000  -49.000  -38.000 0.0000000000
-1  21.000  -49.000  -38.000 0.0000000000
-1  20.000  -49.000  -38.000 0.0000000000
-1  19.000  -49.000  -38.000 0.0000000000
-1  18.000  -49.000  -38.000 0.0000000000
-1  17.000  -49.000  -38.000 0.0000000000
-1  16.000  -49.000  -38.000 0.0000000000
-1  15.000  -49.000  -38.000 0.0000000000
-1  14.000  -49.000  -38.000 0.0000000000
-1  13.000  -49.000  -38.000 0.0000000000
-1  12.000  -49.000  -38.000 0.0000000000
-1  11.000  -49.000  -38.000 0.0000000000
-1  34.000  -49.000  -39.000 0.0000000000
-1  33.000  -49.000  -39.000 0.0000000000
-1  32.000  -49.000  -39.000 0.0000000000
-1  31.000  -49.000  -39.000 0.0000000000
-1  30.000  -49.000  -39.000 0.0000000000
-1  29.000  -49.000  -39.000 0.0000000000
-1  28.000  -49.000  -39.000 0.0000000000
-1  27.000  -49.000  -39.000 0.0000000000
-1  26.000  -49.000  -39.000 0.0000000000
-1  25.000  -49.000  -39.000 0.0000000000
-1  24.000  -49.000  -39.000 0.0000000000
-1  23.000  -49.000  -39.000 0.0000000000
-1  22.000  -49.000  -39.000 0.0000000000
-1  21.000  -49.000  -39.000 0.0000000000
-1  20.000  -49.000  -39.000 0.0000000000
-1  19.000  -49.000  -39.000 0.0000000000
-1  18.000  -49.000  -39.000 0.0000000000
-1  17.000  -49.000  -39.000 0.0000000000
-1  16.000  -49.000  -39.000 0.0000000000
-1  15.000  -49.000  -39.000 0.0000000000
-1  14.000  -49.000  -39.000 0.0000000000
-1  13.000  -49.000  -39.000 0.0000000000
-1  12.000  -49.000  -39.000 0.0000000000
-1  35.000  -49.000  -40.000 0.0000000000
-1  34.000  -49.000  -40.000 0.0000000000
-1  33.000  -49.000  -40.000 0.0000000000
-1  32.000  -49.000  -40.000 0.0000000000
-1  31.000  -49.000  -40.000 0.0000000000
-1  30.000  -49.000  -40.000 0.0000000000
-1  29.000  -49.000  -40.000 0.0000000000
-1  28.000  -49.000  -40.000 0.0000000000
-1  27.000  -49.000  -40.000 0.0000000000
-1  26.000  -49.000  -40.000 0.0000000000
-1  25.000  -49.000  -40.000 0.0000000000
-1  24.000  -49.000  -40.000 0.0000000000
-1  23.000  -49.000  -40.000 0.0000000000
-1  22.000  -49.000  -40.000 0.0000000000
-1  21.000  -49.000  -40.000 0.0000000000
-1  20.000  -49.000  -40.000 0.0000000000
-1  19.000  -49.000  -40.000 0.0000000000
-1  18.000  -49.000  -40.000 0.0000000000
-1  17.000  -49.000  -40.000 0.0000000000
-1  16.000  -49.000  -40.000 0.0000000000
-1  15.000  -49.000  -40.000 0.0000000000
-1  14.000  -49.000  -40.000 0.0000000000
-1  36.000  -49.000  -41.000 0.0000000000
-1  35.000  -49.000  -41.000 0.0000000000
-1  34.000  -49.000  -41.000 0.0000000000
-1  33.000  -49.000  -41.000 0.0000000000
-1  32.000  -49.000  -41.000 0.0000000000
-1  31.000  -49.000  -41.000 0.0000000000
-1  30.000  -49.000  -41.000 0.0000000000
-1  29.000  -49.000  -41.000 0.0000000000
-1  28.000  -49.000  -41.000 0.0000000000
-1  27.000  -49.000  -41.000 0.0000000000
-1  26.000  -49.000  -41.000 0.0000000000
-1  25.000  -49.000  -41.000 0.0000000000
-1  24.000  -49.000  -41.000 0.0000000000
-1  23.000  -49.000  -41.000 0.0000000000
-1  22.000  -49.000  -41.000 0.0000000000
-1  21.000  -49.000  -41.000 0.0000000000
-1  20.000  -49.000  -41.000 0.0000000000
-1  19.000  -49.000  -41.000 0.0000000000
-1  18.000  -49.000  -41.000 0.0000000000
-1  17.000  -49.000  -41.000 0.0000000000
-1  16.000  -49.000  -41.000 0.0000000000
-1  15.000  -49.000  -41.000 0.0000000000
-1  14.000  -49.000  -41.000 0.0000000000
-1  36.000  -49.000  -42.000 0.0000000000
-1  35.000  -49.000  -42.000 0.0000000000
-1  34.000  -49.000  -42.000 0.0000000000
-1  33.000  -49.000  -42.000 0.0000000000
-1  32.000  -49.000  -42.000 0.0000000000
-1  31.000  -49.000  -42.000 0.0000000000
-1  30.000  -49.000  -42.000 0.0000000000
-1  29.000  -49.000  -42.000 0.0000000000
-1  28.000  -49.000  -42.000 0.0000000000
-1  27.000  -49.000  -42.000 0.0000000000
-1  26.000  -49.000  -42.000 0.0000000000
-1  25.000  -49.000  -42.000 0.0000000000
-1  24.000  -49.000  -42.000 0.0000000000
-1  23.000  -49.000  -42.000 0.0000000000
-1  22.000  -49.000  -42.000 0.0000000000
-1  21.000  -49.000  -42.000 0.0000000000
-1  20.000  -49.000  -42.000 0.0000000000
-1  19.000  -49.000  -42.000 0.0000000000
-1  18.000  -49.000  -42.000 0.0000000000
-1  17.000  -49.000  -42.000 0.0000000000
-1  16.000  -49.000  -42.000 0.0000000000
-1  15.000  -49.000  -42.000 0.0000000000
-1  36.000  -49.000  -43.000 0.0000000000
-1  35.000  -49.000  -43.000 0.0000000000
-1  34.000  -49.000  -43.000 0.0000000000
-1  33.000  -49.000  -43.000 0.0000000000
-1  32.000  -49.000  -43.000 0.0000000000
-1  31.000  -49.000  -43.000 0.0000000000
-1  30.000  -49.000  -43.000 0.0000000000
-1  29.000  -49.000  -43.000 0.0000000000
-1  28.000  -49.000  -43.000 0.0000000000
-1  27.000  -49.000  -43.000 0.0000000000
-1  26.000  -49.000  -43.000 0.0000000000
-1  25.000  -49.000  -43.000 0.0000000000
-1  24.000  -49.000  -43.000 0.0000000000
-1  23.000  -49.000  -43.000 0.0000000000
-1  22.000  -49.000  -43.000 0.0000000000
-1  21.000  -49.000  -43.000 0.0000000000
-1  20.000  -49.000  -43.000 0.0000000000
-1  19.000  -49.000  -43.000 0.0000000000
-1  18.000  -49.000  -43.000 0.0000000000
-1  17.000  -49.000  -43.000 0.0000000000
-1  16.000  -49.000  -43.000 0.0000000000
-1  34.000  -49.000  -44.000 0.0000000000
-1  33.000  -49.000  -44.000 0.0000000000
-1  32.000  -49.000  -44.000 0.0000000000
-1  31.000  -49.000  -44.000 0.0000000000
-1  30.000  -49.000  -44.000 0.0000000000
-1  29.000  -49.000  -44.000 0.0000000000
-1  28.000  -49.000  -44.000 0.0000000000
-1  27.000  -49.000  -44.000 0.0000000000
-1  26.000  -49.000  -44.000 0.0000000000
-1  25.000  -49.000  -44.000 0.0000000000
-1  24.000  -49.000  -44.000 0.0000000000
-1  23.000  -49.000  -44.000 0.0000000000
-1  22.000  -49.000  -44.000 0.0000000000
-1  21.000  -49.000  -44.000 0.0000000000
-1  20.000  -49.000  -44.000 0.0000000000
-1  19.000  -49.000  -44.000 0.0000000000
-1  18.000  -49.000  -44.000 0.0000000000
-1  17.000  -49.000  -44.000 0.0000000000
-1  16.000  -49.000  -44.000 0.0000000000
-1  33.000  -49.000  -45.000 0.0000000000
-1  32.000  -49.000  -45.000 0.0000000000
-1  31.000  -49.000  -45.000 0.0000000000
-1  30.000  -49.000  -45.000 0.0000000000
-1  29.000  -49.000  -45.000 0.0000000000
-1  28.000  -49.000  -45.000 0.0000000000
-1  27.000  -49.000  -45.000 0.0000000000
-1  26.000  -49.000  -45.000 0.0000000000
-1  25.000  -49.000  -45.000 0.0000000000
-1  24.000  -49.000  -45.000 0.0000000000
-1  23.000  -49.000  -45.000 0.0000000000
-1  22.000  -49.000  -45.000 0.0000000000
-1  21.000  -49.000  -45.000 0.0000000000
-1  20.000  -49.000  -45.000 0.0000000000
-1  19.000  -49.000  -45.000 0.0000000000
-1  18.000  -49.000  -45.000 0.0000000000
-1  17.000  -49.000  -45.000 0.0000000000
-1  16.000  -49.000  -45.000 0.0000000000
-1  30.000  -49.000  -46.000 0.0000000000
-1  29.000  -49.000  -46.000 0.0000000000
-1  28.000  -49.000  -46.000 0.0000000000
-1  27.000  -49.000  -46.000 0.0000000000
-1  26.000  -49.000  -46.000 0.0000000000
-1  25.000  -49.000  -46.000 0.0000000000
-1  24.000  -49.000  -46.000 0.0000000000
-1  23.000  -49.000  -46.000 0.0000000000
-1  22.000  -49.000  -46.000 0.0000000000
-1  21.000  -49.000  -46.000 0.0000000000
-1  20.000  -49.000  -46.000 0.0000000000
-1  19.000  -49.000  -46.000 0.0000000000
-1  24.000  -49.000  -47.000 0.0000000000
-1  23.000  -49.000  -47.000 0.0000000000
-1  22.000  -49.000  -47.000 0.0000000000
-1  21.000  -49.000  -47.000 0.0000000000
-1  20.000  -49.000  -47.000 0.0000000000
-1  14.000  -48.000  -23.000 0.0000000000
-1  13.000  -48.000  -23.000 0.0000000000
-1  12.000  -48.000  -23.000 0.0000000000
-1  14.000  -48.000  -24.000 0.0000000000
-1  13.000  -48.000  -24.000 0.0000000000
-1  12.000  -48.000  -24.000 0.0000000000
-1  11.000  -48.000  -24.000 0.0000000000
-1  15.000  -48.000  -25.000 0.0000000000
-1  14.000  -48.000  -25.000 0.0000000000
-1  13.000  -48.000  -25.000 0.0000000000
-1  12.000  -48.000  -25.000 0.0000000000
-1  11.000  -48.000  -25.000 0.0000000000
-1  6.000  -48.000  -25.000 0.0000000000
-1  17.000  -48.000  -26.000 0.0000000000
-1  16.000  -48.000  -26.000 0.0000000000
-1  15.000  -48.000  -26.000 0.0000000000
-1  14.000  -48.000  -26.000 0.0000000000
-1  13.000  -48.000  -26.000 0.0000000000
-1  12.000  -48.000  -26.000 0.0000000000
-1  11.000  -48.000  -26.000 0.0000000000
-1  10.000  -48.000  -26.000 0.0000000000
-1  8.000  -48.000  -26.000 0.0000000000
-1  7.000  -48.000  -26.000 0.0000000000
-1  6.000  -48.000  -26.000 0.0000000000
-1  18.000  -48.000  -27.000 0.0000000000
-1  17.000  -48.000  -27.000 0.0000000000
-1  16.000  -48.000  -27.000 0.0000000000
-1  15.000  -48.000  -27.000 0.0000000000
-1  14.000  -48.000  -27.000 0.0000000000
-1  13.000  -48.000  -27.000 0.0000000000
-1  12.000  -48.000  -27.000 0.0000000000
-1  11.000  -48.000  -27.000 0.0000000000
-1  10.000  -48.000  -27.000 0.0000000000
-1  9.000  -48.000  -27.000 0.0000000000
-1  8.000  -48.000  -27.000 0.0000000000
-1  7.000  -48.000  -27.000 0.0000000000
-1  6.000  -48.000  -27.000 0.0000000000
-1  20.000  -48.000  -28.000 0.0000000000
-1  19.000  -48.000  -28.000 0.0000000000
-1  18.000  -48.000  -28.000 0.0000000000
-1  17.000  -48.000  -28.000 0.0000000000
-1  16.000  -48.000  -28.000 0.0000000000
-1  15.000  -48.000  -28.000 0.0000000000
-1  14.000  -48.000  -28.000 0.0000000000
-1  13.000  -48.000  -28.000 0.0000000000
-1  12.000  -48.000  -28.000 0.0000000000
-1  11.000  -48.000  -28.000 0.0000000000
-1  10.000  -48.000  -28.000 0.0000000000
-1  9.000  -48.000  -28.000 0.0000000000
-1  8.000  -48.000  -28.000 0.0000000000
-1  7.000  -48.000  -28.000 0.0000000000
-1  6.000  -48.000  -28.000 0.0000000000
-1  22.000  -48.000  -29.000 0.0000000000
-1  21.000  -48.000  -29.000 0.0000000000
-1  20.000  -48.000  -29.000 0.0000000000
-1  19.000  -48.000  -29.000 0.0000000000
-1  18.000  -48.000  -29.000 0.0000000000
-1  17.000  -48.000  -29.000 0.0000000000
-1  16.000  -48.000  -29.000 0.0000000000
-1  15.000  -48.000  -29.000 0.0000000000
-1  14.000  -48.000  -29.000 0.0000000000
-1  13.000  -48.000  -29.000 0.0000000000
-1  12.000  -48.000  -29.000 0.0000000000
-1  11.000  -48.000  -29.000 0.0000000000
-1  10.000  -48.000  -29.000 0.0000000000
-1  9.000  -48.000  -29.000 0.0000000000
-1  8.000  -48.000  -29.000 0.0000000000
-1  7.000  -48.000  -29.000 0.0000000000
-1  24.000  -48.000  -30.000 0.0000000000
-1  23.000  -48.000  -30.000 0.0000000000
-1  22.000  -48.000  -30.000 0.0000000000
-1  21.000  -48.000  -30.000 0.0000000000
-1  20.000  -48.000  -30.000 0.0000000000
-1  19.000  -48.000  -30.000 0.0000000000
-1  18.000  -48.000  -30.000 0.0000000000
-1  17.000  -48.000  -30.000 0.0000000000
-1  16.000  -48.000  -30.000 0.0000000000
-1  15.000  -48.000  -30.000 0.0000000000
-1  14.000  -48.000  -30.000 0.0000000000
-1  13.000  -48.000  -30.000 0.0000000000
-1  12.000  -48.000  -30.000 0.0000000000
-1  11.000  -48.000  -30.000 0.0000000000
-1  10.000  -48.000  -30.000 0.0000000000
-1  9.000  -48.000  -30.000 0.0000000000
-1  8.000  -48.000  -30.000 0.0000000000
-1  26.000  -48.000  -31.000 0.0000000000
-1  25.000  -48.000  -31.000 0.0000000000
-1  24.000  -48.000  -31.000 0.0000000000
-1  23.000  -48.000  -31.000 0.0000000000
-1  22.000  -48.000  -31.000 0.0000000000
-1  21.000  -48.000  -31.000 0.0000000000
-1  20.000  -48.000  -31.000 0.0000000000
-1  19.000  -48.000  -31.000 0.0000000000
-1  18.000  -48.000  -31.000 0.0000000000
-1  17.000  -48.000  -31.000 0.0000000000
-1  16.000  -48.000  -31.000 0.0000000000
-1  15.000  -48.000  -31.000 0.0000000000
-1  14.000  -48.000  -31.000 0.0000000000
-1  13.000  -48.000  -31.000 0.0000000000
-1  12.000  -48.000  -31.000 0.0000000000
-1  11.000  -48.000  -31.000 0.0000000000
-1  10.000  -48.000  -31.000 0.0000000000
-1  9.000  -48.000  -31.000 0.0000000000
-1  28.000  -48.000  -32.000 0.0000000000
-1  27.000  -48.000  -32.000 0.0000000000
-1  26.000  -48.000  -32.000 0.0000000000
-1  25.000  -48.000  -32.000 0.0000000000
-1  24.000  -48.000  -32.000 0.0000000000
-1  23.000  -48.000  -32.000 0.0000000000
-1  22.000  -48.000  -32.000 0.0000000000
-1  21.000  -48.000  -32.000 0.0000000000
-1  20.000  -48.000  -32.000 0.0000000000
-1  19.000  -48.000  -32.000 0.0000000000
-1  18.000  -48.000  -32.000 0.0000000000
-1  17.000  -48.000  -32.000 0.0000000000
-1  16.000  -48.000  -32.000 0.0000000000
-1  15.000  -48.000  -32.000 0.0000000000
-1  14.000  -48.000  -32.000 0.0000000000
-1  13.000  -48.000  -32.000 0.0000000000
-1  12.000  -48.000  -32.000 0.0000000000
-1  11.000  -48.000  -32.000 0.0000000000
-1  10.000  -48.000  -32.000 0.0000000000
-1  9.000  -48.000  -32.000 0.0000000000
-1  28.000  -48.000  -33.000 0.0000000000
-1  27.000  -48.000  -33.000 0.0000000000
-1  26.000  -48.000  -33.000 0.0000000000
-1  25.000  -48.000  -33.000 0.0000000000
-1  24.000  -48.000  -33.000 0.0000000000
-1  23.000  -48.000  -33.000 0.0000000000
-1  22.000  -48.000  -33.000 0.0000000000
-1  21.000  -48.000  -33.000 0.0000000000
-1  20.000  -48.000  -33.000 0.0000000000
-1  19.000  -48.000  -33.000 0.0000000000
-1  18.000  -48.000  -33.000 0.0000000000
-1  17.000  -48.000  -33.000 0.0000000000
-1  16.000  -48.000  -33.000 0.0000000000
-1  15.000  -48.000  -33.000 0.0000000000
-1  14.000  -48.000  -33.000 0.0000000000
-1  13.000  -48.000  -33.000 0.0000000000
-1  12.000  -48.000  -33.000 0.0000000000
-1  11.000  -48.000  -33.000 0.0000000000
-1  10.000  -48.000  -33.000 0.0000000000
-1  30.000  -48.000  -34.000 0.0000000000
-1  29.000  -48.000  -34.000 0.0000000000
-1  28.000  -48.000  -34.000 0.0000000000
-1  27.000  -48.000  -34.000 0.0000000000
-1  26.000  -48.000  -34.000 0.0000000000
-1  25.000  -48.000  -34.000 0.0000000000
-1  24.000  -48.000  -34.000 0.0000000000
-1  23.000  -48.000  -34.000 0.0000000000
-1  22.000  -48.000  -34.000 0.0000000000
-1  21.000  -48.000  -34.000 0.0000000000
-1  20.000  -48.000  -34.000 0.0000000000
-1  19.000  -48.000  -34.000 0.0000000000
-1  18.000  -48.000  -34.000 0.0000000000
-1  17.000  -48.000  -34.000 0.0000000000
-1  16.000  -48.000  -34.000 0.0000000000
-1  15.000  -48.000  -34.000 0.0000000000
-1  14.000  -48.000  -34.000 0.0000000000
-1  13.000  -48.000  -34.000 0.0000000000
-1  12.000  -48.000  -34.000 0.0000000000
-1  11.000  -48.000  -34.000 0.0000000000
-1  10.000  -48.000  -34.000 0.0000000000
-1  30.000  -48.000  -35.000 0.0000000000
-1  29.000  -48.000  -35.000 0.0000000000
-1  28.000  -48.000  -35.000 0.0000000000
-1  27.000  -48.000  -35.000 0.0000000000
-1  26.000  -48.000  -35.000 0.0000000000
-1  25.000  -48.000  -35.000 0.0000000000
-1  24.000  -48.000  -35.000 0.0000000000
-1  23.000  -48.000  -35.000 0.0000000000
-1  22.000  -48.000  -35.000 0.0000000000
-1  21.000  -48.000  -35.000 0.0000000000
-1  20.000  -48.000  -35.000 0.0000000000
-1  19.000  -48.000  -35.000 0.0000000000
-1  18.000  -48.000  -35.000 0.0000000000
-1  17.000  -48.000  -35.000 0.0000000000
-1  16.000  -48.000  -35.000 0.0000000000
-1  15.000  -48.000  -35.000 0.0000000000
-1  14.000  -48.000  -35.000 0.0000000000
-1  13.000  -48.000  -35.000 0.0000000000
-1  12.000  -48.000  -35.000 0.0000000000
-1  11.000  -48.000  -35.000 0.0000000000
-1  30.000  -48.000  -36.000 0.0000000000
-1  29.000  -48.000  -36.000 0.0000000000
-1  28.000  -48.000  -36.000 0.0000000000
-1  27.000  -48.000  -36.000 0.0000000000
-1  26.000  -48.000  -36.000 0.0000000000
-1  25.000  -48.000  -36.000 0.0000000000
-1  24.000  -48.000  -36.000 0.0000000000
-1  23.000  -48.000  -36.000 0.0000000000
-1  22.000  -48.000  -36.000 0.0000000000
-1  21.000  -48.000  -36.000 0.0000000000
-1  20.000  -48.000  -36.000 0.0000000000
-1  19.000  -48.000  -36.000 0.0000000000
-1  18.000  -48.000  -36.000 0.0000000000
-1  17.000  -48.000  -36.000 0.0000000000
-1  16.000  -48.000  -36.000 0.0000000000
-1  15.000  -48.000  -36.000 0.0000000000
-1  14.000  -48.000  -36.000 0.0000000000
-1  13.000  -48.000  -36.000 0.0000000000
-1  12.000  -48.000  -36.000 0.0000000000
-1  11.000  -48.000  -36.000 0.0000000000
-1  31.000  -48.000  -37.000 0.0000000000
-1  30.000  -48.000  -37.000 0.0000000000
-1  29.000  -48.000  -37.000 0.0000000000
-1  28.000  -48.000  -37.000 0.0000000000
-1  27.000  -48.000  -37.000 0.0000000000
-1  26.000  -48.000  -37.000 0.0000000000
-1  25.000  -48.000  -37.000 0.0000000000
-1  24.000  -48.000  -37.000 0.0000000000
-1  23.000  -48.000  -37.000 0.0000000000
-1  22.000  -48.000  -37.000 0.0000000000
-1  21.000  -48.000  -37.000 0.0000000000
-1  20.000  -48.000  -37.000 0.0000000000
-1  19.000  -48.000  -37.000 0.0000000000
-1  18.000  -48.000  -37.000 0.0000000000
-1  17.000  -48.000  -37.000 0.0000000000
-1  16.000  -48.000  -37.000 0.0000000000
-1  15.000  -48.000  -37.000 0.0000000000
-1  14.000  -48.000  -37.000 0.0000000000
-1  13.000  -48.000  -37.000 0.0000000000
-1  12.000  -48.000  -37.000 0.0000000000
-1  32.000  -48.000  -38.000 0.0000000000
-1  31.000  -48.000  -38.000 0.0000000000
-1  30.000  -48.000  -38.000 0.0000000000
-1  29.000  -48.000  -38.000 0.0000000000
-1  28.000  -48.000  -38.000 0.0000000000
-1  27.000  -48.000  -38.000 0.0000000000
-1  26.000  -48.000  -38.000 0.0000000000
-1  25.000  -48.000  -38.000 0.0000000000
-1  24.000  -48.000  -38.000 0.0000000000
-1  23.000  -48.000  -38.000 0.0000000000
-1  22.000  -48.000  -38.000 0.0000000000
-1  21.000  -48.000  -38.000 0.0000000000
-1  20.000  -48.000  -38.000 0.0000000000
-1  19.000  -48.000  -38.000 0.0000000000
-1  18.000  -48.000  -38.000 0.0000000000
-1  17.000  -48.000  -38.000 0.0000000000
-1  16.000  -48.000  -38.000 0.0000000000
-1  15.000  -48.000  -38.000 0.0000000000
-1  14.000  -48.000  -38.000 0.0000000000
-1  13.000  -48.000  -38.000 0.0000000000
-1  12.000  -48.000  -38.000 0.0000000000
-1  33.000  -48.000  -39.000 0.0000000000
-1  32.000  -48.000  -39.000 0.0000000000
-1  31.000  -48.000  -39.000 0.0000000000
-1  30.000  -48.000  -39.000 0.0000000000
-1  29.000  -48.000  -39.000 0.0000000000
-1  28.000  -48.000  -39.000 0.0000000000
-1  27.000  -48.000  -39.000 0.0000000000
-1  26.000  -48.000  -39.000 0.0000000000
-1  25.000  -48.000  -39.000 0.0000000000
-1  24.000  -48.000  -39.000 0.0000000000
-1  23.000  -48.000  -39.000 0.0000000000
-1  22.000  -48.000  -39.000 0.0000000000
-1  21.000  -48.000  -39.000 0.0000000000
-1  20.000  -48.000  -39.000 0.0000000000
-1  19.000  -48.000  -39.000 0.0000000000
-1  18.000  -48.000  -39.000 0.0000000000
-1  17.000  -48.000  -39.000 0.0000000000
-1  16.000  -48.000  -39.000 0.0000000000
-1  15.000  -48.000  -39.000 0.0000000000
-1  14.000  -48.000  -39.000 0.0000000000
-1  13.000  -48.000  -39.000 0.0000000000
-1  12.000  -48.000  -39.000 0.0000000000
-1  34.000  -48.000  -40.000 0.0000000000
-1  33.000  -48.000  -40.000 0.0000000000
-1  32.000  -48.000  -40.000 0.0000000000
-1  31.000  -48.000  -40.000 0.0000000000
-1  30.000  -48.000  -40.000 0.0000000000
-1  29.000  -48.000  -40.000 0.0000000000
-1  28.000  -48.000  -40.000 0.0000000000
-1  27.000  -48.000  -40.000 0.0000000000
-1  26.000  -48.000  -40.000 0.0000000000
-1  25.000  -48.000  -40.000 0.0000000000
-1  24.000  -48.000  -40.000 0.0000000000
-1  23.000  -48.000  -40.000 0.0000000000
-1  22.000  -48.000  -40.000 0.0000000000
-1  21.000  -48.000  -40.000 0.0000000000
-1  20.000  -48.000  -40.000 0.0000000000
-1  19.000  -48.000  -40.000 0.0000000000
-1  18.000  -48.000  -40.000 0.0000000000
-1  17.000  -48.000  -40.000 0.0000000000
-1  16.000  -48.000  -40.000 0.0000000000
-1  15.000  -48.000  -40.000 0.0000000000
-1  14.000  -48.000  -40.000 0.0000000000
-1  13.000  -48.000  -40.000 0.0000000000
-1  34.000  -48.000  -41.000 0.0000000000
-1  33.000  -48.000  -41.000 0.0000000000
-1  32.000  -48.000  -41.000 0.0000000000
-1  31.000  -48.000  -41.000 0.0000000000
-1  30.000  -48.000  -41.000 0.0000000000
-1  29.000  -48.000  -41.000 0.0000000000
-1  28.000  -48.000  -41.000 0.0000000000
-1  27.000  -48.000  -41.000 0.0000000000
-1  26.000  -48.000  -41.000 0.0000000000
-1  25.000  -48.000  -41.000 0.0000000000
-1  24.000  -48.000  -41.000 0.0000000000
-1  23.000  -48.000  -41.000 0.0000000000
-1  22.000  -48.000  -41.000 0.0000000000
-1  21.000  -48.000  -41.000 0.0000000000
-1  20.000  -48.000  -41.000 0.0000000000
-1  19.000  -48.000  -41.000 0.0000000000
-1  18.000  -48.000  -41.000 0.0000000000
-1  17.000  -48.000  -41.000 0.0000000000
-1  16.000  -48.000  -41.000 0.0000000000
-1  15.000  -48.000  -41.000 0.0000000000
-1  14.000  -48.000  -41.000 0.0000000000
-1  35.000  -48.000  -42.000 0.0000000000
-1  34.000  -48.000  -42.000 0.0000000000
-1  33.000  -48.000  -42.000 0.0000000000
-1  32.000  -48.000  -42.000 0.0000000000
-1  31.000  -48.000  -42.000 0.0000000000
-1  30.000  -48.000  -42.000 0.0000000000
-1  29.000  -48.000  -42.000 0.0000000000
-1  28.000  -48.000  -42.000 0.0000000000
-1  27.000  -48.000  -42.000 0.0000000000
-1  26.000  -48.000  -42.000 0.0000000000
-1  25.000  -48.000  -42.000 0.0000000000
-1  24.000  -48.000  -42.000 0.0000000000
-1  23.000  -48.000  -42.000 0.0000000000
-1  22.000  -48.000  -42.000 0.0000000000
-1  21.000  -48.000  -42.000 0.0000000000
-1  20.000  -48.000  -42.000 0.0000000000
-1  19.000  -48.000  -42.000 0.0000000000
-1  18.000  -48.000  -42.000 0.0000000000
-1  17.000  -48.000  -42.000 0.0000000000
-1  16.000  -48.000  -42.000 0.0000000000
-1  15.000  -48.000  -42.000 0.0000000000
-1  14.000  -48.000  -42.000 0.0000000000
-1  34.000  -48.000  -43.000 0.0000000000
-1  33.000  -48.000  -43.000 0.0000000000
-1  32.000  -48.000  -43.000 0.0000000000
-1  31.000  -48.000  -43.000 0.0000000000
-1  30.000  -48.000  -43.000 0.0000000000
-1  29.000  -48.000  -43.000 0.0000000000
-1  28.000  -48.000  -43.000 0.0000000000
-1  27.000  -48.000  -43.000 0.0000000000
-1  26.000  -48.000  -43.000 0.0000000000
-1  25.000  -48.000  -43.000 0.0000000000
-1  24.000  -48.000  -43.000 0.0000000000
-1  23.000  -48.000  -43.000 0.0000000000
-1  22.000  -48.000  -43.000 0.0000000000
-1  21.000  -48.000  -43.000 0.0000000000
-1  20.000  -48.000  -43.000 0.0000000000
-1  19.000  -48.000  -43.000 0.0000000000
-1  18.000  -48.000  -43.000 0.0000000000
-1  17.000  -48.000  -43.000 0.0000000000
-1  16.000  -48.000  -43.000 0.0000000000
-1  33.000  -48.000  -44.000 0.0000000000
-1  32.000  -48.000  -44.000 0.0000000000
-1  31.000  -48.000  -44.000 0.0000000000
-1  30.000  -48.000  -44.000 0.0000000000
-1  29.000  -48.000  -44.000 0.0000000000
-1  28.000  -48.000  -44.000 0.0000000000
-1  27.000  -48.000  -44.000 0.0000000000
-1  26.000  -48.000  -44.000 0.0000000000
-1  25.000  -48.000  -44.000 0.0000000000
-1  24.000  -48.000  -44.000 0.0000000000
-1  23.000  -48.000  -44.000 0.0000000000
-1  22.000  -48.000  -44.000 0.0000000000
-1  21.000  -48.000  -44.000 0.0000000000
-1  20.000  -48.000  -44.000 0.0000000000
-1  19.000  -48.000  -44.000 0.0000000000
-1  18.000  -48.000  -44.000 0.0000000000
-1  17.000  -48.000  -44.000 0.0000000000
-1  32.000  -48.000  -45.000 0.0000000000
-1  31.000  -48.000  -45.000 0.0000000000
-1  30.000  -48.000  -45.000 0.0000000000
-1  29.000  -48.000  -45.000 0.0000000000
-1  28.000  -48.000  -45.000 0.0000000000
-1  27.000  -48.000  -45.000 0.0000000000
-1  26.000  -48.000  -45.000 0.0000000000
-1  25.000  -48.000  -45.000 0.0000000000
-1  24.000  -48.000  -45.000 0.0000000000
-1  23.000  -48.000  -45.000 0.0000000000
-1  22.000  -48.000  -45.000 0.0000000000
-1  21.000  -48.000  -45.000 0.0000000000
-1  20.000  -48.000  -45.000 0.0000000000
-1  19.000  -48.000  -45.000 0.0000000000
-1  18.000  -48.000  -45.000 0.0000000000
-1  30.000  -48.000  -46.000 0.0000000000
-1  29.000  -48.000  -46.000 0.0000000000
-1  28.000  -48.000  -46.000 0.0000000000
-1  27.000  -48.000  -46.000 0.0000000000
-1  26.000  -48.000  -46.000 0.0000000000
-1  25.000  -48.000  -46.000 0.0000000000
-1  24.000  -48.000  -46.000 0.0000000000
-1  23.000  -48.000  -46.000 0.0000000000
-1  22.000  -48.000  -46.000 0.0000000000
-1  21.000  -48.000  -46.000 0.0000000000
-1  20.000  -48.000  -46.000 0.0000000000
-1  24.000  -48.000  -47.000 0.0000000000
-1  13.000  -47.000  -22.000 0.0000000000
-1  14.000  -47.000  -23.000 0.0000000000
-1  13.000  -47.000  -23.000 0.0000000000
-1  15.000  -47.000  -24.000 0.0000000000
-1  14.000  -47.000  -24.000 0.0000000000
-1  13.000  -47.000  -24.000 0.0000000000
-1  12.000  -47.000  -24.000 0.0000000000
-1  11.000  -47.000  -24.000 0.0000000000
-1  16.000  -47.000  -25.000 0.0000000000
-1  15.000  -47.000  -25.000 0.0000000000
-1  14.000  -47.000  -25.000 0.0000000000
-1  13.000  -47.000  -25.000 0.0000000000
-1  12.000  -47.000  -25.000 0.0000000000
-1  11.000  -47.000  -25.000 0.0000000000
-1  6.000  -47.000  -25.000 0.0000000000
-1  17.000  -47.000  -26.000 0.0000000000
-1  16.000  -47.000  -26.000 0.0000000000
-1  15.000  -47.000  -26.000 0.0000000000
-1  14.000  -47.000  -26.000 0.0000000000
-1  13.000  -47.000  -26.000 0.0000000000
-1  12.000  -47.000  -26.000 0.0000000000
-1  11.000  -47.000  -26.000 0.0000000000
-1  8.000  -47.000  -26.000 0.0000000000
-1  7.000  -47.000  -26.000 0.0000000000
-1  6.000  -47.000  -26.000 0.0000000000
-1  5.000  -47.000  -26.000 0.0000000000
-1  18.000  -47.000  -27.000 0.0000000000
-1  17.000  -47.000  -27.000 0.0000000000
-1  16.000  -47.000  -27.000 0.0000000000
-1  15.000  -47.000  -27.000 0.0000000000
-1  14.000  -47.000  -27.000 0.0000000000
-1  13.000  -47.000  -27.000 0.0000000000
-1  12.000  -47.000  -27.000 0.0000000000
-1  11.000  -47.000  -27.000 0.0000000000
-1  10.000  -47.000  -27.000 0.0000000000
-1  9.000  -47.000  -27.000 0.0000000000
-1  8.000  -47.000  -27.000 0.0000000000
-1  7.000  -47.000  -27.000 0.0000000000
-1  6.000  -47.000  -27.000 0.0000000000
-1  20.000  -47.000  -28.000 0.0000000000
-1  19.000  -47.000  -28.000 0.0000000000
-1  18.000  -47.000  -28.000 0.0000000000
-1  17.000  -47.000  -28.000 0.0000000000
-1  16.000  -47.000  -28.000 0.0000000000
-1  15.000  -47.000  -28.000 0.0000000000
-1  14.000  -47.000  -28.000 0.0000000000
-1  13.000  -47.000  -28.000 0.0000000000
-1  12.000  -47.000  -28.000 0.0000000000
-1  11.000  -47.000  -28.000 0.0000000000
-1  10.000  -47.000  -28.000 0.0000000000
-1  9.000  -47.000  -28.000 0.0000000000
-1  8.000  -47.000  -28.000 0.0000000000
-1  7.000  -47.000  -28.000 0.0000000000
-1  22.000  -47.000  -29.000 0.0000000000
-1  21.000  -47.000  -29.000 0.0000000000
-1  20.000  -47.000  -29.000 0.0000000000
-1  19.000  -47.000  -29.000 0.0000000000
-1  18.000  -47.000  -29.000 0.0000000000
-1  17.000  -47.000  -29.000 0.0000000000
-1  16.000  -47.000  -29.000 0.0000000000
-1  15.000  -47.000  -29.000 0.0000000000
-1  14.000  -47.000  -29.000 0.0000000000
-1  13.000  -47.000  -29.000 0.0000000000
-1  12.000  -47.000  -29.000 0.0000000000
-1  11.000  -47.000  -29.000 0.0000000000
-1  10.000  -47.000  -29.000 0.0000000000
-1  9.000  -47.000  -29.000 0.0000000000
-1  8.000  -47.000  -29.000 0.0000000000
-1  24.000  -47.000  -30.000 0.0000000000
-1  23.000  -47.000  -30.000 0.0000000000
-1  22.000  -47.000  -30.000 0.0000000000
-1  21.000  -47.000  -30.000 0.0000000000
-1  20.000  -47.000  -30.000 0.0000000000
-1  19.000  -47.000  -30.000 0.0000000000
-1  18.000  -47.000  -30.000 0.0000000000
-1  17.000  -47.000  -30.000 0.0000000000
-1  16.000  -47.000  -30.000 0.0000000000
-1  15.000  -47.000  -30.000 0.0000000000
-1  14.000  -47.000  -30.000 0.0000000000
-1  13.000  -47.000  -30.000 0.0000000000
-1  12.000  -47.000  -30.000 0.0000000000
-1  11.000  -47.000  -30.000 0.0000000000
-1  10.000  -47.000  -30.000 0.0000000000
-1  8.000  -47.000  -30.000 0.0000000000
-1  25.000  -47.000  -31.000 0.0000000000
-1  24.000  -47.000  -31.000 0.0000000000
-1  23.000  -47.000  -31.000 0.0000000000
-1  22.000  -47.000  -31.000 0.0000000000
-1  21.000  -47.000  -31.000 0.0000000000
-1  20.000  -47.000  -31.000 0.0000000000
-1  19.000  -47.000  -31.000 0.0000000000
-1  18.000  -47.000  -31.000 0.0000000000
-1  17.000  -47.000  -31.000 0.0000000000
-1  16.000  -47.000  -31.000 0.0000000000
-1  15.000  -47.000  -31.000 0.0000000000
-1  14.000  -47.000  -31.000 0.0000000000
-1  13.000  -47.000  -31.000 0.0000000000
-1  12.000  -47.000  -31.000 0.0000000000
-1  11.000  -47.000  -31.000 0.0000000000
-1  10.000  -47.000  -31.000 0.0000000000
-1  9.000  -47.000  -31.000 0.0000000000
-1  27.000  -47.000  -32.000 0.0000000000
-1  26.000  -47.000  -32.000 0.0000000000
-1  25.000  -47.000  -32.000 0.0000000000
-1  24.000  -47.000  -32.000 0.0000000000
-1  23.000  -47.000  -32.000 0.0000000000
-1  22.000  -47.000  -32.000 0.0000000000
-1  21.000  -47.000  -32.000 0.0000000000
-1  20.000  -47.000  -32.000 0.0000000000
-1  19.000  -47.000  -32.000 0.0000000000
-1  18.000  -47.000  -32.000 0.0000000000
-1  17.000  -47.000  -32.000 0.0000000000
-1  16.000  -47.000  -32.000 0.0000000000
-1  15.000  -47.000  -32.000 0.0000000000
-1  14.000  -47.000  -32.000 0.0000000000
-1  13.000  -47.000  -32.000 0.0000000000
-1  12.000  -47.000  -32.000 0.0000000000
-1  11.000  -47.000  -32.000 0.0000000000
-1  10.000  -47.000  -32.000 0.0000000000
-1  28.000  -47.000  -33.000 0.0000000000
-1  27.000  -47.000  -33.000 0.0000000000
-1  26.000  -47.000  -33.000 0.0000000000
-1  25.000  -47.000  -33.000 0.0000000000
-1  24.000  -47.000  -33.000 0.0000000000
-1  23.000  -47.000  -33.000 0.0000000000
-1  22.000  -47.000  -33.000 0.0000000000
-1  21.000  -47.000  -33.000 0.0000000000
-1  20.000  -47.000  -33.000 0.0000000000
-1  19.000  -47.000  -33.000 0.0000000000
-1  18.000  -47.000  -33.000 0.0000000000
-1  17.000  -47.000  -33.000 0.0000000000
-1  16.000  -47.000  -33.000 0.0000000000
-1  15.000  -47.000  -33.000 0.0000000000
-1  14.000  -47.000  -33.000 0.0000000000
-1  13.000  -47.000  -33.000 0.0000000000
-1  12.000  -47.000  -33.000 0.0000000000
-1  11.000  -47.000  -33.000 0.0000000000
-1  29.000  -47.000  -34.000 0.0000000000
-1  28.000  -47.000  -34.000 0.0000000000
-1  27.000  -47.000  -34.000 0.0000000000
-1  26.000  -47.000  -34.000 0.0000000000
-1  25.000  -47.000  -34.000 0.0000000000
-1  24.000  -47.000  -34.000 0.0000000000
-1  23.000  -47.000  -34.000 0.0000000000
-1  22.000  -47.000  -34.000 0.0000000000
-1  21.000  -47.000  -34.000 0.0000000000
-1  20.000  -47.000  -34.000 0.0000000000
-1  19.000  -47.000  -34.000 0.0000000000
-1  18.000  -47.000  -34.000 0.0000000000
-1  17.000  -47.000  -34.000 0.0000000000
-1  16.000  -47.000  -34.000 0.0000000000
-1  15.000  -47.000  -34.000 0.0000000000
-1  14.000  -47.000  -34.000 0.0000000000
-1  13.000  -47.000  -34.000 0.0000000000
-1  12.000  -47.000  -34.000 0.0000000000
-1  30.000  -47.000  -35.000 0.0000000000
-1  29.000  -47.000  -35.000 0.0000000000
-1  28.000  -47.000  -35.000 0.0000000000
-1  27.000  -47.000  -35.000 0.0000000000
-1  26.000  -47.000  -35.000 0.0000000000
-1  25.000  -47.000  -35.000 0.0000000000
-1  24.000  -47.000  -35.000 0.0000000000
-1  23.000  -47.000  -35.000 0.0000000000
-1  22.000  -47.000  -35.000 0.0000000000
-1  21.000  -47.000  -35.000 0.0000000000
-1  20.000  -47.000  -35.000 0.0000000000
-1  19.000  -47.000  -35.000 0.0000000000
-1  18.000  -47.000  -35.000 0.0000000000
-1  17.000  -47.000  -35.000 0.0000000000
-1  16.000  -47.000  -35.000 0.0000000000
-1  15.000  -47.000  -35.000 0.0000000000
-1  14.000  -47.000  -35.000 0.0000000000
-1  13.000  -47.000  -35.000 0.0000000000
-1  12.000  -47.000  -35.000 0.0000000000
-1  30.000  -47.000  -36.000 0.0000000000
-1  29.000  -47.000  -36.000 0.0000000000
-1  28.000  -47.000  -36.000 0.0000000000
-1  27.000  -47.000  -36.000 0.0000000000
-1  26.000  -47.000  -36.000 0.0000000000
-1  25.000  -47.000  -36.000 0.0000000000
-1  24.000  -47.000  -36.000 0.0000000000
-1  23.000  -47.000  -36.000 0.0000000000
-1  22.000  -47.000  -36.000 0.0000000000
-1  21.000  -47.000  -36.000 0.0000000000
-1  20.000  -47.000  -36.000 0.0000000000
-1  19.000  -47.000  -36.000 0.0000000000
-1  18.000  -47.000  -36.000 0.0000000000
-1  17.000  -47.000  -36.000 0.0000000000
-1  16.000  -47.000  -36.000 0.0000000000
-1  15.000  -47.000  -36.000 0.0000000000
-1  14.000  -47.000  -36.000 0.0000000000
-1  13.000  -47.000  -36.000 0.0000000000
-1  31.000  -47.000  -37.000 0.0000000000
-1  30.000  -47.000  -37.000 0.0000000000
-1  29.000  -47.000  -37.000 0.0000000000
-1  28.000  -47.000  -37.000 0.0000000000
-1  27.000  -47.000  -37.000 0.0000000000
-1  26.000  -47.000  -37.000 0.0000000000
-1  25.000  -47.000  -37.000 0.0000000000
-1  24.000  -47.000  -37.000 0.0000000000
-1  23.000  -47.000  -37.000 0.0000000000
-1  22.000  -47.000  -37.000 0.0000000000
-1  21.000  -47.000  -37.000 0.0000000000
-1  20.000  -47.000  -37.000 0.0000000000
-1  19.000  -47.000  -37.000 0.0000000000
-1  18.000  -47.000  -37.000 0.0000000000
-1  17.000  -47.000  -37.000 0.0000000000
-1  16.000  -47.000  -37.000 0.0000000000
-1  15.000  -47.000  -37.000 0.0000000000
-1  14.000  -47.000  -37.000 0.0000000000
-1  13.000  -47.000  -37.000 0.0000000000
-1  32.000  -47.000  -38.000 0.0000000000
-1  31.000  -47.000  -38.000 0.0000000000
-1  30.000  -47.000  -38.000 0.0000000000
-1  29.000  -47.000  -38.000 0.0000000000
-1  28.000  -47.000  -38.000 0.0000000000
-1  27.000  -47.000  -38.000 0.0000000000
-1  26.000  -47.000  -38.000 0.0000000000
-1  25.000  -47.000  -38.000 0.0000000000
-1  24.000  -47.000  -38.000 0.0000000000
-1  23.000  -47.000  -38.000 0.0000000000
-1  22.000  -47.000  -38.000 0.0000000000
-1  21.000  -47.000  -38.000 0.0000000000
-1  20.000  -47.000  -38.000 0.0000000000
-1  19.000  -47.000  -38.000 0.0000000000
-1  18.000  -47.000  -38.000 0.0000000000
-1  17.000  -47.000  -38.000 0.0000000000
-1  16.000  -47.000  -38.000 0.0000000000
-1  15.000  -47.000  -38.000 0.0000000000
-1  14.000  -47.000  -38.000 0.0000000000
-1  13.000  -47.000  -38.000 0.0000000000
-1  33.000  -47.000  -39.000 0.0000000000
-1  32.000  -47.000  -39.000 0.0000000000
-1  31.000  -47.000  -39.000 0.0000000000
-1  30.000  -47.000  -39.000 0.0000000000
-1  29.000  -47.000  -39.000 0.0000000000
-1  28.000  -47.000  -39.000 0.0000000000
-1  27.000  -47.000  -39.000 0.0000000000
-1  26.000  -47.000  -39.000 0.0000000000
-1  25.000  -47.000  -39.000 0.0000000000
-1  24.000  -47.000  -39.000 0.0000000000
-1  23.000  -47.000  -39.000 0.0000000000
-1  22.000  -47.000  -39.000 0.0000000000
-1  21.000  -47.000  -39.000 0.0000000000
-1  20.000  -47.000  -39.000 0.0000000000
-1  19.000  -47.000  -39.000 0.0000000000
-1  18.000  -47.000  -39.000 0.0000000000
-1  17.000  -47.000  -39.000 0.0000000000
-1  16.000  -47.000  -39.000 0.0000000000
-1  15.000  -47.000  -39.000 0.0000000000
-1  14.000  -47.000  -39.000 0.0000000000
-1  13.000  -47.000  -39.000 0.0000000000
-1  33.000  -47.000  -40.000 0.0000000000
-1  32.000  -47.000  -40.000 0.0000000000
-1  31.000  -47.000  -40.000 0.0000000000
-1  30.000  -47.000  -40.000 0.0000000000
-1  29.000  -47.000  -40.000 0.0000000000
-1  28.000  -47.000  -40.000 0.0000000000
-1  27.000  -47.000  -40.000 0.0000000000
-1  26.000  -47.000  -40.000 0.0000000000
-1  25.000  -47.000  -40.000 0.0000000000
-1  24.000  -47.000  -40.000 0.0000000000
-1  23.000  -47.000  -40.000 0.0000000000
-1  22.000  -47.000  -40.000 0.0000000000
-1  21.000  -47.000  -40.000 0.0000000000
-1  20.000  -47.000  -40.000 0.0000000000
-1  19.000  -47.000  -40.000 0.0000000000
-1  18.000  -47.000  -40.000 0.0000000000
-1  17.000  -47.000  -40.000 0.0000000000
-1  16.000  -47.000  -40.000 0.0000000000
-1  15.000  -47.000  -40.000 0.0000000000
-1  14.000  -47.000  -40.000 0.0000000000
-1  13.000  -47.000  -40.000 0.0000000000
-1  33.000  -47.000  -41.000 0.0000000000
-1  32.000  -47.000  -41.000 0.0000000000
-1  31.000  -47.000  -41.000 0.0000000000
-1  30.000  -47.000  -41.000 0.0000000000
-1  29.000  -47.000  -41.000 0.0000000000
-1  28.000  -47.000  -41.000 0.0000000000
-1  27.000  -47.000  -41.000 0.0000000000
-1  26.000  -47.000  -41.000 0.0000000000
-1  25.000  -47.000  -41.000 0.0000000000
-1  24.000  -47.000  -41.000 0.0000000000
-1  23.000  -47.000  -41.000 0.0000000000
-1  22.000  -47.000  -41.000 0.0000000000
-1  21.000  -47.000  -41.000 0.0000000000
-1  20.000  -47.000  -41.000 0.0000000000
-1  19.000  -47.000  -41.000 0.0000000000
-1  18.000  -47.000  -41.000 0.0000000000
-1  17.000  -47.000  -41.000 0.0000000000
-1  16.000  -47.000  -41.000 0.0000000000
-1  15.000  -47.000  -41.000 0.0000000000
-1  14.000  -47.000  -41.000 0.0000000000
-1  33.000  -47.000  -42.000 0.0000000000
-1  32.000  -47.000  -42.000 0.0000000000
-1  31.000  -47.000  -42.000 0.0000000000
-1  30.000  -47.000  -42.000 0.0000000000
-1  29.000  -47.000  -42.000 0.0000000000
-1  28.000  -47.000  -42.000 0.0000000000
-1  27.000  -47.000  -42.000 0.0000000000
-1  26.000  -47.000  -42.000 0.0000000000
-1  25.000  -47.000  -42.000 0.0000000000
-1  24.000  -47.000  -42.000 0.0000000000
-1  23.000  -47.000  -42.000 0.0000000000
-1  22.000  -47.000  -42.000 0.0000000000
-1  21.000  -47.000  -42.000 0.0000000000
-1  20.000  -47.000  -42.000 0.0000000000
-1  19.000  -47.000  -42.000 0.0000000000
-1  18.000  -47.000  -42.000 0.0000000000
-1  17.000  -47.000  -42.000 0.0000000000
-1  16.000  -47.000  -42.000 0.0000000000
-1  15.000  -47.000  -42.000 0.0000000000
-1  14.000  -47.000  -42.000 0.0000000000
-1  34.000  -47.000  -43.000 0.0000000000
-1  33.000  -47.000  -43.000 0.0000000000
-1  32.000  -47.000  -43.000 0.0000000000
-1  31.000  -47.000  -43.000 0.0000000000
-1  30.000  -47.000  -43.000 0.0000000000
-1  29.000  -47.000  -43.000 0.0000000000
-1  28.000  -47.000  -43.000 0.0000000000
-1  27.000  -47.000  -43.000 0.0000000000
-1  26.000  -47.000  -43.000 0.0000000000
-1  25.000  -47.000  -43.000 0.0000000000
-1  24.000  -47.000  -43.000 0.0000000000
-1  23.000  -47.000  -43.000 0.0000000000
-1  22.000  -47.000  -43.000 0.0000000000
-1  21.000  -47.000  -43.000 0.0000000000
-1  20.000  -47.000  -43.000 0.0000000000
-1  19.000  -47.000  -43.000 0.0000000000
-1  18.000  -47.000  -43.000 0.0000000000
-1  17.000  -47.000  -43.000 0.0000000000
-1  16.000  -47.000  -43.000 0.0000000000
-1  33.000  -47.000  -44.000 0.0000000000
-1  32.000  -47.000  -44.000 0.0000000000
-1  31.000  -47.000  -44.000 0.0000000000
-1  30.000  -47.000  -44.000 0.0000000000
-1  29.000  -47.000  -44.000 0.0000000000
-1  28.000  -47.000  -44.000 0.0000000000
-1  27.000  -47.000  -44.000 0.0000000000
-1  26.000  -47.000  -44.000 0.0000000000
-1  25.000  -47.000  -44.000 0.0000000000
-1  24.000  -47.000  -44.000 0.0000000000
-1  23.000  -47.000  -44.000 0.0000000000
-1  22.000  -47.000  -44.000 0.0000000000
-1  21.000  -47.000  -44.000 0.0000000000
-1  20.000  -47.000  -44.000 0.0000000000
-1  19.000  -47.000  -44.000 0.0000000000
-1  32.000  -47.000  -45.000 0.0000000000
-1  30.000  -47.000  -45.000 0.0000000000
-1  29.000  -47.000  -45.000 0.0000000000
-1  28.000  -47.000  -45.000 0.0000000000
-1  27.000  -47.000  -45.000 0.0000000000
-1  26.000  -47.000  -45.000 0.0000000000
-1  25.000  -47.000  -45.000 0.0000000000
-1  24.000  -47.000  -45.000 0.0000000000
-1  23.000  -47.000  -45.000 0.0000000000
-1  22.000  -47.000  -45.000 0.0000000000
-1  21.000  -47.000  -45.000 0.0000000000
-1  20.000  -47.000  -45.000 0.0000000000
-1  19.000  -47.000  -45.000 0.0000000000
-1  26.000  -47.000  -46.000 0.0000000000
-1  25.000  -47.000  -46.000 0.0000000000
-1  24.000  -47.000  -46.000 0.0000000000
-1  23.000  -47.000  -46.000 0.0000000000
-1  22.000  -47.000  -46.000 0.0000000000
-1  15.000  -46.000  -24.000 0.0000000000
-1  14.000  -46.000  -24.000 0.0000000000
-1  15.000  -46.000  -25.000 0.0000000000
-1  14.000  -46.000  -25.000 0.0000000000
-1  13.000  -46.000  -25.000 0.0000000000
-1  12.000  -46.000  -25.000 0.0000000000
-1  5.000  -46.000  -25.000 0.0000000000
-1  17.000  -46.000  -26.000 0.0000000000
-1  16.000  -46.000  -26.000 0.0000000000
-1  15.000  -46.000  -26.000 0.0000000000
-1  14.000  -46.000  -26.000 0.0000000000
-1  13.000  -46.000  -26.000 0.0000000000
-1  18.000  -46.000  -27.000 0.0000000000
-1  17.000  -46.000  -27.000 0.0000000000
-1  16.000  -46.000  -27.000 0.0000000000
-1  15.000  -46.000  -27.000 0.0000000000
-1  14.000  -46.000  -27.000 0.0000000000
-1  13.000  -46.000  -27.000 0.0000000000
-1  9.000  -46.000  -27.000 0.0000000000
-1  8.000  -46.000  -27.000 0.0000000000
-1  20.000  -46.000  -28.000 0.0000000000
-1  19.000  -46.000  -28.000 0.0000000000
-1  18.000  -46.000  -28.000 0.0000000000
-1  17.000  -46.000  -28.000 0.0000000000
-1  16.000  -46.000  -28.000 0.0000000000
-1  15.000  -46.000  -28.000 0.0000000000
-1  14.000  -46.000  -28.000 0.0000000000
-1  13.000  -46.000  -28.000 0.0000000000
-1  12.000  -46.000  -28.000 0.0000000000
-1  11.000  -46.000  -28.000 0.0000000000
-1  10.000  -46.000  -28.000 0.0000000000
-1  9.000  -46.000  -28.000 0.0000000000
-1  22.000  -46.000  -29.000 0.0000000000
-1  21.000  -46.000  -29.000 0.0000000000
-1  20.000  -46.000  -29.000 0.0000000000
-1  19.000  -46.000  -29.000 0.0000000000
-1  18.000  -46.000  -29.000 0.0000000000
-1  17.000  -46.000  -29.000 0.0000000000
-1  16.000  -46.000  -29.000 0.0000000000
-1  15.000  -46.000  -29.000 0.0000000000
-1  14.000  -46.000  -29.000 0.0000000000
-1  13.000  -46.000  -29.000 0.0000000000
-1  12.000  -46.000  -29.000 0.0000000000
-1  11.000  -46.000  -29.000 0.0000000000
-1  10.000  -46.000  -29.000 0.0000000000
-1  24.000  -46.000  -30.000 0.0000000000
-1  23.000  -46.000  -30.000 0.0000000000
-1  22.000  -46.000  -30.000 0.0000000000
-1  21.000  -46.000  -30.000 0.0000000000
-1  20.000  -46.000  -30.000 0.0000000000
-1  19.000  -46.000  -30.000 0.0000000000
-1  18.000  -46.000  -30.000 0.0000000000
-1  17.000  -46.000  -30.000 0.0000000000
-1  16.000  -46.000  -30.000 0.0000000000
-1  15.000  -46.000  -30.000 0.0000000000
-1  14.000  -46.000  -30.000 0.0000000000
-1  13.000  -46.000  -30.000 0.0000000000
-1  12.000  -46.000  -30.000 0.0000000000
-1  11.000  -46.000  -30.000 0.0000000000
-1  25.000  -46.000  -31.000 0.0000000000
-1  24.000  -46.000  -31.000 0.0000000000
-1  23.000  -46.000  -31.000 0.0000000000
-1  22.000  -46.000  -31.000 0.0000000000
-1  21.000  -46.000  -31.000 0.0000000000
-1  20.000  -46.000  -31.000 0.0000000000
-1  19.000  -46.000  -31.000 0.0000000000
-1  18.000  -46.000  -31.000 0.0000000000
-1  17.000  -46.000  -31.000 0.0000000000
-1  16.000  -46.000  -31.000 0.0000000000
-1  15.000  -46.000  -31.000 0.0000000000
-1  14.000  -46.000  -31.000 0.0000000000
-1  13.000  -46.000  -31.000 0.0000000000
-1  12.000  -46.000  -31.000 0.0000000000
-1  11.000  -46.000  -31.000 0.0000000000
-1  27.000  -46.000  -32.000 0.0000000000
-1  26.000  -46.000  -32.000 0.0000000000
-1  25.000  -46.000  -32.000 0.0000000000
-1  24.000  -46.000  -32.000 0.0000000000
-1  23.000  -46.000  -32.000 0.0000000000
-1  22.000  -46.000  -32.000 0.0000000000
-1  21.000  -46.000  -32.000 0.0000000000
-1  20.000  -46.000  -32.000 0.0000000000
-1  19.000  -46.000  -32.000 0.0000000000
-1  18.000  -46.000  -32.000 0.0000000000
-1  17.000  -46.000  -32.000 0.0000000000
-1  16.000  -46.000  -32.000 0.0000000000
-1  15.000  -46.000  -32.000 0.0000000000
-1  14.000  -46.000  -32.000 0.0000000000
-1  13.000  -46.000  -32.000 0.0000000000
-1  12.000  -46.000  -32.000 0.0000000000
-1  28.000  -46.000  -33.000 0.0000000000
-1  27.000  -46.000  -33.000 0.0000000000
-1  26.000  -46.000  -33.000 0.0000000000
-1  25.000  -46.000  -33.000 0.0000000000
-1  24.000  -46.000  -33.000 0.0000000000
-1  23.000  -46.000  -33.000 0.0000000000
-1  22.000  -46.000  -33.000 0.0000000000
-1  21.000  -46.000  -33.000 0.0000000000
-1  20.000  -46.000  -33.000 0.0000000000
-1  19.000  -46.000  -33.000 0.0000000000
-1  18.000  -46.000  -33.000 0.0000000000
-1  17.000  -46.000  -33.000 0.0000000000
-1  16.000  -46.000  -33.000 0.0000000000
-1  15.000  -46.000  -33.000 0.0000000000
-1  14.000  -46.000  -33.000 0.0000000000
-1  13.000  -46.000  -33.000 0.0000000000
-1  12.000  -46.000  -33.000 0.0000000000
-1  30.000  -46.000  -34.000 0.0000000000
-1  29.000  -46.000  -34.000 0.0000000000
-1  28.000  -46.000  -34.000 0.0000000000
-1  27.000  -46.000  -34.000 0.0000000000
-1  26.000  -46.000  -34.000 0.0000000000
-1  25.000  -46.000  -34.000 0.0000000000
-1  24.000  -46.000  -34.000 0.0000000000
-1  23.000  -46.000  -34.000 0.0000000000
-1  22.000  -46.000  -34.000 0.0000000000
-1  21.000  -46.000  -34.000 0.0000000000
-1  20.000  -46.000  -34.000 0.0000000000
-1  19.000  -46.000  -34.000 0.0000000000
-1  18.000  -46.000  -34.000 0.0000000000
-1  17.000  -46.000  -34.000 0.0000000000
-1  16.000  -46.000  -34.000 0.0000000000
-1  15.000  -46.000  -34.000 0.0000000000
-1  14.000  -46.000  -34.000 0.0000000000
-1  13.000  -46.000  -34.000 0.0000000000
-1  12.000  -46.000  -34.000 0.0000000000
-1  30.000  -46.000  -35.000 0.0000000000
-1  29.000  -46.000  -35.000 0.0000000000
-1  28.000  -46.000  -35.000 0.0000000000
-1  27.000  -46.000  -35.000 0.0000000000
-1  26.000  -46.000  -35.000 0.0000000000
-1  25.000  -46.000  -35.000 0.0000000000
-1  24.000  -46.000  -35.000 0.0000000000
-1  23.000  -46.000  -35.000 0.0000000000
-1  22.000  -46.000  -35.000 0.0000000000
-1  21.000  -46.000  -35.000 0.0000000000
-1  20.000  -46.000  -35.000 0.0000000000
-1  19.000  -46.000  -35.000 0.0000000000
-1  18.000  -46.000  -35.000 0.0000000000
-1  17.000  -46.000  -35.000 0.0000000000
-1  16.000  -46.000  -35.000 0.0000000000
-1  15.000  -46.000  -35.000 0.0000000000
-1  14.000  -46.000  -35.000 0.0000000000
-1  13.000  -46.000  -35.000 0.0000000000
-1  30.000  -46.000  -36.000 0.0000000000
-1  29.000  -46.000  -36.000 0.0000000000
-1  28.000  -46.000  -36.000 0.0000000000
-1  27.000  -46.000  -36.000 0.0000000000
-1  26.000  -46.000  -36.000 0.0000000000
-1  25.000  -46.000  -36.000 0.0000000000
-1  24.000  -46.000  -36.000 0.0000000000
-1  23.000  -46.000  -36.000 0.0000000000
-1  22.000  -46.000  -36.000 0.0000000000
-1  21.000  -46.000  -36.000 0.0000000000
-1  20.000  -46.000  -36.000 0.0000000000
-1  19.000  -46.000  -36.000 0.0000000000
-1  18.000  -46.000  -36.000 0.0000000000
-1  17.000  -46.000  -36.000 0.0000000000
-1  16.000  -46.000  -36.000 0.0000000000
-1  15.000  -46.000  -36.000 0.0000000000
-1  14.000  -46.000  -36.000 0.0000000000
-1  13.000  -46.000  -36.000 0.0000000000
-1  31.000  -46.000  -37.000 0.0000000000
-1  30.000  -46.000  -37.000 0.0000000000
-1  29.000  -46.000  -37.000 0.0000000000
-1  28.000  -46.000  -37.000 0.0000000000
-1  27.000  -46.000  -37.000 0.0000000000
-1  26.000  -46.000  -37.000 0.0000000000
-1  25.000  -46.000  -37.000 0.0000000000
-1  24.000  -46.000  -37.000 0.0000000000
-1  23.000  -46.000  -37.000 0.0000000000
-1  22.000  -46.000  -37.000 0.0000000000
-1  21.000  -46.000  -37.000 0.0000000000
-1  20.000  -46.000  -37.000 0.0000000000
-1  19.000  -46.000  -37.000 0.0000000000
-1  18.000  -46.000  -37.000 0.0000000000
-1  17.000  -46.000  -37.000 0.0000000000
-1  16.000  -46.000  -37.000 0.0000000000
-1  15.000  -46.000  -37.000 0.0000000000
-1  14.000  -46.000  -37.000 0.0000000000
-1  13.000  -46.000  -37.000 0.0000000000
-1  31.000  -46.000  -38.000 0.0000000000
-1  30.000  -46.000  -38.000 0.0000000000
-1  29.000  -46.000  -38.000 0.0000000000
-1  28.000  -46.000  -38.000 0.0000000000
-1  27.000  -46.000  -38.000 0.0000000000
-1  26.000  -46.000  -38.000 0.0000000000
-1  25.000  -46.000  -38.000 0.0000000000
-1  24.000  -46.000  -38.000 0.0000000000
-1  23.000  -46.000  -38.000 0.0000000000
-1  22.000  -46.000  -38.000 0.0000000000
-1  21.000  -46.000  -38.000 0.0000000000
-1  20.000  -46.000  -38.000 0.0000000000
-1  19.000  -46.000  -38.000 0.0000000000
-1  18.000  -46.000  -38.000 0.0000000000
-1  17.000  -46.000  -38.000 0.0000000000
-1  16.000  -46.000  -38.000 0.0000000000
-1  15.000  -46.000  -38.000 0.0000000000
-1  14.000  -46.000  -38.000 0.0000000000
-1  13.000  -46.000  -38.000 0.0000000000
-1  32.000  -46.000  -39.000 0.0000000000
-1  31.000  -46.000  -39.000 0.0000000000
-1  30.000  -46.000  -39.000 0.0000000000
-1  29.000  -46.000  -39.000 0.0000000000
-1  28.000  -46.000  -39.000 0.0000000000
-1  27.000  -46.000  -39.000 0.0000000000
-1  26.000  -46.000  -39.000 0.0000000000
-1  25.000  -46.000  -39.000 0.0000000000
-1  24.000  -46.000  -39.000 0.0000000000
-1  23.000  -46.000  -39.000 0.0000000000
-1  22.000  -46.000  -39.000 0.0000000000
-1  21.000  -46.000  -39.000 0.0000000000
-1  20.000  -46.000  -39.000 0.0000000000
-1  19.000  -46.000  -39.000 0.0000000000
-1  18.000  -46.000  -39.000 0.0000000000
-1  17.000  -46.000  -39.000 0.0000000000
-1  16.000  -46.000  -39.000 0.0000000000
-1  15.000  -46.000  -39.000 0.0000000000
-1  14.000  -46.000  -39.000 0.0000000000
-1  13.000  -46.000  -39.000 0.0000000000
-1  33.000  -46.000  -40.000 0.0000000000
-1  32.000  -46.000  -40.000 0.0000000000
-1  31.000  -46.000  -40.000 0.0000000000
-1  30.000  -46.000  -40.000 0.0000000000
-1  29.000  -46.000  -40.000 0.0000000000
-1  28.000  -46.000  -40.000 0.0000000000
-1  27.000  -46.000  -40.000 0.0000000000
-1  26.000  -46.000  -40.000 0.0000000000
-1  25.000  -46.000  -40.000 0.0000000000
-1  24.000  -46.000  -40.000 0.0000000000
-1  23.000  -46.000  -40.000 0.0000000000
-1  22.000  -46.000  -40.000 0.0000000000
-1  21.000  -46.000  -40.000 0.0000000000
-1  20.000  -46.000  -40.000 0.0000000000
-1  19.000  -46.000  -40.000 0.0000000000
-1  18.000  -46.000  -40.000 0.0000000000
-1  17.000  -46.000  -40.000 0.0000000000
-1  16.000  -46.000  -40.000 0.0000000000
-1  15.000  -46.000  -40.000 0.0000000000
-1  14.000  -46.000  -40.000 0.0000000000
-1  31.000  -46.000  -41.000 0.0000000000
-1  30.000  -46.000  -41.000 0.0000000000
-1  29.000  -46.000  -41.000 0.0000000000
-1  28.000  -46.000  -41.000 0.0000000000
-1  27.000  -46.000  -41.000 0.0000000000
-1  26.000  -46.000  -41.000 0.0000000000
-1  25.000  -46.000  -41.000 0.0000000000
-1  24.000  -46.000  -41.000 0.0000000000
-1  23.000  -46.000  -41.000 0.0000000000
-1  22.000  -46.000  -41.000 0.0000000000
-1  21.000  -46.000  -41.000 0.0000000000
-1  20.000  -46.000  -41.000 0.0000000000
-1  19.000  -46.000  -41.000 0.0000000000
-1  18.000  -46.000  -41.000 0.0000000000
-1  17.000  -46.000  -41.000 0.0000000000
-1  16.000  -46.000  -41.000 0.0000000000
-1  15.000  -46.000  -41.000 0.0000000000
-1  14.000  -46.000  -41.000 0.0000000000
-1  33.000  -46.000  -42.000 0.0000000000
-1  32.000  -46.000  -42.000 0.0000000000
-1  31.000  -46.000  -42.000 0.0000000000
-1  30.000  -46.000  -42.000 0.0000000000
-1  29.000  -46.000  -42.000 0.0000000000
-1  28.000  -46.000  -42.000 0.0000000000
-1  27.000  -46.000  -42.000 0.0000000000
-1  26.000  -46.000  -42.000 0.0000000000
-1  25.000  -46.000  -42.000 0.0000000000
-1  24.000  -46.000  -42.000 0.0000000000
-1  23.000  -46.000  -42.000 0.0000000000
-1  22.000  -46.000  -42.000 0.0000000000
-1  21.000  -46.000  -42.000 0.0000000000
-1  20.000  -46.000  -42.000 0.0000000000
-1  19.000  -46.000  -42.000 0.0000000000
-1  18.000  -46.000  -42.000 0.0000000000
-1  17.000  -46.000  -42.000 0.0000000000
-1  16.000  -46.000  -42.000 0.0000000000
-1  15.000  -46.000  -42.000 0.0000000000
-1  32.000  -46.000  -43.000 0.0000000000
-1  31.000  -46.000  -43.000 0.0000000000
-1  30.000  -46.000  -43.000 0.0000000000
-1  29.000  -46.000  -43.000 0.0000000000
-1  28.000  -46.000  -43.000 0.0000000000
-1  27.000  -46.000  -43.000 0.0000000000
-1  26.000  -46.000  -43.000 0.0000000000
-1  25.000  -46.000  -43.000 0.0000000000
-1  24.000  -46.000  -43.000 0.0000000000
-1  23.000  -46.000  -43.000 0.0000000000
-1  22.000  -46.000  -43.000 0.0000000000
-1  21.000  -46.000  -43.000 0.0000000000
-1  20.000  -46.000  -43.000 0.0000000000
-1  19.000  -46.000  -43.000 0.0000000000
-1  18.000  -46.000  -43.000 0.0000000000
-1  17.000  -46.000  -43.000 0.0000000000
-1  16.000  -46.000  -43.000 0.0000000000
-1  32.000  -46.000  -44.000 0.0000000000
-1  31.000  -46.000  -44.000 0.0000000000
-1  30.000  -46.000  -44.000 0.0000000000
-1  29.000  -46.000  -44.000 0.0000000000
-1  28.000  -46.000  -44.000 0.0000000000
-1  27.000  -46.000  -44.000 0.0000000000
-1  26.000  -46.000  -44.000 0.0000000000
-1  25.000  -46.000  -44.000 0.0000000000
-1  24.000  -46.000  -44.000 0.0000000000
-1  23.000  -46.000  -44.000 0.0000000000
-1  22.000  -46.000  -44.000 0.0000000000
-1  21.000  -46.000  -44.000 0.0000000000
-1  20.000  -46.000  -44.000 0.0000000000
-1  19.000  -46.000  -44.000 0.0000000000
-1  18.000  -46.000  -44.000 0.0000000000
-1  16.000  -46.000  -44.000 0.0000000000
-1  30.000  -46.000  -45.000 0.0000000000
-1  29.000  -46.000  -45.000 0.0000000000
-1  28.000  -46.000  -45.000 0.0000000000
-1  27.000  -46.000  -45.000 0.0000000000
-1  26.000  -46.000  -45.000 0.0000000000
-1  25.000  -46.000  -45.000 0.0000000000
-1  24.000  -46.000  -45.000 0.0000000000
-1  23.000  -46.000  -45.000 0.0000000000
-1  22.000  -46.000  -45.000 0.0000000000
-1  21.000  -46.000  -45.000 0.0000000000
-1  15.000  -45.000  -24.000 0.0000000000
-1  14.000  -45.000  -24.000 0.0000000000
-1  15.000  -45.000  -25.000 0.0000000000
-1  14.000  -45.000  -25.000 0.0000000000
-1  17.000  -45.000  -26.000 0.0000000000
-1  16.000  -45.000  -26.000 0.0000000000
-1  15.000  -45.000  -26.000 0.0000000000
-1  14.000  -45.000  -26.000 0.0000000000
-1  18.000  -45.000  -27.000 0.0000000000
-1  17.000  -45.000  -27.000 0.0000000000
-1  16.000  -45.000  -27.000 0.0000000000
-1  15.000  -45.000  -27.000 0.0000000000
-1  14.000  -45.000  -27.000 0.0000000000
-1  20.000  -45.000  -28.000 0.0000000000
-1  19.000  -45.000  -28.000 0.0000000000
-1  18.000  -45.000  -28.000 0.0000000000
-1  17.000  -45.000  -28.000 0.0000000000
-1  16.000  -45.000  -28.000 0.0000000000
-1  15.000  -45.000  -28.000 0.0000000000
-1  14.000  -45.000  -28.000 0.0000000000
-1  13.000  -45.000  -28.000 0.0000000000
-1  22.000  -45.000  -29.000 0.0000000000
-1  21.000  -45.000  -29.000 0.0000000000
-1  20.000  -45.000  -29.000 0.0000000000
-1  19.000  -45.000  -29.000 0.0000000000
-1  18.000  -45.000  -29.000 0.0000000000
-1  17.000  -45.000  -29.000 0.0000000000
-1  16.000  -45.000  -29.000 0.0000000000
-1  15.000  -45.000  -29.000 0.0000000000
-1  14.000  -45.000  -29.000 0.0000000000
-1  13.000  -45.000  -29.000 0.0000000000
-1  24.000  -45.000  -30.000 0.0000000000
-1  23.000  -45.000  -30.000 0.0000000000
-1  22.000  -45.000  -30.000 0.0000000000
-1  21.000  -45.000  -30.000 0.0000000000
-1  20.000  -45.000  -30.000 0.0000000000
-1  19.000  -45.000  -30.000 0.0000000000
-1  18.000  -45.000  -30.000 0.0000000000
-1  17.000  -45.000  -30.000 0.0000000000
-1  16.000  -45.000  -30.000 0.0000000000
-1  15.000  -45.000  -30.000 0.0000000000
-1  14.000  -45.000  -30.000 0.0000000000
-1  13.000  -45.000  -30.000 0.0000000000
-1  12.000  -45.000  -30.000 0.0000000000
-1  11.000  -45.000  -30.000 0.0000000000
-1  25.000  -45.000  -31.000 0.0000000000
-1  24.000  -45.000  -31.000 0.0000000000
-1  23.000  -45.000  -31.000 0.0000000000
-1  22.000  -45.000  -31.000 0.0000000000
-1  21.000  -45.000  -31.000 0.0000000000
-1  20.000  -45.000  -31.000 0.0000000000
-1  19.000  -45.000  -31.000 0.0000000000
-1  18.000  -45.000  -31.000 0.0000000000
-1  17.000  -45.000  -31.000 0.0000000000
-1  16.000  -45.000  -31.000 0.0000000000
-1  15.000  -45.000  -31.000 0.0000000000
-1  14.000  -45.000  -31.000 0.0000000000
-1  13.000  -45.000  -31.000 0.0000000000
-1  12.000  -45.000  -31.000 0.0000000000
-1  26.000  -45.000  -32.000 0.0000000000
-1  25.000  -45.000  -32.000 0.0000000000
-1  24.000  -45.000  -32.000 0.0000000000
-1  23.000  -45.000  -32.000 0.0000000000
-1  22.000  -45.000  -32.000 0.0000000000
-1  21.000  -45.000  -32.000 0.0000000000
-1  20.000  -45.000  -32.000 0.0000000000
-1  19.000  -45.000  -32.000 0.0000000000
-1  18.000  -45.000  -32.000 0.0000000000
-1  17.000  -45.000  -32.000 0.0000000000
-1  16.000  -45.000  -32.000 0.0000000000
-1  15.000  -45.000  -32.000 0.0000000000
-1  14.000  -45.000  -32.000 0.0000000000
-1  13.000  -45.000  -32.000 0.0000000000
-1  12.000  -45.000  -32.000 0.0000000000
-1  28.000  -45.000  -33.000 0.0000000000
-1  27.000  -45.000  -33.000 0.0000000000
-1  26.000  -45.000  -33.000 0.0000000000
-1  25.000  -45.000  -33.000 0.0000000000
-1  24.000  -45.000  -33.000 0.0000000000
-1  23.000  -45.000  -33.000 0.0000000000
-1  22.000  -45.000  -33.000 0.0000000000
-1  21.000  -45.000  -33.000 0.0000000000
-1  20.000  -45.000  -33.000 0.0000000000
-1  19.000  -45.000  -33.000 0.0000000000
-1  18.000  -45.000  -33.000 0.0000000000
-1  17.000  -45.000  -33.000 0.0000000000
-1  16.000  -45.000  -33.000 0.0000000000
-1  15.000  -45.000  -33.000 0.0000000000
-1  14.000  -45.000  -33.000 0.0000000000
-1  13.000  -45.000  -33.000 0.0000000000
-1  12.000  -45.000  -33.000 0.0000000000
-1  29.000  -45.000  -34.000 0.0000000000
-1  28.000  -45.000  -34.000 0.0000000000
-1  27.000  -45.000  -34.000 0.0000000000
-1  26.000  -45.000  -34.000 0.0000000000
-1  25.000  -45.000  -34.000 0.0000000000
-1  24.000  -45.000  -34.000 0.0000000000
-1  23.000  -45.000  -34.000 0.0000000000
-1  22.000  -45.000  -34.000 0.0000000000
-1  21.000  -45.000  -34.000 0.0000000000
-1  20.000  -45.000  -34.000 0.0000000000
-1  19.000  -45.000  -34.000 0.0000000000
-1  18.000  -45.000  -34.000 0.0000000000
-1  17.000  -45.000  -34.000 0.0000000000
-1  16.000  -45.000  -34.000 0.0000000000
-1  15.000  -45.000  -34.000 0.0000000000
-1  14.000  -45.000  -34.000 0.0000000000
-1  13.000  -45.000  -34.000 0.0000000000
-1  29.000  -45.000  -35.000 0.0000000000
-1  28.000  -45.000  -35.000 0.0000000000
-1  27.000  -45.000  -35.000 0.0000000000
-1  26.000  -45.000  -35.000 0.0000000000
-1  25.000  -45.000  -35.000 0.0000000000
-1  24.000  -45.000  -35.000 0.0000000000
-1  23.000  -45.000  -35.000 0.0000000000
-1  22.000  -45.000  -35.000 0.0000000000
-1  21.000  -45.000  -35.000 0.0000000000
-1  20.000  -45.000  -35.000 0.0000000000
-1  19.000  -45.000  -35.000 0.0000000000
-1  18.000  -45.000  -35.000 0.0000000000
-1  17.000  -45.000  -35.000 0.0000000000
-1  16.000  -45.000  -35.000 0.0000000000
-1  15.000  -45.000  -35.000 0.0000000000
-1  14.000  -45.000  -35.000 0.0000000000
-1  13.000  -45.000  -35.000 0.0000000000
-1  30.000  -45.000  -36.000 0.0000000000
-1  29.000  -45.000  -36.000 0.0000000000
-1  28.000  -45.000  -36.000 0.0000000000
-1  27.000  -45.000  -36.000 0.0000000000
-1  26.000  -45.000  -36.000 0.0000000000
-1  25.000  -45.000  -36.000 0.0000000000
-1  24.000  -45.000  -36.000 0.0000000000
-1  23.000  -45.000  -36.000 0.0000000000
-1  22.000  -45.000  -36.000 0.0000000000
-1  21.000  -45.000  -36.000 0.0000000000
-1  20.000  -45.000  -36.000 0.0000000000
-1  19.000  -45.000  -36.000 0.0000000000
-1  18.000  -45.000  -36.000 0.0000000000
-1  17.000  -45.000  -36.000 0.0000000000
-1  16.000  -45.000  -36.000 0.0000000000
-1  15.000  -45.000  -36.000 0.0000000000
-1  14.000  -45.000  -36.000 0.0000000000
-1  13.000  -45.000  -36.000 0.0000000000
-1  31.000  -45.000  -37.000 0.0000000000
-1  30.000  -45.000  -37.000 0.0000000000
-1  29.000  -45.000  -37.000 0.0000000000
-1  28.000  -45.000  -37.000 0.0000000000
-1  27.000  -45.000  -37.000 0.0000000000
-1  26.000  -45.000  -37.000 0.0000000000
-1  25.000  -45.000  -37.000 0.0000000000
-1  24.000  -45.000  -37.000 0.0000000000
-1  23.000  -45.000  -37.000 0.0000000000
-1  22.000  -45.000  -37.000 0.0000000000
-1  21.000  -45.000  -37.000 0.0000000000
-1  20.000  -45.000  -37.000 0.0000000000
-1  19.000  -45.000  -37.000 0.0000000000
-1  18.000  -45.000  -37.000 0.0000000000
-1  17.000  -45.000  -37.000 0.0000000000
-1  16.000  -45.000  -37.000 0.0000000000
-1  15.000  -45.000  -37.000 0.0000000000
-1  14.000  -45.000  -37.000 0.0000000000
-1  13.000  -45.000  -37.000 0.0000000000
-1  31.000  -45.000  -38.000 0.0000000000
-1  30.000  -45.000  -38.000 0.0000000000
-1  29.000  -45.000  -38.000 0.0000000000
-1  28.000  -45.000  -38.000 0.0000000000
-1  27.000  -45.000  -38.000 0.0000000000
-1  26.000  -45.000  -38.000 0.0000000000
-1  25.000  -45.000  -38.000 0.0000000000
-1  24.000  -45.000  -38.000 0.0000000000
-1  23.000  -45.000  -38.000 0.0000000000
-1  22.000  -45.000  -38.000 0.0000000000
-1  21.000  -45.000  -38.000 0.0000000000
-1  20.000  -45.000  -38.000 0.0000000000
-1  19.000  -45.000  -38.000 0.0000000000
-1  18.000  -45.000  -38.000 0.0000000000
-1  17.000  -45.000  -38.000 0.0000000000
-1  16.000  -45.000  -38.000 0.0000000000
-1  15.000  -45.000  -38.000 0.0000000000
-1  14.000  -45.000  -38.000 0.0000000000
-1  13.000  -45.000  -38.000 0.0000000000
-1  31.000  -45.000  -39.000 0.0000000000
-1  30.000  -45.000  -39.000 0.0000000000
-1  29.000  -45.000  -39.000 0.0000000000
-1  28.000  -45.000  -39.000 0.0000000000
-1  27.000  -45.000  -39.000 0.0000000000
-1  26.000  -45.000  -39.000 0.0000000000
-1  25.000  -45.000  -39.000 0.0000000000
-1  24.000  -45.000  -39.000 0.0000000000
-1  23.000  -45.000  -39.000 0.0000000000
-1  22.000  -45.000  -39.000 0.0000000000
-1  21.000  -45.000  -39.000 0.0000000000
-1  20.000  -45.000  -39.000 0.0000000000
-1  19.000  -45.000  -39.000 0.0000000000
-1  18.000  -45.000  -39.000 0.0000000000
-1  17.000  -45.000  -39.000 0.0000000000
-1  16.000  -45.000  -39.000 0.0000000000
-1  15.000  -45.000  -39.000 0.0000000000
-1  14.000  -45.000  -39.000 0.0000000000
-1  32.000  -45.000  -40.000 0.0000000000
-1  31.000  -45.000  -40.000 0.0000000000
-1  30.000  -45.000  -40.000 0.0000000000
-1  29.000  -45.000  -40.000 0.0000000000
-1  28.000  -45.000  -40.000 0.0000000000
-1  27.000  -45.000  -40.000 0.0000000000
-1  26.000  -45.000  -40.000 0.0000000000
-1  25.000  -45.000  -40.000 0.0000000000
-1  24.000  -45.000  -40.000 0.0000000000
-1  23.000  -45.000  -40.000 0.0000000000
-1  22.000  -45.000  -40.000 0.0000000000
-1  21.000  -45.000  -40.000 0.0000000000
-1  20.000  -45.000  -40.000 0.0000000000
-1  19.000  -45.000  -40.000 0.0000000000
-1  18.000  -45.000  -40.000 0.0000000000
-1  17.000  -45.000  -40.000 0.0000000000
-1  16.000  -45.000  -40.000 0.0000000000
-1  15.000  -45.000  -40.000 0.0000000000
-1  14.000  -45.000  -40.000 0.0000000000
-1  31.000  -45.000  -41.000 0.0000000000
-1  30.000  -45.000  -41.000 0.0000000000
-1  29.000  -45.000  -41.000 0.0000000000
-1  28.000  -45.000  -41.000 0.0000000000
-1  27.000  -45.000  -41.000 0.0000000000
-1  26.000  -45.000  -41.000 0.0000000000
-1  25.000  -45.000  -41.000 0.0000000000
-1  24.000  -45.000  -41.000 0.0000000000
-1  23.000  -45.000  -41.000 0.0000000000
-1  22.000  -45.000  -41.000 0.0000000000
-1  21.000  -45.000  -41.000 0.0000000000
-1  20.000  -45.000  -41.000 0.0000000000
-1  19.000  -45.000  -41.000 0.0000000000
-1  18.000  -45.000  -41.000 0.0000000000
-1  17.000  -45.000  -41.000 0.0000000000
-1  16.000  -45.000  -41.000 0.0000000000
-1  15.000  -45.000  -41.000 0.0000000000
-1  14.000  -45.000  -41.000 0.0000000000
-1  32.000  -45.000  -42.000 0.0000000000
-1  31.000  -45.000  -42.000 0.0000000000
-1  30.000  -45.000  -42.000 0.0000000000
-1  29.000  -45.000  -42.000 0.0000000000
-1  28.000  -45.000  -42.000 0.0000000000
-1  27.000  -45.000  -42.000 0.0000000000
-1  26.000  -45.000  -42.000 0.0000000000
-1  25.000  -45.000  -42.000 0.0000000000
-1  24.000  -45.000  -42.000 0.0000000000
-1  23.000  -45.000  -42.000 0.0000000000
-1  22.000  -45.000  -42.000 0.0000000000
-1  21.000  -45.000  -42.000 0.0000000000
-1  20.000  -45.000  -42.000 0.0000000000
-1  19.000  -45.000  -42.000 0.0000000000
-1  18.000  -45.000  -42.000 0.0000000000
-1  17.000  -45.000  -42.000 0.0000000000
-1  16.000  -45.000  -42.000 0.0000000000
-1  15.000  -45.000  -42.000 0.0000000000
-1  32.000  -45.000  -43.000 0.0000000000
-1  31.000  -45.000  -43.000 0.0000000000
-1  30.000  -45.000  -43.000 0.0000000000
-1  29.000  -45.000  -43.000 0.0000000000
-1  28.000  -45.000  -43.000 0.0000000000
-1  27.000  -45.000  -43.000 0.0000000000
-1  26.000  -45.000  -43.000 0.0000000000
-1  25.000  -45.000  -43.000 0.0000000000
-1  24.000  -45.000  -43.000 0.0000000000
-1  23.000  -45.000  -43.000 0.0000000000
-1  22.000  -45.000  -43.000 0.0000000000
-1  21.000  -45.000  -43.000 0.0000000000
-1  20.000  -45.000  -43.000 0.0000000000
-1  19.000  -45.000  -43.000 0.0000000000
-1  18.000  -45.000  -43.000 0.0000000000
-1  17.000  -45.000  -43.000 0.0000000000
-1  16.000  -45.000  -43.000 0.0000000000
-1  15.000  -45.000  -43.000 0.0000000000
-1  29.000  -45.000  -44.000 0.0000000000
-1  28.000  -45.000  -44.000 0.0000000000
-1  27.000  -45.000  -44.000 0.0000000000
-1  26.000  -45.000  -44.000 0.0000000000
-1  25.000  -45.000  -44.000 0.0000000000
-1  24.000  -45.000  -44.000 0.0000000000
-1  23.000  -45.000  -44.000 0.0000000000
-1  22.000  -45.000  -44.000 0.0000000000
-1  21.000  -45.000  -44.000 0.0000000000
-1  20.000  -45.000  -44.000 0.0000000000
-1  19.000  -45.000  -44.000 0.0000000000
-1  18.000  -45.000  -44.000 0.0000000000
-1  17.000  -45.000  -44.000 0.0000000000
-1  16.000  -45.000  -44.000 0.0000000000
-1  15.000  -44.000  -25.000 0.0000000000
-1  16.000  -44.000  -26.000 0.0000000000
-1  15.000  -44.000  -26.000 0.0000000000
-1  19.000  -44.000  -27.000 0.0000000000
-1  18.000  -44.000  -27.000 0.0000000000
-1  17.000  -44.000  -27.000 0.0000000000
-1  16.000  -44.000  -27.000 0.0000000000
-1  15.000  -44.000  -27.000 0.0000000000
-1  14.000  -44.000  -27.000 0.0000000000
-1  20.000  -44.000  -28.000 0.0000000000
-1  19.000  -44.000  -28.000 0.0000000000
-1  18.000  -44.000  -28.000 0.0000000000
-1  17.000  -44.000  -28.000 0.0000000000
-1  16.000  -44.000  -28.000 0.0000000000
-1  15.000  -44.000  -28.000 0.0000000000
-1  14.000  -44.000  -28.000 0.0000000000
-1  22.000  -44.000  -29.000 0.0000000000
-1  21.000  -44.000  -29.000 0.0000000000
-1  20.000  -44.000  -29.000 0.0000000000
-1  19.000  -44.000  -29.000 0.0000000000
-1  18.000  -44.000  -29.000 0.0000000000
-1  17.000  -44.000  -29.000 0.0000000000
-1  16.000  -44.000  -29.000 0.0000000000
-1  15.000  -44.000  -29.000 0.0000000000
-1  14.000  -44.000  -29.000 0.0000000000
-1  24.000  -44.000  -30.000 0.0000000000
-1  23.000  -44.000  -30.000 0.0000000000
-1  22.000  -44.000  -30.000 0.0000000000
-1  21.000  -44.000  -30.000 0.0000000000
-1  20.000  -44.000  -30.000 0.0000000000
-1  19.000  -44.000  -30.000 0.0000000000
-1  18.000  -44.000  -30.000 0.0000000000
-1  17.000  -44.000  -30.000 0.0000000000
-1  16.000  -44.000  -30.000 0.0000000000
-1  15.000  -44.000  -30.000 0.0000000000
-1  14.000  -44.000  -30.000 0.0000000000
-1  13.000  -44.000  -30.000 0.0000000000
-1  25.000  -44.000  -31.000 0.0000000000
-1  24.000  -44.000  -31.000 0.0000000000
-1  23.000  -44.000  -31.000 0.0000000000
-1  22.000  -44.000  -31.000 0.0000000000
-1  21.000  -44.000  -31.000 0.0000000000
-1  20.000  -44.000  -31.000 0.0000000000
-1  19.000  -44.000  -31.000 0.0000000000
-1  18.000  -44.000  -31.000 0.0000000000
-1  17.000  -44.000  -31.000 0.0000000000
-1  16.000  -44.000  -31.000 0.0000000000
-1  15.000  -44.000  -31.000 0.0000000000
-1  14.000  -44.000  -31.000 0.0000000000
-1  13.000  -44.000  -31.000 0.0000000000
-1  12.000  -44.000  -31.000 0.0000000000
-1  26.000  -44.000  -32.000 0.0000000000
-1  25.000  -44.000  -32.000 0.0000000000
-1  24.000  -44.000  -32.000 0.0000000000
-1  23.000  -44.000  -32.000 0.0000000000
-1  22.000  -44.000  -32.000 0.0000000000
-1  21.000  -44.000  -32.000 0.0000000000
-1  20.000  -44.000  -32.000 0.0000000000
-1  19.000  -44.000  -32.000 0.0000000000
-1  18.000  -44.000  -32.000 0.0000000000
-1  17.000  -44.000  -32.000 0.0000000000
-1  16.000  -44.000  -32.000 0.0000000000
-1  15.000  -44.000  -32.000 0.0000000000
-1  14.000  -44.000  -32.000 0.0000000000
-1  13.000  -44.000  -32.000 0.0000000000
-1  12.000  -44.000  -32.000 0.0000000000
-1  28.000  -44.000  -33.000 0.0000000000
-1  27.000  -44.000  -33.000 0.0000000000
-1  26.000  -44.000  -33.000 0.0000000000
-1  25.000  -44.000  -33.000 0.0000000000
-1  24.000  -44.000  -33.000 0.0000000000
-1  23.000  -44.000  -33.000 0.0000000000
-1  22.000  -44.000  -33.000 0.0000000000
-1  21.000  -44.000  -33.000 0.0000000000
-1  20.000  -44.000  -33.000 0.0000000000
-1  19.000  -44.000  -33.000 0.0000000000
-1  18.000  -44.000  -33.000 0.0000000000
-1  17.000  -44.000  -33.000 0.0000000000
-1  16.000  -44.000  -33.000 0.0000000000
-1  15.000  -44.000  -33.000 0.0000000000
-1  14.000  -44.000  -33.000 0.0000000000
-1  13.000  -44.000  -33.000 0.0000000000
-1  29.000  -44.000  -34.000 0.0000000000
-1  28.000  -44.000  -34.000 0.0000000000
-1  27.000  -44.000  -34.000 0.0000000000
-1  26.000  -44.000  -34.000 0.0000000000
-1  25.000  -44.000  -34.000 0.0000000000
-1  24.000  -44.000  -34.000 0.0000000000
-1  23.000  -44.000  -34.000 0.0000000000
-1  22.000  -44.000  -34.000 0.0000000000
-1  21.000  -44.000  -34.000 0.0000000000
-1  20.000  -44.000  -34.000 0.0000000000
-1  19.000  -44.000  -34.000 0.0000000000
-1  18.000  -44.000  -34.000 0.0000000000
-1  17.000  -44.000  -34.000 0.0000000000
-1  16.000  -44.000  -34.000 0.0000000000
-1  15.000  -44.000  -34.000 0.0000000000
-1  14.000  -44.000  -34.000 0.0000000000
-1  13.000  -44.000  -34.000 0.0000000000
-1  29.000  -44.000  -35.000 0.0000000000
-1  28.000  -44.000  -35.000 0.0000000000
-1  27.000  -44.000  -35.000 0.0000000000
-1  26.000  -44.000  -35.000 0.0000000000
-1  25.000  -44.000  -35.000 0.0000000000
-1  24.000  -44.000  -35.000 0.0000000000
-1  23.000  -44.000  -35.000 0.0000000000
-1  22.000  -44.000  -35.000 0.0000000000
-1  21.000  -44.000  -35.000 0.0000000000
-1  20.000  -44.000  -35.000 0.0000000000
-1  19.000  -44.000  -35.000 0.0000000000
-1  18.000  -44.000  -35.000 0.0000000000
-1  17.000  -44.000  -35.000 0.0000000000
-1  16.000  -44.000  -35.000 0.0000000000
-1  15.000  -44.000  -35.000 0.0000000000
-1  14.000  -44.000  -35.000 0.0000000000
-1  13.000  -44.000  -35.000 0.0000000000
-1  30.000  -44.000  -36.000 0.0000000000
-1  29.000  -44.000  -36.000 0.0000000000
-1  28.000  -44.000  -36.000 0.0000000000
-1  27.000  -44.000  -36.000 0.0000000000
-1  26.000  -44.000  -36.000 0.0000000000
-1  25.000  -44.000  -36.000 0.0000000000
-1  24.000  -44.000  -36.000 0.0000000000
-1  23.000  -44.000  -36.000 0.0000000000
-1  22.000  -44.000  -36.000 0.0000000000
-1  21.000  -44.000  -36.000 0.0000000000
-1  20.000  -44.000  -36.000 0.0000000000
-1  19.000  -44.000  -36.000 0.0000000000
-1  18.000  -44.000  -36.000 0.0000000000
-1  17.000  -44.000  -36.000 0.0000000000
-1  16.000  -44.000  -36.000 0.0000000000
-1  15.000  -44.000  -36.000 0.0000000000
-1  14.000  -44.000  -36.000 0.0000000000
-1  13.000  -44.000  -36.000 0.0000000000
-1  31.000  -44.000  -37.000 0.0000000000
-1  30.000  -44.000  -37.000 0.0000000000
-1  29.000  -44.000  -37.000 0.0000000000
-1  28.000  -44.000  -37.000 0.0000000000
-1  27.000  -44.000  -37.000 0.0000000000
-1  26.000  -44.000  -37.000 0.0000000000
-1  25.000  -44.000  -37.000 0.0000000000
-1  24.000  -44.000  -37.000 0.0000000000
-1  23.000  -44.000  -37.000 0.0000000000
-1  22.000  -44.000  -37.000 0.0000000000
-1  21.000  -44.000  -37.000 0.0000000000
-1  20.000  -44.000  -37.000 0.0000000000
-1  19.000  -44.000  -37.000 0.0000000000
-1  18.000  -44.000  -37.000 0.0000000000
-1  17.000  -44.000  -37.000 0.0000000000
-1  16.000  -44.000  -37.000 0.0000000000
-1  15.000  -44.000  -37.000 0.0000000000
-1  14.000  -44.000  -37.000 0.0000000000
-1  31.000  -44.000  -38.000 0.0000000000
-1  30.000  -44.000  -38.000 0.0000000000
-1  29.000  -44.000  -38.000 0.0000000000
-1  28.000  -44.000  -38.000 0.0000000000
-1  27.000  -44.000  -38.000 0.0000000000
-1  26.000  -44.000  -38.000 0.0000000000
-1  25.000  -44.000  -38.000 0.0000000000
-1  24.000  -44.000  -38.000 0.0000000000
-1  23.000  -44.000  -38.000 0.0000000000
-1  22.000  -44.000  -38.000 0.0000000000
-1  21.000  -44.000  -38.000 0.0000000000
-1  20.000  -44.000  -38.000 0.0000000000
-1  19.000  -44.000  -38.000 0.0000000000
-1  18.000  -44.000  -38.000 0.0000000000
-1  17.000  -44.000  -38.000 0.0000000000
-1  16.000  -44.000  -38.000 0.0000000000
-1  15.000  -44.000  -38.000 0.0000000000
-1  14.000  -44.000  -38.000 0.0000000000
-1  31.000  -44.000  -39.000 0.0000000000
-1  30.000  -44.000  -39.000 0.0000000000
-1  29.000  -44.000  -39.000 0.0000000000
-1  28.000  -44.000  -39.000 0.0000000000
-1  27.000  -44.000  -39.000 0.0000000000
-1  26.000  -44.000  -39.000 0.0000000000
-1  25.000  -44.000  -39.000 0.0000000000
-1  24.000  -44.000  -39.000 0.0000000000
-1  23.000  -44.000  -39.000 0.0000000000
-1  22.000  -44.000  -39.000 0.0000000000
-1  21.000  -44.000  -39.000 0.0000000000
-1  20.000  -44.000  -39.000 0.0000000000
-1  19.000  -44.000  -39.000 0.0000000000
-1  18.000  -44.000  -39.000 0.0000000000
-1  17.000  -44.000  -39.000 0.0000000000
-1  16.000  -44.000  -39.000 0.0000000000
-1  15.000  -44.000  -39.000 0.0000000000
-1  14.000  -44.000  -39.000 0.0000000000
-1  31.000  -44.000  -40.000 0.0000000000
-1  30.000  -44.000  -40.000 0.0000000000
-1  29.000  -44.000  -40.000 0.0000000000
-1  28.000  -44.000  -40.000 0.0000000000
-1  27.000  -44.000  -40.000 0.0000000000
-1  26.000  -44.000  -40.000 0.0000000000
-1  25.000  -44.000  -40.000 0.0000000000
-1  24.000  -44.000  -40.000 0.0000000000
-1  23.000  -44.000  -40.000 0.0000000000
-1  22.000  -44.000  -40.000 0.0000000000
-1  21.000  -44.000  -40.000 0.0000000000
-1  20.000  -44.000  -40.000 0.0000000000
-1  19.000  -44.000  -40.000 0.0000000000
-1  18.000  -44.000  -40.000 0.0000000000
-1  17.000  -44.000  -40.000 0.0000000000
-1  16.000  -44.000  -40.000 0.0000000000
-1  15.000  -44.000  -40.000 0.0000000000
-1  14.000  -44.000  -40.000 0.0000000000
-1  30.000  -44.000  -41.000 0.0000000000
-1  29.000  -44.000  -41.000 0.0000000000
-1  28.000  -44.000  -41.000 0.0000000000
-1  27.000  -44.000  -41.000 0.0000000000
-1  26.000  -44.000  -41.000 0.0000000000
-1  25.000  -44.000  -41.000 0.0000000000
-1  24.000  -44.000  -41.000 0.0000000000
-1  23.000  -44.000  -41.000 0.0000000000
-1  22.000  -44.000  -41.000 0.0000000000
-1  21.000  -44.000  -41.000 0.0000000000
-1  20.000  -44.000  -41.000 0.0000000000
-1  19.000  -44.000  -41.000 0.0000000000
-1  18.000  -44.000  -41.000 0.0000000000
-1  17.000  -44.000  -41.000 0.0000000000
-1  16.000  -44.000  -41.000 0.0000000000
-1  15.000  -44.000  -41.000 0.0000000000
-1  14.000  -44.000  -41.000 0.0000000000
-1  29.000  -44.000  -42.000 0.0000000000
-1  28.000  -44.000  -42.000 0.0000000000
-1  27.000  -44.000  -42.000 0.0000000000
-1  26.000  -44.000  -42.000 0.0000000000
-1  25.000  -44.000  -42.000 0.0000000000
-1  24.000  -44.000  -42.000 0.0000000000
-1  23.000  -44.000  -42.000 0.0000000000
-1  22.000  -44.000  -42.000 0.0000000000
-1  21.000  -44.000  -42.000 0.0000000000
-1  20.000  -44.000  -42.000 0.0000000000
-1  19.000  -44.000  -42.000 0.0000000000
-1  18.000  -44.000  -42.000 0.0000000000
-1  17.000  -44.000  -42.000 0.0000000000
-1  16.000  -44.000  -42.000 0.0000000000
-1  15.000  -44.000  -42.000 0.0000000000
-1  29.000  -44.000  -43.000 0.0000000000
-1  28.000  -44.000  -43.000 0.0000000000
-1  27.000  -44.000  -43.000 0.0000000000
-1  26.000  -44.000  -43.000 0.0000000000
-1  25.000  -44.000  -43.000 0.0000000000
-1  24.000  -44.000  -43.000 0.0000000000
-1  23.000  -44.000  -43.000 0.0000000000
-1  22.000  -44.000  -43.000 0.0000000000
-1  21.000  -44.000  -43.000 0.0000000000
-1  20.000  -44.000  -43.000 0.0000000000
-1  19.000  -44.000  -43.000 0.0000000000
-1  18.000  -44.000  -43.000 0.0000000000
-1  17.000  -44.000  -43.000 0.0000000000
-1  16.000  -44.000  -43.000 0.0000000000
-1  15.000  -44.000  -43.000 0.0000000000
-1  26.000  -44.000  -44.000 0.0000000000
-1  17.000  -43.000  -26.000 0.0000000000
-1  16.000  -43.000  -26.000 0.0000000000
-1  15.000  -43.000  -26.000 0.0000000000
-1  18.000  -43.000  -27.000 0.0000000000
-1  17.000  -43.000  -27.000 0.0000000000
-1  16.000  -43.000  -27.000 0.0000000000
-1  15.000  -43.000  -27.000 0.0000000000
-1  20.000  -43.000  -28.000 0.0000000000
-1  19.000  -43.000  -28.000 0.0000000000
-1  18.000  -43.000  -28.000 0.0000000000
-1  17.000  -43.000  -28.000 0.0000000000
-1  16.000  -43.000  -28.000 0.0000000000
-1  15.000  -43.000  -28.000 0.0000000000
-1  14.000  -43.000  -28.000 0.0000000000
-1  21.000  -43.000  -29.000 0.0000000000
-1  20.000  -43.000  -29.000 0.0000000000
-1  19.000  -43.000  -29.000 0.0000000000
-1  18.000  -43.000  -29.000 0.0000000000
-1  17.000  -43.000  -29.000 0.0000000000
-1  16.000  -43.000  -29.000 0.0000000000
-1  15.000  -43.000  -29.000 0.0000000000
-1  14.000  -43.000  -29.000 0.0000000000
-1  24.000  -43.000  -30.000 0.0000000000
-1  23.000  -43.000  -30.000 0.0000000000
-1  22.000  -43.000  -30.000 0.0000000000
-1  21.000  -43.000  -30.000 0.0000000000
-1  20.000  -43.000  -30.000 0.0000000000
-1  19.000  -43.000  -30.000 0.0000000000
-1  18.000  -43.000  -30.000 0.0000000000
-1  17.000  -43.000  -30.000 0.0000000000
-1  16.000  -43.000  -30.000 0.0000000000
-1  15.000  -43.000  -30.000 0.0000000000
-1  14.000  -43.000  -30.000 0.0000000000
-1  25.000  -43.000  -31.000 0.0000000000
-1  24.000  -43.000  -31.000 0.0000000000
-1  23.000  -43.000  -31.000 0.0000000000
-1  22.000  -43.000  -31.000 0.0000000000
-1  21.000  -43.000  -31.000 0.0000000000
-1  20.000  -43.000  -31.000 0.0000000000
-1  19.000  -43.000  -31.000 0.0000000000
-1  18.000  -43.000  -31.000 0.0000000000
-1  17.000  -43.000  -31.000 0.0000000000
-1  16.000  -43.000  -31.000 0.0000000000
-1  15.000  -43.000  -31.000 0.0000000000
-1  14.000  -43.000  -31.000 0.0000000000
-1  13.000  -43.000  -31.000 0.0000000000
-1  12.000  -43.000  -31.000 0.0000000000
-1  26.000  -43.000  -32.000 0.0000000000
-1  25.000  -43.000  -32.000 0.0000000000
-1  24.000  -43.000  -32.000 0.0000000000
-1  23.000  -43.000  -32.000 0.0000000000
-1  22.000  -43.000  -32.000 0.0000000000
-1  21.000  -43.000  -32.000 0.0000000000
-1  20.000  -43.000  -32.000 0.0000000000
-1  19.000  -43.000  -32.000 0.0000000000
-1  18.000  -43.000  -32.000 0.0000000000
-1  17.000  -43.000  -32.000 0.0000000000
-1  16.000  -43.000  -32.000 0.0000000000
-1  15.000  -43.000  -32.000 0.0000000000
-1  14.000  -43.000  -32.000 0.0000000000
-1  13.000  -43.000  -32.000 0.0000000000
-1  27.000  -43.000  -33.000 0.0000000000
-1  26.000  -43.000  -33.000 0.0000000000
-1  25.000  -43.000  -33.000 0.0000000000
-1  24.000  -43.000  -33.000 0.0000000000
-1  23.000  -43.000  -33.000 0.0000000000
-1  22.000  -43.000  -33.000 0.0000000000
-1  21.000  -43.000  -33.000 0.0000000000
-1  20.000  -43.000  -33.000 0.0000000000
-1  19.000  -43.000  -33.000 0.0000000000
-1  18.000  -43.000  -33.000 0.0000000000
-1  17.000  -43.000  -33.000 0.0000000000
-1  16.000  -43.000  -33.000 0.0000000000
-1  15.000  -43.000  -33.000 0.0000000000
-1  14.000  -43.000  -33.000 0.0000000000
-1  13.000  -43.000  -33.000 0.0000000000
-1  28.000  -43.000  -34.000 0.0000000000
-1  27.000  -43.000  -34.000 0.0000000000
-1  26.000  -43.000  -34.000 0.0000000000
-1  25.000  -43.000  -34.000 0.0000000000
-1  24.000  -43.000  -34.000 0.0000000000
-1  23.000  -43.000  -34.000 0.0000000000
-1  22.000  -43.000  -34.000 0.0000000000
-1  21.000  -43.000  -34.000 0.0000000000
-1  20.000  -43.000  -34.000 0.0000000000
-1  19.000  -43.000  -34.000 0.0000000000
-1  18.000  -43.000  -34.000 0.0000000000
-1  17.000  -43.000  -34.000 0.0000000000
-1  16.000  -43.000  -34.000 0.0000000000
-1  15.000  -43.000  -34.000 0.0000000000
-1  14.000  -43.000  -34.000 0.0000000000
-1  13.000  -43.000  -34.000 0.0000000000
-1  29.000  -43.000  -35.000 0.0000000000
-1  28.000  -43.000  -35.000 0.0000000000
-1  27.000  -43.000  -35.000 0.0000000000
-1  26.000  -43.000  -35.000 0.0000000000
-1  25.000  -43.000  -35.000 0.0000000000
-1  24.000  -43.000  -35.000 0.0000000000
-1  23.000  -43.000  -35.000 0.0000000000
-1  22.000  -43.000  -35.000 0.0000000000
-1  21.000  -43.000  -35.000 0.0000000000
-1  20.000  -43.000  -35.000 0.0000000000
-1  19.000  -43.000  -35.000 0.0000000000
-1  18.000  -43.000  -35.000 0.0000000000
-1  17.000  -43.000  -35.000 0.0000000000
-1  16.000  -43.000  -35.000 0.0000000000
-1  15.000  -43.000  -35.000 0.0000000000
-1  14.000  -43.000  -35.000 0.0000000000
-1  29.000  -43.000  -36.000 0.0000000000
-1  28.000  -43.000  -36.000 0.0000000000
-1  27.000  -43.000  -36.000 0.0000000000
-1  26.000  -43.000  -36.000 0.0000000000
-1  25.000  -43.000  -36.000 0.0000000000
-1  24.000  -43.000  -36.000 0.0000000000
-1  23.000  -43.000  -36.000 0.0000000000
-1  22.000  -43.000  -36.000 0.0000000000
-1  21.000  -43.000  -36.000 0.0000000000
-1  20.000  -43.000  -36.000 0.0000000000
-1  19.000  -43.000  -36.000 0.0000000000
-1  18.000  -43.000  -36.000 0.0000000000
-1  17.000  -43.000  -36.000 0.0000000000
-1  16.000  -43.000  -36.000 0.0000000000
-1  15.000  -43.000  -36.000 0.0000000000
-1  14.000  -43.000  -36.000 0.0000000000
-1  30.000  -43.000  -37.000 0.0000000000
-1  29.000  -43.000  -37.000 0.0000000000
-1  28.000  -43.000  -37.000 0.0000000000
-1  27.000  -43.000  -37.000 0.0000000000
-1  26.000  -43.000  -37.000 0.0000000000
-1  25.000  -43.000  -37.000 0.0000000000
-1  24.000  -43.000  -37.000 0.0000000000
-1  23.000  -43.000  -37.000 0.0000000000
-1  22.000  -43.000  -37.000 0.0000000000
-1  21.000  -43.000  -37.000 0.0000000000
-1  20.000  -43.000  -37.000 0.0000000000
-1  19.000  -43.000  -37.000 0.0000000000
-1  18.000  -43.000  -37.000 0.0000000000
-1  17.000  -43.000  -37.000 0.0000000000
-1  16.000  -43.000  -37.000 0.0000000000
-1  15.000  -43.000  -37.000 0.0000000000
-1  14.000  -43.000  -37.000 0.0000000000
-1  30.000  -43.000  -38.000 0.0000000000
-1  29.000  -43.000  -38.000 0.0000000000
-1  28.000  -43.000  -38.000 0.0000000000
-1  27.000  -43.000  -38.000 0.0000000000
-1  26.000  -43.000  -38.000 0.0000000000
-1  25.000  -43.000  -38.000 0.0000000000
-1  24.000  -43.000  -38.000 0.0000000000
-1  23.000  -43.000  -38.000 0.0000000000
-1  22.000  -43.000  -38.000 0.0000000000
-1  21.000  -43.000  -38.000 0.0000000000
-1  20.000  -43.000  -38.000 0.0000000000
-1  19.000  -43.000  -38.000 0.0000000000
-1  18.000  -43.000  -38.000 0.0000000000
-1  17.000  -43.000  -38.000 0.0000000000
-1  16.000  -43.000  -38.000 0.0000000000
-1  15.000  -43.000  -38.000 0.0000000000
-1  14.000  -43.000  -38.000 0.0000000000
-1  31.000  -43.000  -39.000 0.0000000000
-1  30.000  -43.000  -39.000 0.0000000000
-1  29.000  -43.000  -39.000 0.0000000000
-1  28.000  -43.000  -39.000 0.0000000000
-1  27.000  -43.000  -39.000 0.0000000000
-1  26.000  -43.000  -39.000 0.0000000000
-1  25.000  -43.000  -39.000 0.0000000000
-1  24.000  -43.000  -39.000 0.0000000000
-1  23.000  -43.000  -39.000 0.0000000000
-1  22.000  -43.000  -39.000 0.0000000000
-1  21.000  -43.000  -39.000 0.0000000000
-1  20.000  -43.000  -39.000 0.0000000000
-1  19.000  -43.000  -39.000 0.0000000000
-1  18.000  -43.000  -39.000 0.0000000000
-1  17.000  -43.000  -39.000 0.0000000000
-1  16.000  -43.000  -39.000 0.0000000000
-1  15.000  -43.000  -39.000 0.0000000000
-1  29.000  -43.000  -40.000 0.0000000000
-1  28.000  -43.000  -40.000 0.0000000000
-1  27.000  -43.000  -40.000 0.0000000000
-1  26.000  -43.000  -40.000 0.0000000000
-1  25.000  -43.000  -40.000 0.0000000000
-1  24.000  -43.000  -40.000 0.0000000000
-1  23.000  -43.000  -40.000 0.0000000000
-1  22.000  -43.000  -40.000 0.0000000000
-1  21.000  -43.000  -40.000 0.0000000000
-1  20.000  -43.000  -40.000 0.0000000000
-1  19.000  -43.000  -40.000 0.0000000000
-1  18.000  -43.000  -40.000 0.0000000000
-1  17.000  -43.000  -40.000 0.0000000000
-1  16.000  -43.000  -40.000 0.0000000000
-1  15.000  -43.000  -40.000 0.0000000000
-1  14.000  -43.000  -40.000 0.0000000000
-1  29.000  -43.000  -41.000 0.0000000000
-1  28.000  -43.000  -41.000 0.0000000000
-1  27.000  -43.000  -41.000 0.0000000000
-1  26.000  -43.000  -41.000 0.0000000000
-1  25.000  -43.000  -41.000 0.0000000000
-1  24.000  -43.000  -41.000 0.0000000000
-1  23.000  -43.000  -41.000 0.0000000000
-1  22.000  -43.000  -41.000 0.0000000000
-1  21.000  -43.000  -41.000 0.0000000000
-1  20.000  -43.000  -41.000 0.0000000000
-1  19.000  -43.000  -41.000 0.0000000000
-1  18.000  -43.000  -41.000 0.0000000000
-1  17.000  -43.000  -41.000 0.0000000000
-1  16.000  -43.000  -41.000 0.0000000000
-1  15.000  -43.000  -41.000 0.0000000000
-1  14.000  -43.000  -41.000 0.0000000000
-1  27.000  -43.000  -42.000 0.0000000000
-1  26.000  -43.000  -42.000 0.0000000000
-1  25.000  -43.000  -42.000 0.0000000000
-1  24.000  -43.000  -42.000 0.0000000000
-1  23.000  -43.000  -42.000 0.0000000000
-1  22.000  -43.000  -42.000 0.0000000000
-1  21.000  -43.000  -42.000 0.0000000000
-1  20.000  -43.000  -42.000 0.0000000000
-1  19.000  -43.000  -42.000 0.0000000000
-1  18.000  -43.000  -42.000 0.0000000000
-1  17.000  -43.000  -42.000 0.0000000000
-1  16.000  -43.000  -42.000 0.0000000000
-1  15.000  -43.000  -42.000 0.0000000000
-1  24.000  -43.000  -43.000 0.0000000000
-1  23.000  -43.000  -43.000 0.0000000000
-1  22.000  -43.000  -43.000 0.0000000000
-1  21.000  -43.000  -43.000 0.0000000000
-1  18.000  -43.000  -43.000 0.0000000000
-1  17.000  -43.000  -43.000 0.0000000000
-1  16.000  -43.000  -43.000 0.0000000000
-1  15.000  -43.000  -43.000 0.0000000000
-1  16.000  -43.000  -44.000 0.0000000000
-1  17.000  -42.000  -27.000 0.0000000000
-1  16.000  -42.000  -27.000 0.0000000000
-1  20.000  -42.000  -28.000 0.0000000000
-1  19.000  -42.000  -28.000 0.0000000000
-1  18.000  -42.000  -28.000 0.0000000000
-1  17.000  -42.000  -28.000 0.0000000000
-1  16.000  -42.000  -28.000 0.0000000000
-1  15.000  -42.000  -28.000 0.0000000000
-1  22.000  -42.000  -29.000 0.0000000000
-1  21.000  -42.000  -29.000 0.0000000000
-1  20.000  -42.000  -29.000 0.0000000000
-1  19.000  -42.000  -29.000 0.0000000000
-1  18.000  -42.000  -29.000 0.0000000000
-1  17.000  -42.000  -29.000 0.0000000000
-1  16.000  -42.000  -29.000 0.0000000000
-1  15.000  -42.000  -29.000 0.0000000000
-1  23.000  -42.000  -30.000 0.0000000000
-1  22.000  -42.000  -30.000 0.0000000000
-1  21.000  -42.000  -30.000 0.0000000000
-1  20.000  -42.000  -30.000 0.0000000000
-1  19.000  -42.000  -30.000 0.0000000000
-1  18.000  -42.000  -30.000 0.0000000000
-1  17.000  -42.000  -30.000 0.0000000000
-1  16.000  -42.000  -30.000 0.0000000000
-1  15.000  -42.000  -30.000 0.0000000000
-1  14.000  -42.000  -30.000 0.0000000000
-1  25.000  -42.000  -31.000 0.0000000000
-1  24.000  -42.000  -31.000 0.0000000000
-1  23.000  -42.000  -31.000 0.0000000000
-1  22.000  -42.000  -31.000 0.0000000000
-1  21.000  -42.000  -31.000 0.0000000000
-1  20.000  -42.000  -31.000 0.0000000000
-1  19.000  -42.000  -31.000 0.0000000000
-1  18.000  -42.000  -31.000 0.0000000000
-1  17.000  -42.000  -31.000 0.0000000000
-1  16.000  -42.000  -31.000 0.0000000000
-1  15.000  -42.000  -31.000 0.0000000000
-1  14.000  -42.000  -31.000 0.0000000000
-1  13.000  -42.000  -31.000 0.0000000000
-1  26.000  -42.000  -32.000 0.0000000000
-1  25.000  -42.000  -32.000 0.0000000000
-1  24.000  -42.000  -32.000 0.0000000000
-1  23.000  -42.000  -32.000 0.0000000000
-1  22.000  -42.000  -32.000 0.0000000000
-1  21.000  -42.000  -32.000 0.0000000000
-1  20.000  -42.000  -32.000 0.0000000000
-1  19.000  -42.000  -32.000 0.0000000000
-1  18.000  -42.000  -32.000 0.0000000000
-1  17.000  -42.000  -32.000 0.0000000000
-1  16.000  -42.000  -32.000 0.0000000000
-1  15.000  -42.000  -32.000 0.0000000000
-1  14.000  -42.000  -32.000 0.0000000000
-1  13.000  -42.000  -32.000 0.0000000000
-1  26.000  -42.000  -33.000 0.0000000000
-1  25.000  -42.000  -33.000 0.0000000000
-1  24.000  -42.000  -33.000 0.0000000000
-1  23.000  -42.000  -33.000 0.0000000000
-1  22.000  -42.000  -33.000 0.0000000000
-1  21.000  -42.000  -33.000 0.0000000000
-1  20.000  -42.000  -33.000 0.0000000000
-1  19.000  -42.000  -33.000 0.0000000000
-1  18.000  -42.000  -33.000 0.0000000000
-1  17.000  -42.000  -33.000 0.0000000000
-1  16.000  -42.000  -33.000 0.0000000000
-1  15.000  -42.000  -33.000 0.0000000000
-1  14.000  -42.000  -33.000 0.0000000000
-1  13.000  -42.000  -33.000 0.0000000000
-1  27.000  -42.000  -34.000 0.0000000000
-1  26.000  -42.000  -34.000 0.0000000000
-1  25.000  -42.000  -34.000 0.0000000000
-1  24.000  -42.000  -34.000 0.0000000000
-1  23.000  -42.000  -34.000 0.0000000000
-1  22.000  -42.000  -34.000 0.0000000000
-1  21.000  -42.000  -34.000 0.0000000000
-1  20.000  -42.000  -34.000 0.0000000000
-1  19.000  -42.000  -34.000 0.0000000000
-1  18.000  -42.000  -34.000 0.0000000000
-1  17.000  -42.000  -34.000 0.0000000000
-1  16.000  -42.000  -34.000 0.0000000000
-1  15.000  -42.000  -34.000 0.0000000000
-1  14.000  -42.000  -34.000 0.0000000000
-1  13.000  -42.000  -34.000 0.0000000000
-1  28.000  -42.000  -35.000 0.0000000000
-1  27.000  -42.000  -35.000 0.0000000000
-1  26.000  -42.000  -35.000 0.0000000000
-1  25.000  -42.000  -35.000 0.0000000000
-1  24.000  -42.000  -35.000 0.0000000000
-1  23.000  -42.000  -35.000 0.0000000000
-1  22.000  -42.000  -35.000 0.0000000000
-1  21.000  -42.000  -35.000 0.0000000000
-1  20.000  -42.000  -35.000 0.0000000000
-1  19.000  -42.000  -35.000 0.0000000000
-1  18.000  -42.000  -35.000 0.0000000000
-1  17.000  -42.000  -35.000 0.0000000000
-1  16.000  -42.000  -35.000 0.0000000000
-1  15.000  -42.000  -35.000 0.0000000000
-1  14.000  -42.000  -35.000 0.0000000000
-1  29.000  -42.000  -36.000 0.0000000000
-1  28.000  -42.000  -36.000 0.0000000000
-1  27.000  -42.000  -36.000 0.0000000000
-1  26.000  -42.000  -36.000 0.0000000000
-1  25.000  -42.000  -36.000 0.0000000000
-1  24.000  -42.000  -36.000 0.0000000000
-1  23.000  -42.000  -36.000 0.0000000000
-1  22.000  -42.000  -36.000 0.0000000000
-1  21.000  -42.000  -36.000 0.0000000000
-1  20.000  -42.000  -36.000 0.0000000000
-1  19.000  -42.000  -36.000 0.0000000000
-1  18.000  -42.000  -36.000 0.0000000000
-1  17.000  -42.000  -36.000 0.0000000000
-1  16.000  -42.000  -36.000 0.0000000000
-1  15.000  -42.000  -36.000 0.0000000000
-1  14.000  -42.000  -36.000 0.0000000000
-1  29.000  -42.000  -37.000 0.0000000000
-1  28.000  -42.000  -37.000 0.0000000000
-1  27.000  -42.000  -37.000 0.0000000000
-1  26.000  -42.000  -37.000 0.0000000000
-1  25.000  -42.000  -37.000 0.0000000000
-1  24.000  -42.000  -37.000 0.0000000000
-1  23.000  -42.000  -37.000 0.0000000000
-1  22.000  -42.000  -37.000 0.0000000000
-1  21.000  -42.000  -37.000 0.0000000000
-1  20.000  -42.000  -37.000 0.0000000000
-1  19.000  -42.000  -37.000 0.0000000000
-1  18.000  -42.000  -37.000 0.0000000000
-1  17.000  -42.000  -37.000 0.0000000000
-1  16.000  -42.000  -37.000 0.0000000000
-1  15.000  -42.000  -37.000 0.0000000000
-1  14.000  -42.000  -37.000 0.0000000000
-1  29.000  -42.000  -38.000 0.0000000000
-1  28.000  -42.000  -38.000 0.0000000000
-1  27.000  -42.000  -38.000 0.0000000000
-1  26.000  -42.000  -38.000 0.0000000000
-1  25.000  -42.000  -38.000 0.0000000000
-1  24.000  -42.000  -38.000 0.0000000000
-1  23.000  -42.000  -38.000 0.0000000000
-1  22.000  -42.000  -38.000 0.0000000000
-1  21.000  -42.000  -38.000 0.0000000000
-1  20.000  -42.000  -38.000 0.0000000000
-1  19.000  -42.000  -38.000 0.0000000000
-1  18.000  -42.000  -38.000 0.0000000000
-1  17.000  -42.000  -38.000 0.0000000000
-1  16.000  -42.000  -38.000 0.0000000000
-1  15.000  -42.000  -38.000 0.0000000000
-1  14.000  -42.000  -38.000 0.0000000000
-1  29.000  -42.000  -39.000 0.0000000000
-1  28.000  -42.000  -39.000 0.0000000000
-1  27.000  -42.000  -39.000 0.0000000000
-1  26.000  -42.000  -39.000 0.0000000000
-1  25.000  -42.000  -39.000 0.0000000000
-1  24.000  -42.000  -39.000 0.0000000000
-1  23.000  -42.000  -39.000 0.0000000000
-1  22.000  -42.000  -39.000 0.0000000000
-1  21.000  -42.000  -39.000 0.0000000000
-1  20.000  -42.000  -39.000 0.0000000000
-1  19.000  -42.000  -39.000 0.0000000000
-1  18.000  -42.000  -39.000 0.0000000000
-1  17.000  -42.000  -39.000 0.0000000000
-1  16.000  -42.000  -39.000 0.0000000000
-1  15.000  -42.000  -39.000 0.0000000000
-1  14.000  -42.000  -39.000 0.0000000000
-1  29.000  -42.000  -40.000 0.0000000000
-1  28.000  -42.000  -40.000 0.0000000000
-1  27.000  -42.000  -40.000 0.0000000000
-1  26.000  -42.000  -40.000 0.0000000000
-1  25.000  -42.000  -40.000 0.0000000000
-1  24.000  -42.000  -40.000 0.0000000000
-1  23.000  -42.000  -40.000 0.0000000000
-1  22.000  -42.000  -40.000 0.0000000000
-1  21.000  -42.000  -40.000 0.0000000000
-1  20.000  -42.000  -40.000 0.0000000000
-1  19.000  -42.000  -40.000 0.0000000000
-1  18.000  -42.000  -40.000 0.0000000000
-1  17.000  -42.000  -40.000 0.0000000000
-1  16.000  -42.000  -40.000 0.0000000000
-1  15.000  -42.000  -40.000 0.0000000000
-1  14.000  -42.000  -40.000 0.0000000000
-1  28.000  -42.000  -41.000 0.0000000000
-1  27.000  -42.000  -41.000 0.0000000000
-1  26.000  -42.000  -41.000 0.0000000000
-1  25.000  -42.000  -41.000 0.0000000000
-1  24.000  -42.000  -41.000 0.0000000000
-1  23.000  -42.000  -41.000 0.0000000000
-1  22.000  -42.000  -41.000 0.0000000000
-1  21.000  -42.000  -41.000 0.0000000000
-1  20.000  -42.000  -41.000 0.0000000000
-1  19.000  -42.000  -41.000 0.0000000000
-1  18.000  -42.000  -41.000 0.0000000000
-1  17.000  -42.000  -41.000 0.0000000000
-1  16.000  -42.000  -41.000 0.0000000000
-1  15.000  -42.000  -41.000 0.0000000000
-1  14.000  -42.000  -41.000 0.0000000000
-1  27.000  -42.000  -42.000 0.0000000000
-1  26.000  -42.000  -42.000 0.0000000000
-1  25.000  -42.000  -42.000 0.0000000000
-1  24.000  -42.000  -42.000 0.0000000000
-1  23.000  -42.000  -42.000 0.0000000000
-1  22.000  -42.000  -42.000 0.0000000000
-1  21.000  -42.000  -42.000 0.0000000000
-1  20.000  -42.000  -42.000 0.0000000000
-1  19.000  -42.000  -42.000 0.0000000000
-1  18.000  -42.000  -42.000 0.0000000000
-1  17.000  -42.000  -42.000 0.0000000000
-1  16.000  -42.000  -42.000 0.0000000000
-1  15.000  -42.000  -42.000 0.0000000000
-1  14.000  -42.000  -42.000 0.0000000000
-1  23.000  -42.000  -43.000 0.0000000000
-1  22.000  -42.000  -43.000 0.0000000000
-1  21.000  -42.000  -43.000 0.0000000000
-1  20.000  -42.000  -43.000 0.0000000000
-1  19.000  -42.000  -43.000 0.0000000000
-1  18.000  -42.000  -43.000 0.0000000000
-1  17.000  -42.000  -43.000 0.0000000000
-1  16.000  -42.000  -43.000 0.0000000000
-1  15.000  -42.000  -43.000 0.0000000000
-1  17.000  -42.000  -44.000 0.0000000000
-1  16.000  -42.000  -44.000 0.0000000000
-1  15.000  -42.000  -44.000 0.0000000000
-1  20.000  -41.000  -28.000 0.0000000000
-1  19.000  -41.000  -28.000 0.0000000000
-1  18.000  -41.000  -28.000 0.0000000000
-1  17.000  -41.000  -28.000 0.0000000000
-1  22.000  -41.000  -29.000 0.0000000000
-1  21.000  -41.000  -29.000 0.0000000000
-1  20.000  -41.000  -29.000 0.0000000000
-1  19.000  -41.000  -29.000 0.0000000000
-1  18.000  -41.000  -29.000 0.0000000000
-1  17.000  -41.000  -29.000 0.0000000000
-1  16.000  -41.000  -29.000 0.0000000000
-1  15.000  -41.000  -29.000 0.0000000000
-1  23.000  -41.000  -30.000 0.0000000000
-1  22.000  -41.000  -30.000 0.0000000000
-1  21.000  -41.000  -30.000 0.0000000000
-1  20.000  -41.000  -30.000 0.0000000000
-1  19.000  -41.000  -30.000 0.0000000000
-1  18.000  -41.000  -30.000 0.0000000000
-1  17.000  -41.000  -30.000 0.0000000000
-1  16.000  -41.000  -30.000 0.0000000000
-1  15.000  -41.000  -30.000 0.0000000000
-1  14.000  -41.000  -30.000 0.0000000000
-1  13.000  -41.000  -30.000 0.0000000000
-1  25.000  -41.000  -31.000 0.0000000000
-1  24.000  -41.000  -31.000 0.0000000000
-1  23.000  -41.000  -31.000 0.0000000000
-1  22.000  -41.000  -31.000 0.0000000000
-1  21.000  -41.000  -31.000 0.0000000000
-1  20.000  -41.000  -31.000 0.0000000000
-1  19.000  -41.000  -31.000 0.0000000000
-1  18.000  -41.000  -31.000 0.0000000000
-1  17.000  -41.000  -31.000 0.0000000000
-1  16.000  -41.000  -31.000 0.0000000000
-1  15.000  -41.000  -31.000 0.0000000000
-1  14.000  -41.000  -31.000 0.0000000000
-1  13.000  -41.000  -31.000 0.0000000000
-1  25.000  -41.000  -32.000 0.0000000000
-1  24.000  -41.000  -32.000 0.0000000000
-1  23.000  -41.000  -32.000 0.0000000000
-1  22.000  -41.000  -32.000 0.0000000000
-1  21.000  -41.000  -32.000 0.0000000000
-1  20.000  -41.000  -32.000 0.0000000000
-1  19.000  -41.000  -32.000 0.0000000000
-1  18.000  -41.000  -32.000 0.0000000000
-1  17.000  -41.000  -32.000 0.0000000000
-1  16.000  -41.000  -32.000 0.0000000000
-1  15.000  -41.000  -32.000 0.0000000000
-1  14.000  -41.000  -32.000 0.0000000000
-1  13.000  -41.000  -32.000 0.0000000000
-1  26.000  -41.000  -33.000 0.0000000000
-1  25.000  -41.000  -33.000 0.0000000000
-1  24.000  -41.000  -33.000 0.0000000000
-1  23.000  -41.000  -33.000 0.0000000000
-1  22.000  -41.000  -33.000 0.0000000000
-1  21.000  -41.000  -33.000 0.0000000000
-1  20.000  -41.000  -33.000 0.0000000000
-1  19.000  -41.000  -33.000 0.0000000000
-1  18.000  -41.000  -33.000 0.0000000000
-1  17.000  -41.000  -33.000 0.0000000000
-1  16.000  -41.000  -33.000 0.0000000000
-1  15.000  -41.000  -33.000 0.0000000000
-1  14.000  -41.000  -33.000 0.0000000000
-1  13.000  -41.000  -33.000 0.0000000000
-1  27.000  -41.000  -34.000 0.0000000000
-1  26.000  -41.000  -34.000 0.0000000000
-1  25.000  -41.000  -34.000 0.0000000000
-1  24.000  -41.000  -34.000 0.0000000000
-1  23.000  -41.000  -34.000 0.0000000000
-1  22.000  -41.000  -34.000 0.0000000000
-1  21.000  -41.000  -34.000 0.0000000000
-1  20.000  -41.000  -34.000 0.0000000000
-1  19.000  -41.000  -34.000 0.0000000000
-1  18.000  -41.000  -34.000 0.0000000000
-1  17.000  -41.000  -34.000 0.0000000000
-1  16.000  -41.000  -34.000 0.0000000000
-1  15.000  -41.000  -34.000 0.0000000000
-1  14.000  -41.000  -34.000 0.0000000000
-1  13.000  -41.000  -34.000 0.0000000000
-1  27.000  -41.000  -35.000 0.0000000000
-1  26.000  -41.000  -35.000 0.0000000000
-1  25.000  -41.000  -35.000 0.0000000000
-1  24.000  -41.000  -35.000 0.0000000000
-1  23.000  -41.000  -35.000 0.0000000000
-1  22.000  -41.000  -35.000 0.0000000000
-1  21.000  -41.000  -35.000 0.0000000000
-1  20.000  -41.000  -35.000 0.0000000000
-1  19.000  -41.000  -35.000 0.0000000000
-1  18.000  -41.000  -35.000 0.0000000000
-1  17.000  -41.000  -35.000 0.0000000000
-1  16.000  -41.000  -35.000 0.0000000000
-1  15.000  -41.000  -35.000 0.0000000000
-1  14.000  -41.000  -35.000 0.0000000000
-1  28.000  -41.000  -36.000 0.0000000000
-1  27.000  -41.000  -36.000 0.0000000000
-1  26.000  -41.000  -36.000 0.0000000000
-1  25.000  -41.000  -36.000 0.0000000000
-1  24.000  -41.000  -36.000 0.0000000000
-1  23.000  -41.000  -36.000 0.0000000000
-1  22.000  -41.000  -36.000 0.0000000000
-1  21.000  -41.000  -36.000 0.0000000000
-1  20.000  -41.000  -36.000 0.0000000000
-1  19.000  -41.000  -36.000 0.0000000000
-1  18.000  -41.000  -36.000 0.0000000000
-1  17.000  -41.000  -36.000 0.0000000000
-1  16.000  -41.000  -36.000 0.0000000000
-1  15.000  -41.000  -36.000 0.0000000000
-1  14.000  -41.000  -36.000 0.0000000000
-1  29.000  -41.000  -37.000 0.0000000000
-1  28.000  -41.000  -37.000 0.0000000000
-1  27.000  -41.000  -37.000 0.0000000000
-1  26.000  -41.000  -37.000 0.0000000000
-1  25.000  -41.000  -37.000 0.0000000000
-1  24.000  -41.000  -37.000 0.0000000000
-1  23.000  -41.000  -37.000 0.0000000000
-1  22.000  -41.000  -37.000 0.0000000000
-1  21.000  -41.000  -37.000 0.0000000000
-1  20.000  -41.000  -37.000 0.0000000000
-1  19.000  -41.000  -37.000 0.0000000000
-1  18.000  -41.000  -37.000 0.0000000000
-1  17.000  -41.000  -37.000 0.0000000000
-1  16.000  -41.000  -37.000 0.0000000000
-1  15.000  -41.000  -37.000 0.0000000000
-1  14.000  -41.000  -37.000 0.0000000000
-1  29.000  -41.000  -38.000 0.0000000000
-1  28.000  -41.000  -38.000 0.0000000000
-1  27.000  -41.000  -38.000 0.0000000000
-1  26.000  -41.000  -38.000 0.0000000000
-1  25.000  -41.000  -38.000 0.0000000000
-1  24.000  -41.000  -38.000 0.0000000000
-1  23.000  -41.000  -38.000 0.0000000000
-1  22.000  -41.000  -38.000 0.0000000000
-1  21.000  -41.000  -38.000 0.0000000000
-1  20.000  -41.000  -38.000 0.0000000000
-1  19.000  -41.000  -38.000 0.0000000000
-1  18.000  -41.000  -38.000 0.0000000000
-1  17.000  -41.000  -38.000 0.0000000000
-1  16.000  -41.000  -38.000 0.0000000000
-1  15.000  -41.000  -38.000 0.0000000000
-1  14.000  -41.000  -38.000 0.0000000000
-1  28.000  -41.000  -39.000 0.0000000000
-1  27.000  -41.000  -39.000 0.0000000000
-1  26.000  -41.000  -39.000 0.0000000000
-1  25.000  -41.000  -39.000 0.0000000000
-1  24.000  -41.000  -39.000 0.0000000000
-1  23.000  -41.000  -39.000 0.0000000000
-1  22.000  -41.000  -39.000 0.0000000000
-1  21.000  -41.000  -39.000 0.0000000000
-1  20.000  -41.000  -39.000 0.0000000000
-1  19.000  -41.000  -39.000 0.0000000000
-1  18.000  -41.000  -39.000 0.0000000000
-1  17.000  -41.000  -39.000 0.0000000000
-1  16.000  -41.000  -39.000 0.0000000000
-1  15.000  -41.000  -39.000 0.0000000000
-1  14.000  -41.000  -39.000 0.0000000000
-1  27.000  -41.000  -40.000 0.0000000000
-1  26.000  -41.000  -40.000 0.0000000000
-1  25.000  -41.000  -40.000 0.0000000000
-1  24.000  -41.000  -40.000 0.0000000000
-1  23.000  -41.000  -40.000 0.0000000000
-1  22.000  -41.000  -40.000 0.0000000000
-1  21.000  -41.000  -40.000 0.0000000000
-1  20.000  -41.000  -40.000 0.0000000000
-1  19.000  -41.000  -40.000 0.0000000000
-1  18.000  -41.000  -40.000 0.0000000000
-1  17.000  -41.000  -40.000 0.0000000000
-1  16.000  -41.000  -40.000 0.0000000000
-1  15.000  -41.000  -40.000 0.0000000000
-1  14.000  -41.000  -40.000 0.0000000000
-1  26.000  -41.000  -41.000 0.0000000000
-1  25.000  -41.000  -41.000 0.0000000000
-1  24.000  -41.000  -41.000 0.0000000000
-1  23.000  -41.000  -41.000 0.0000000000
-1  22.000  -41.000  -41.000 0.0000000000
-1  21.000  -41.000  -41.000 0.0000000000
-1  20.000  -41.000  -41.000 0.0000000000
-1  19.000  -41.000  -41.000 0.0000000000
-1  18.000  -41.000  -41.000 0.0000000000
-1  17.000  -41.000  -41.000 0.0000000000
-1  16.000  -41.000  -41.000 0.0000000000
-1  15.000  -41.000  -41.000 0.0000000000
-1  14.000  -41.000  -41.000 0.0000000000
-1  25.000  -41.000  -42.000 0.0000000000
-1  24.000  -41.000  -42.000 0.0000000000
-1  23.000  -41.000  -42.000 0.0000000000
-1  22.000  -41.000  -42.000 0.0000000000
-1  21.000  -41.000  -42.000 0.0000000000
-1  20.000  -41.000  -42.000 0.0000000000
-1  19.000  -41.000  -42.000 0.0000000000
-1  18.000  -41.000  -42.000 0.0000000000
-1  17.000  -41.000  -42.000 0.0000000000
-1  16.000  -41.000  -42.000 0.0000000000
-1  15.000  -41.000  -42.000 0.0000000000
-1  14.000  -41.000  -42.000 0.0000000000
-1  22.000  -41.000  -43.000 0.0000000000
-1  21.000  -41.000  -43.000 0.0000000000
-1  20.000  -41.000  -43.000 0.0000000000
-1  19.000  -41.000  -43.000 0.0000000000
-1  18.000  -41.000  -43.000 0.0000000000
-1  17.000  -41.000  -43.000 0.0000000000
-1  16.000  -41.000  -43.000 0.0000000000
-1  15.000  -41.000  -43.000 0.0000000000
-1  14.000  -41.000  -43.000 0.0000000000
-1  17.000  -41.000  -44.000 0.0000000000
-1  16.000  -41.000  -44.000 0.0000000000
-1  15.000  -41.000  -44.000 0.0000000000
-1  14.000  -41.000  -44.000 0.0000000000
-1  21.000  -40.000  -29.000 0.0000000000
-1  20.000  -40.000  -29.000 0.0000000000
-1  19.000  -40.000  -29.000 0.0000000000
-1  18.000  -40.000  -29.000 0.0000000000
-1  17.000  -40.000  -29.000 0.0000000000
-1  16.000  -40.000  -29.000 0.0000000000
-1  23.000  -40.000  -30.000 0.0000000000
-1  22.000  -40.000  -30.000 0.0000000000
-1  21.000  -40.000  -30.000 0.0000000000
-1  20.000  -40.000  -30.000 0.0000000000
-1  19.000  -40.000  -30.000 0.0000000000
-1  18.000  -40.000  -30.000 0.0000000000
-1  17.000  -40.000  -30.000 0.0000000000
-1  16.000  -40.000  -30.000 0.0000000000
-1  15.000  -40.000  -30.000 0.0000000000
-1  14.000  -40.000  -30.000 0.0000000000
-1  13.000  -40.000  -30.000 0.0000000000
-1  24.000  -40.000  -31.000 0.0000000000
-1  23.000  -40.000  -31.000 0.0000000000
-1  22.000  -40.000  -31.000 0.0000000000
-1  21.000  -40.000  -31.000 0.0000000000
-1  20.000  -40.000  -31.000 0.0000000000
-1  19.000  -40.000  -31.000 0.0000000000
-1  18.000  -40.000  -31.000 0.0000000000
-1  17.000  -40.000  -31.000 0.0000000000
-1  16.000  -40.000  -31.000 0.0000000000
-1  15.000  -40.000  -31.000 0.0000000000
-1  14.000  -40.000  -31.000 0.0000000000
-1  13.000  -40.000  -31.000 0.0000000000
-1  25.000  -40.000  -32.000 0.0000000000
-1  24.000  -40.000  -32.000 0.0000000000
-1  23.000  -40.000  -32.000 0.0000000000
-1  22.000  -40.000  -32.000 0.0000000000
-1  21.000  -40.000  -32.000 0.0000000000
-1  20.000  -40.000  -32.000 0.0000000000
-1  19.000  -40.000  -32.000 0.0000000000
-1  18.000  -40.000  -32.000 0.0000000000
-1  17.000  -40.000  -32.000 0.0000000000
-1  16.000  -40.000  -32.000 0.0000000000
-1  15.000  -40.000  -32.000 0.0000000000
-1  14.000  -40.000  -32.000 0.0000000000
-1  13.000  -40.000  -32.000 0.0000000000
-1  26.000  -40.000  -33.000 0.0000000000
-1  25.000  -40.000  -33.000 0.0000000000
-1  24.000  -40.000  -33.000 0.0000000000
-1  23.000  -40.000  -33.000 0.0000000000
-1  22.000  -40.000  -33.000 0.0000000000
-1  21.000  -40.000  -33.000 0.0000000000
-1  20.000  -40.000  -33.000 0.0000000000
-1  19.000  -40.000  -33.000 0.0000000000
-1  18.000  -40.000  -33.000 0.0000000000
-1  17.000  -40.000  -33.000 0.0000000000
-1  16.000  -40.000  -33.000 0.0000000000
-1  15.000  -40.000  -33.000 0.0000000000
-1  14.000  -40.000  -33.000 0.0000000000
-1  13.000  -40.000  -33.000 0.0000000000
-1  26.000  -40.000  -34.000 0.0000000000
-1  25.000  -40.000  -34.000 0.0000000000
-1  24.000  -40.000  -34.000 0.0000000000
-1  23.000  -40.000  -34.000 0.0000000000
-1  22.000  -40.000  -34.000 0.0000000000
-1  21.000  -40.000  -34.000 0.0000000000
-1  20.000  -40.000  -34.000 0.0000000000
-1  19.000  -40.000  -34.000 0.0000000000
-1  18.000  -40.000  -34.000 0.0000000000
-1  17.000  -40.000  -34.000 0.0000000000
-1  16.000  -40.000  -34.000 0.0000000000
-1  15.000  -40.000  -34.000 0.0000000000
-1  14.000  -40.000  -34.000 0.0000000000
-1  27.000  -40.000  -35.000 0.0000000000
-1  26.000  -40.000  -35.000 0.0000000000
-1  25.000  -40.000  -35.000 0.0000000000
-1  24.000  -40.000  -35.000 0.0000000000
-1  23.000  -40.000  -35.000 0.0000000000
-1  22.000  -40.000  -35.000 0.0000000000
-1  21.000  -40.000  -35.000 0.0000000000
-1  20.000  -40.000  -35.000 0.0000000000
-1  19.000  -40.000  -35.000 0.0000000000
-1  18.000  -40.000  -35.000 0.0000000000
-1  17.000  -40.000  -35.000 0.0000000000
-1  16.000  -40.000  -35.000 0.0000000000
-1  15.000  -40.000  -35.000 0.0000000000
-1  14.000  -40.000  -35.000 0.0000000000
-1  27.000  -40.000  -36.000 0.0000000000
-1  26.000  -40.000  -36.000 0.0000000000
-1  25.000  -40.000  -36.000 0.0000000000
-1  24.000  -40.000  -36.000 0.0000000000
-1  23.000  -40.000  -36.000 0.0000000000
-1  22.000  -40.000  -36.000 0.0000000000
-1  21.000  -40.000  -36.000 0.0000000000
-1  20.000  -40.000  -36.000 0.0000000000
-1  19.000  -40.000  -36.000 0.0000000000
-1  18.000  -40.000  -36.000 0.0000000000
-1  17.000  -40.000  -36.000 0.0000000000
-1  16.000  -40.000  -36.000 0.0000000000
-1  15.000  -40.000  -36.000 0.0000000000
-1  14.000  -40.000  -36.000 0.0000000000
-1  28.000  -40.000  -37.000 0.0000000000
-1  27.000  -40.000  -37.000 0.0000000000
-1  26.000  -40.000  -37.000 0.0000000000
-1  25.000  -40.000  -37.000 0.0000000000
-1  24.000  -40.000  -37.000 0.0000000000
-1  23.000  -40.000  -37.000 0.0000000000
-1  22.000  -40.000  -37.000 0.0000000000
-1  21.000  -40.000  -37.000 0.0000000000
-1  20.000  -40.000  -37.000 0.0000000000
-1  19.000  -40.000  -37.000 0.0000000000
-1  18.000  -40.000  -37.000 0.0000000000
-1  17.000  -40.000  -37.000 0.0000000000
-1  16.000  -40.000  -37.000 0.0000000000
-1  15.000  -40.000  -37.000 0.0000000000
-1  14.000  -40.000  -37.000 0.0000000000
-1  28.000  -40.000  -38.000 0.0000000000
-1  27.000  -40.000  -38.000 0.0000000000
-1  26.000  -40.000  -38.000 0.0000000000
-1  25.000  -40.000  -38.000 0.0000000000
-1  24.000  -40.000  -38.000 0.0000000000
-1  23.000  -40.000  -38.000 0.0000000000
-1  22.000  -40.000  -38.000 0.0000000000
-1  21.000  -40.000  -38.000 0.0000000000
-1  20.000  -40.000  -38.000 0.0000000000
-1  19.000  -40.000  -38.000 0.0000000000
-1  18.000  -40.000  -38.000 0.0000000000
-1  17.000  -40.000  -38.000 0.0000000000
-1  16.000  -40.000  -38.000 0.0000000000
-1  15.000  -40.000  -38.000 0.0000000000
-1  14.000  -40.000  -38.000 0.0000000000
-1  27.000  -40.000  -39.000 0.0000000000
-1  26.000  -40.000  -39.000 0.0000000000
-1  25.000  -40.000  -39.000 0.0000000000
-1  24.000  -40.000  -39.000 0.0000000000
-1  23.000  -40.000  -39.000 0.0000000000
-1  22.000  -40.000  -39.000 0.0000000000
-1  21.000  -40.000  -39.000 0.0000000000
-1  20.000  -40.000  -39.000 0.0000000000
-1  19.000  -40.000  -39.000 0.0000000000
-1  18.000  -40.000  -39.000 0.0000000000
-1  17.000  -40.000  -39.000 0.0000000000
-1  16.000  -40.000  -39.000 0.0000000000
-1  15.000  -40.000  -39.000 0.0000000000
-1  14.000  -40.000  -39.000 0.0000000000
-1  26.000  -40.000  -40.000 0.0000000000
-1  25.000  -40.000  -40.000 0.0000000000
-1  24.000  -40.000  -40.000 0.0000000000
-1  23.000  -40.000  -40.000 0.0000000000
-1  22.000  -40.000  -40.000 0.0000000000
-1  21.000  -40.000  -40.000 0.0000000000
-1  20.000  -40.000  -40.000 0.0000000000
-1  19.000  -40.000  -40.000 0.0000000000
-1  18.000  -40.000  -40.000 0.0000000000
-1  17.000  -40.000  -40.000 0.0000000000
-1  16.000  -40.000  -40.000 0.0000000000
-1  15.000  -40.000  -40.000 0.0000000000
-1  14.000  -40.000  -40.000 0.0000000000
-1  26.000  -40.000  -41.000 0.0000000000
-1  25.000  -40.000  -41.000 0.0000000000
-1  24.000  -40.000  -41.000 0.0000000000
-1  23.000  -40.000  -41.000 0.0000000000
-1  22.000  -40.000  -41.000 0.0000000000
-1  21.000  -40.000  -41.000 0.0000000000
-1  20.000  -40.000  -41.000 0.0000000000
-1  19.000  -40.000  -41.000 0.0000000000
-1  18.000  -40.000  -41.000 0.0000000000
-1  17.000  -40.000  -41.000 0.0000000000
-1  16.000  -40.000  -41.000 0.0000000000
-1  15.000  -40.000  -41.000 0.0000000000
-1  14.000  -40.000  -41.000 0.0000000000
-1  24.000  -40.000  -42.000 0.0000000000
-1  23.000  -40.000  -42.000 0.0000000000
-1  22.000  -40.000  -42.000 0.0000000000
-1  21.000  -40.000  -42.000 0.0000000000
-1  20.000  -40.000  -42.000 0.0000000000
-1  19.000  -40.000  -42.000 0.0000000000
-1  18.000  -40.000  -42.000 0.0000000000
-1  17.000  -40.000  -42.000 0.0000000000
-1  16.000  -40.000  -42.000 0.0000000000
-1  15.000  -40.000  -42.000 0.0000000000
-1  14.000  -40.000  -42.000 0.0000000000
-1  20.000  -40.000  -43.000 0.0000000000
-1  19.000  -40.000  -43.000 0.0000000000
-1  18.000  -40.000  -43.000 0.0000000000
-1  17.000  -40.000  -43.000 0.0000000000
-1  16.000  -40.000  -43.000 0.0000000000
-1  15.000  -40.000  -43.000 0.0000000000
-1  14.000  -40.000  -43.000 0.0000000000
-1  18.000  -40.000  -44.000 0.0000000000
-1  17.000  -40.000  -44.000 0.0000000000
-1  16.000  -40.000  -44.000 0.0000000000
-1  15.000  -40.000  -44.000 0.0000000000
-1  14.000  -40.000  -44.000 0.0000000000
-1  13.000  -40.000  -44.000 0.0000000000
-1  20.000  -39.000  -29.000 0.0000000000
-1  19.000  -39.000  -29.000 0.0000000000
-1  18.000  -39.000  -29.000 0.0000000000
-1  17.000  -39.000  -29.000 0.0000000000
-1  16.000  -39.000  -29.000 0.0000000000
-1  15.000  -39.000  -29.000 0.0000000000
-1  14.000  -39.000  -29.000 0.0000000000
-1  13.000  -39.000  -29.000 0.0000000000
-1  23.000  -39.000  -30.000 0.0000000000
-1  22.000  -39.000  -30.000 0.0000000000
-1  21.000  -39.000  -30.000 0.0000000000
-1  20.000  -39.000  -30.000 0.0000000000
-1  19.000  -39.000  -30.000 0.0000000000
-1  18.000  -39.000  -30.000 0.0000000000
-1  17.000  -39.000  -30.000 0.0000000000
-1  16.000  -39.000  -30.000 0.0000000000
-1  15.000  -39.000  -30.000 0.0000000000
-1  14.000  -39.000  -30.000 0.0000000000
-1  13.000  -39.000  -30.000 0.0000000000
-1  23.000  -39.000  -31.000 0.0000000000
-1  22.000  -39.000  -31.000 0.0000000000
-1  21.000  -39.000  -31.000 0.0000000000
-1  20.000  -39.000  -31.000 0.0000000000
-1  19.000  -39.000  -31.000 0.0000000000
-1  18.000  -39.000  -31.000 0.0000000000
-1  17.000  -39.000  -31.000 0.0000000000
-1  16.000  -39.000  -31.000 0.0000000000
-1  15.000  -39.000  -31.000 0.0000000000
-1  14.000  -39.000  -31.000 0.0000000000
-1  13.000  -39.000  -31.000 0.0000000000
-1  25.000  -39.000  -32.000 0.0000000000
-1  24.000  -39.000  -32.000 0.0000000000
-1  23.000  -39.000  -32.000 0.0000000000
-1  22.000  -39.000  -32.000 0.0000000000
-1  21.000  -39.000  -32.000 0.0000000000
-1  20.000  -39.000  -32.000 0.0000000000
-1  19.000  -39.000  -32.000 0.0000000000
-1  18.000  -39.000  -32.000 0.0000000000
-1  17.000  -39.000  -32.000 0.0000000000
-1  16.000  -39.000  -32.000 0.0000000000
-1  15.000  -39.000  -32.000 0.0000000000
-1  14.000  -39.000  -32.000 0.0000000000
-1  13.000  -39.000  -32.000 0.0000000000
-1  25.000  -39.000  -33.000 0.0000000000
-1  24.000  -39.000  -33.000 0.0000000000
-1  23.000  -39.000  -33.000 0.0000000000
-1  22.000  -39.000  -33.000 0.0000000000
-1  21.000  -39.000  -33.000 0.0000000000
-1  20.000  -39.000  -33.000 0.0000000000
-1  19.000  -39.000  -33.000 0.0000000000
-1  18.000  -39.000  -33.000 0.0000000000
-1  17.000  -39.000  -33.000 0.0000000000
-1  16.000  -39.000  -33.000 0.0000000000
-1  15.000  -39.000  -33.000 0.0000000000
-1  14.000  -39.000  -33.000 0.0000000000
-1  26.000  -39.000  -34.000 0.0000000000
-1  25.000  -39.000  -34.000 0.0000000000
-1  24.000  -39.000  -34.000 0.0000000000
-1  23.000  -39.000  -34.000 0.0000000000
-1  22.000  -39.000  -34.000 0.0000000000
-1  21.000  -39.000  -34.000 0.0000000000
-1  20.000  -39.000  -34.000 0.0000000000
-1  19.000  -39.000  -34.000 0.0000000000
-1  18.000  -39.000  -34.000 0.0000000000
-1  17.000  -39.000  -34.000 0.0000000000
-1  16.000  -39.000  -34.000 0.0000000000
-1  15.000  -39.000  -34.000 0.0000000000
-1  14.000  -39.000  -34.000 0.0000000000
-1  26.000  -39.000  -35.000 0.0000000000
-1  25.000  -39.000  -35.000 0.0000000000
-1  24.000  -39.000  -35.000 0.0000000000
-1  23.000  -39.000  -35.000 0.0000000000
-1  22.000  -39.000  -35.000 0.0000000000
-1  21.000  -39.000  -35.000 0.0000000000
-1  20.000  -39.000  -35.000 0.0000000000
-1  19.000  -39.000  -35.000 0.0000000000
-1  18.000  -39.000  -35.000 0.0000000000
-1  17.000  -39.000  -35.000 0.0000000000
-1  16.000  -39.000  -35.000 0.0000000000
-1  15.000  -39.000  -35.000 0.0000000000
-1  14.000  -39.000  -35.000 0.0000000000
-1  27.000  -39.000  -36.000 0.0000000000
-1  26.000  -39.000  -36.000 0.0000000000
-1  25.000  -39.000  -36.000 0.0000000000
-1  24.000  -39.000  -36.000 0.0000000000
-1  23.000  -39.000  -36.000 0.0000000000
-1  22.000  -39.000  -36.000 0.0000000000
-1  21.000  -39.000  -36.000 0.0000000000
-1  20.000  -39.000  -36.000 0.0000000000
-1  19.000  -39.000  -36.000 0.0000000000
-1  18.000  -39.000  -36.000 0.0000000000
-1  17.000  -39.000  -36.000 0.0000000000
-1  16.000  -39.000  -36.000 0.0000000000
-1  15.000  -39.000  -36.000 0.0000000000
-1  14.000  -39.000  -36.000 0.0000000000
-1  27.000  -39.000  -37.000 0.0000000000
-1  26.000  -39.000  -37.000 0.0000000000
-1  25.000  -39.000  -37.000 0.0000000000
-1  24.000  -39.000  -37.000 0.0000000000
-1  23.000  -39.000  -37.000 0.0000000000
-1  22.000  -39.000  -37.000 0.0000000000
-1  21.000  -39.000  -37.000 0.0000000000
-1  20.000  -39.000  -37.000 0.0000000000
-1  19.000  -39.000  -37.000 0.0000000000
-1  18.000  -39.000  -37.000 0.0000000000
-1  17.000  -39.000  -37.000 0.0000000000
-1  16.000  -39.000  -37.000 0.0000000000
-1  15.000  -39.000  -37.000 0.0000000000
-1  14.000  -39.000  -37.000 0.0000000000
-1  27.000  -39.000  -38.000 0.0000000000
-1  26.000  -39.000  -38.000 0.0000000000
-1  25.000  -39.000  -38.000 0.0000000000
-1  24.000  -39.000  -38.000 0.0000000000
-1  23.000  -39.000  -38.000 0.0000000000
-1  22.000  -39.000  -38.000 0.0000000000
-1  21.000  -39.000  -38.000 0.0000000000
-1  20.000  -39.000  -38.000 0.0000000000
-1  19.000  -39.000  -38.000 0.0000000000
-1  18.000  -39.000  -38.000 0.0000000000
-1  17.000  -39.000  -38.000 0.0000000000
-1  16.000  -39.000  -38.000 0.0000000000
-1  15.000  -39.000  -38.000 0.0000000000
-1  14.000  -39.000  -38.000 0.0000000000
-1  13.000  -39.000  -38.000 0.0000000000
-1  26.000  -39.000  -39.000 0.0000000000
-1  25.000  -39.000  -39.000 0.0000000000
-1  24.000  -39.000  -39.000 0.0000000000
-1  23.000  -39.000  -39.000 0.0000000000
-1  22.000  -39.000  -39.000 0.0000000000
-1  21.000  -39.000  -39.000 0.0000000000
-1  20.000  -39.000  -39.000 0.0000000000
-1  19.000  -39.000  -39.000 0.0000000000
-1  18.000  -39.000  -39.000 0.0000000000
-1  17.000  -39.000  -39.000 0.0000000000
-1  16.000  -39.000  -39.000 0.0000000000
-1  15.000  -39.000  -39.000 0.0000000000
-1  14.000  -39.000  -39.000 0.0000000000
-1  13.000  -39.000  -39.000 0.0000000000
-1  25.000  -39.000  -40.000 0.0000000000
-1  24.000  -39.000  -40.000 0.0000000000
-1  23.000  -39.000  -40.000 0.0000000000
-1  22.000  -39.000  -40.000 0.0000000000
-1  21.000  -39.000  -40.000 0.0000000000
-1  20.000  -39.000  -40.000 0.0000000000
-1  19.000  -39.000  -40.000 0.0000000000
-1  18.000  -39.000  -40.000 0.0000000000
-1  17.000  -39.000  -40.000 0.0000000000
-1  16.000  -39.000  -40.000 0.0000000000
-1  15.000  -39.000  -40.000 0.0000000000
-1  14.000  -39.000  -40.000 0.0000000000
-1  13.000  -39.000  -40.000 0.0000000000
-1  25.000  -39.000  -41.000 0.0000000000
-1  24.000  -39.000  -41.000 0.0000000000
-1  23.000  -39.000  -41.000 0.0000000000
-1  22.000  -39.000  -41.000 0.0000000000
-1  21.000  -39.000  -41.000 0.0000000000
-1  20.000  -39.000  -41.000 0.0000000000
-1  19.000  -39.000  -41.000 0.0000000000
-1  18.000  -39.000  -41.000 0.0000000000
-1  17.000  -39.000  -41.000 0.0000000000
-1  16.000  -39.000  -41.000 0.0000000000
-1  15.000  -39.000  -41.000 0.0000000000
-1  14.000  -39.000  -41.000 0.0000000000
-1  13.000  -39.000  -41.000 0.0000000000
-1  22.000  -39.000  -42.000 0.0000000000
-1  21.000  -39.000  -42.000 0.0000000000
-1  20.000  -39.000  -42.000 0.0000000000
-1  19.000  -39.000  -42.000 0.0000000000
-1  18.000  -39.000  -42.000 0.0000000000
-1  17.000  -39.000  -42.000 0.0000000000
-1  16.000  -39.000  -42.000 0.0000000000
-1  15.000  -39.000  -42.000 0.0000000000
-1  14.000  -39.000  -42.000 0.0000000000
-1  13.000  -39.000  -42.000 0.0000000000
-1  21.000  -39.000  -43.000 0.0000000000
-1  20.000  -39.000  -43.000 0.0000000000
-1  19.000  -39.000  -43.000 0.0000000000
-1  18.000  -39.000  -43.000 0.0000000000
-1  17.000  -39.000  -43.000 0.0000000000
-1  16.000  -39.000  -43.000 0.0000000000
-1  15.000  -39.000  -43.000 0.0000000000
-1  14.000  -39.000  -43.000 0.0000000000
-1  13.000  -39.000  -43.000 0.0000000000
-1  18.000  -39.000  -44.000 0.0000000000
-1  17.000  -39.000  -44.000 0.0000000000
-1  16.000  -39.000  -44.000 0.0000000000
-1  15.000  -39.000  -44.000 0.0000000000
-1  16.000  -38.000  -28.000 0.0000000000
-1  15.000  -38.000  -28.000 0.0000000000
-1  20.000  -38.000  -29.000 0.0000000000
-1  19.000  -38.000  -29.000 0.0000000000
-1  18.000  -38.000  -29.000 0.0000000000
-1  17.000  -38.000  -29.000 0.0000000000
-1  16.000  -38.000  -29.000 0.0000000000
-1  15.000  -38.000  -29.000 0.0000000000
-1  14.000  -38.000  -29.000 0.0000000000
-1  13.000  -38.000  -29.000 0.0000000000
-1  22.000  -38.000  -30.000 0.0000000000
-1  21.000  -38.000  -30.000 0.0000000000
-1  20.000  -38.000  -30.000 0.0000000000
-1  19.000  -38.000  -30.000 0.0000000000
-1  18.000  -38.000  -30.000 0.0000000000
-1  17.000  -38.000  -30.000 0.0000000000
-1  16.000  -38.000  -30.000 0.0000000000
-1  15.000  -38.000  -30.000 0.0000000000
-1  14.000  -38.000  -30.000 0.0000000000
-1  13.000  -38.000  -30.000 0.0000000000
-1  23.000  -38.000  -31.000 0.0000000000
-1  22.000  -38.000  -31.000 0.0000000000
-1  21.000  -38.000  -31.000 0.0000000000
-1  20.000  -38.000  -31.000 0.0000000000
-1  19.000  -38.000  -31.000 0.0000000000
-1  18.000  -38.000  -31.000 0.0000000000
-1  17.000  -38.000  -31.000 0.0000000000
-1  16.000  -38.000  -31.000 0.0000000000
-1  15.000  -38.000  -31.000 0.0000000000
-1  14.000  -38.000  -31.000 0.0000000000
-1  13.000  -38.000  -31.000 0.0000000000
-1  25.000  -38.000  -32.000 0.0000000000
-1  24.000  -38.000  -32.000 0.0000000000
-1  23.000  -38.000  -32.000 0.0000000000
-1  22.000  -38.000  -32.000 0.0000000000
-1  21.000  -38.000  -32.000 0.0000000000
-1  20.000  -38.000  -32.000 0.0000000000
-1  19.000  -38.000  -32.000 0.0000000000
-1  18.000  -38.000  -32.000 0.0000000000
-1  17.000  -38.000  -32.000 0.0000000000
-1  16.000  -38.000  -32.000 0.0000000000
-1  15.000  -38.000  -32.000 0.0000000000
-1  14.000  -38.000  -32.000 0.0000000000
-1  13.000  -38.000  -32.000 0.0000000000
-1  25.000  -38.000  -33.000 0.0000000000
-1  24.000  -38.000  -33.000 0.0000000000
-1  23.000  -38.000  -33.000 0.0000000000
-1  22.000  -38.000  -33.000 0.0000000000
-1  21.000  -38.000  -33.000 0.0000000000
-1  20.000  -38.000  -33.000 0.0000000000
-1  19.000  -38.000  -33.000 0.0000000000
-1  18.000  -38.000  -33.000 0.0000000000
-1  17.000  -38.000  -33.000 0.0000000000
-1  16.000  -38.000  -33.000 0.0000000000
-1  15.000  -38.000  -33.000 0.0000000000
-1  14.000  -38.000  -33.000 0.0000000000
-1  25.000  -38.000  -34.000 0.0000000000
-1  24.000  -38.000  -34.000 0.0000000000
-1  23.000  -38.000  -34.000 0.0000000000
-1  22.000  -38.000  -34.000 0.0000000000
-1  21.000  -38.000  -34.000 0.0000000000
-1  20.000  -38.000  -34.000 0.0000000000
-1  19.000  -38.000  -34.000 0.0000000000
-1  18.000  -38.000  -34.000 0.0000000000
-1  17.000  -38.000  -34.000 0.0000000000
-1  16.000  -38.000  -34.000 0.0000000000
-1  15.000  -38.000  -34.000 0.0000000000
-1  14.000  -38.000  -34.000 0.0000000000
-1  13.000  -38.000  -34.000 0.0000000000
-1  26.000  -38.000  -35.000 0.0000000000
-1  25.000  -38.000  -35.000 0.0000000000
-1  24.000  -38.000  -35.000 0.0000000000
-1  23.000  -38.000  -35.000 0.0000000000
-1  22.000  -38.000  -35.000 0.0000000000
-1  21.000  -38.000  -35.000 0.0000000000
-1  20.000  -38.000  -35.000 0.0000000000
-1  19.000  -38.000  -35.000 0.0000000000
-1  18.000  -38.000  -35.000 0.0000000000
-1  17.000  -38.000  -35.000 0.0000000000
-1  16.000  -38.000  -35.000 0.0000000000
-1  15.000  -38.000  -35.000 0.0000000000
-1  14.000  -38.000  -35.000 0.0000000000
-1  13.000  -38.000  -35.000 0.0000000000
-1  26.000  -38.000  -36.000 0.0000000000
-1  25.000  -38.000  -36.000 0.0000000000
-1  24.000  -38.000  -36.000 0.0000000000
-1  23.000  -38.000  -36.000 0.0000000000
-1  22.000  -38.000  -36.000 0.0000000000
-1  21.000  -38.000  -36.000 0.0000000000
-1  20.000  -38.000  -36.000 0.0000000000
-1  19.000  -38.000  -36.000 0.0000000000
-1  18.000  -38.000  -36.000 0.0000000000
-1  17.000  -38.000  -36.000 0.0000000000
-1  16.000  -38.000  -36.000 0.0000000000
-1  15.000  -38.000  -36.000 0.0000000000
-1  14.000  -38.000  -36.000 0.0000000000
-1  13.000  -38.000  -36.000 0.0000000000
-1  26.000  -38.000  -37.000 0.0000000000
-1  25.000  -38.000  -37.000 0.0000000000
-1  24.000  -38.000  -37.000 0.0000000000
-1  23.000  -38.000  -37.000 0.0000000000
-1  22.000  -38.000  -37.000 0.0000000000
-1  21.000  -38.000  -37.000 0.0000000000
-1  20.000  -38.000  -37.000 0.0000000000
-1  19.000  -38.000  -37.000 0.0000000000
-1  18.000  -38.000  -37.000 0.0000000000
-1  17.000  -38.000  -37.000 0.0000000000
-1  16.000  -38.000  -37.000 0.0000000000
-1  15.000  -38.000  -37.000 0.0000000000
-1  14.000  -38.000  -37.000 0.0000000000
-1  13.000  -38.000  -37.000 0.0000000000
-1  26.000  -38.000  -38.000 0.0000000000
-1  25.000  -38.000  -38.000 0.0000000000
-1  24.000  -38.000  -38.000 0.0000000000
-1  23.000  -38.000  -38.000 0.0000000000
-1  22.000  -38.000  -38.000 0.0000000000
-1  21.000  -38.000  -38.000 0.0000000000
-1  20.000  -38.000  -38.000 0.0000000000
-1  19.000  -38.000  -38.000 0.0000000000
-1  18.000  -38.000  -38.000 0.0000000000
-1  17.000  -38.000  -38.000 0.0000000000
-1  16.000  -38.000  -38.000 0.0000000000
-1  15.000  -38.000  -38.000 0.0000000000
-1  14.000  -38.000  -38.000 0.0000000000
-1  13.000  -38.000  -38.000 0.0000000000
-1  25.000  -38.000  -39.000 0.0000000000
-1  24.000  -38.000  -39.000 0.0000000000
-1  23.000  -38.000  -39.000 0.0000000000
-1  22.000  -38.000  -39.000 0.0000000000
-1  21.000  -38.000  -39.000 0.0000000000
-1  20.000  -38.000  -39.000 0.0000000000
-1  19.000  -38.000  -39.000 0.0000000000
-1  18.000  -38.000  -39.000 0.0000000000
-1  17.000  -38.000  -39.000 0.0000000000
-1  16.000  -38.000  -39.000 0.0000000000
-1  15.000  -38.000  -39.000 0.0000000000
-1  14.000  -38.000  -39.000 0.0000000000
-1  13.000  -38.000  -39.000 0.0000000000
-1  23.000  -38.000  -40.000 0.0000000000
-1  22.000  -38.000  -40.000 0.0000000000
-1  21.000  -38.000  -40.000 0.0000000000
-1  20.000  -38.000  -40.000 0.0000000000
-1  19.000  -38.000  -40.000 0.0000000000
-1  18.000  -38.000  -40.000 0.0000000000
-1  17.000  -38.000  -40.000 0.0000000000
-1  16.000  -38.000  -40.000 0.0000000000
-1  15.000  -38.000  -40.000 0.0000000000
-1  14.000  -38.000  -40.000 0.0000000000
-1  13.000  -38.000  -40.000 0.0000000000
-1  22.000  -38.000  -41.000 0.0000000000
-1  21.000  -38.000  -41.000 0.0000000000
-1  20.000  -38.000  -41.000 0.0000000000
-1  19.000  -38.000  -41.000 0.0000000000
-1  18.000  -38.000  -41.000 0.0000000000
-1  17.000  -38.000  -41.000 0.0000000000
-1  16.000  -38.000  -41.000 0.0000000000
-1  15.000  -38.000  -41.000 0.0000000000
-1  14.000  -38.000  -41.000 0.0000000000
-1  13.000  -38.000  -41.000 0.0000000000
-1  12.000  -38.000  -41.000 0.0000000000
-1  22.000  -38.000  -42.000 0.0000000000
-1  21.000  -38.000  -42.000 0.0000000000
-1  20.000  -38.000  -42.000 0.0000000000
-1  19.000  -38.000  -42.000 0.0000000000
-1  18.000  -38.000  -42.000 0.0000000000
-1  17.000  -38.000  -42.000 0.0000000000
-1  16.000  -38.000  -42.000 0.0000000000
-1  15.000  -38.000  -42.000 0.0000000000
-1  14.000  -38.000  -42.000 0.0000000000
-1  13.000  -38.000  -42.000 0.0000000000
-1  12.000  -38.000  -42.000 0.0000000000
-1  20.000  -38.000  -43.000 0.0000000000
-1  19.000  -38.000  -43.000 0.0000000000
-1  18.000  -38.000  -43.000 0.0000000000
-1  17.000  -38.000  -43.000 0.0000000000
-1  16.000  -38.000  -43.000 0.0000000000
-1  15.000  -38.000  -43.000 0.0000000000
-1  14.000  -38.000  -43.000 0.0000000000
-1  13.000  -38.000  -43.000 0.0000000000
-1  12.000  -38.000  -43.000 0.0000000000
-1  11.000  -38.000  -43.000 0.0000000000
-1  15.000  -38.000  -44.000 0.0000000000
-1  14.000  -38.000  -44.000 0.0000000000
-1  13.000  -38.000  -44.000 0.0000000000
-1  12.000  -38.000  -44.000 0.0000000000
-1  17.000  -37.000  -28.000 0.0000000000
-1  16.000  -37.000  -28.000 0.0000000000
-1  15.000  -37.000  -28.000 0.0000000000
-1  14.000  -37.000  -28.000 0.0000000000
-1  20.000  -37.000  -29.000 0.0000000000
-1  19.000  -37.000  -29.000 0.0000000000
-1  18.000  -37.000  -29.000 0.0000000000
-1  17.000  -37.000  -29.000 0.0000000000
-1  16.000  -37.000  -29.000 0.0000000000
-1  15.000  -37.000  -29.000 0.0000000000
-1  14.000  -37.000  -29.000 0.0000000000
-1  13.000  -37.000  -29.000 0.0000000000
-1  21.000  -37.000  -30.000 0.0000000000
-1  20.000  -37.000  -30.000 0.0000000000
-1  19.000  -37.000  -30.000 0.0000000000
-1  18.000  -37.000  -30.000 0.0000000000
-1  17.000  -37.000  -30.000 0.0000000000
-1  16.000  -37.000  -30.000 0.0000000000
-1  15.000  -37.000  -30.000 0.0000000000
-1  14.000  -37.000  -30.000 0.0000000000
-1  13.000  -37.000  -30.000 0.0000000000
-1  23.000  -37.000  -31.000 0.0000000000
-1  22.000  -37.000  -31.000 0.0000000000
-1  21.000  -37.000  -31.000 0.0000000000
-1  20.000  -37.000  -31.000 0.0000000000
-1  19.000  -37.000  -31.000 0.0000000000
-1  18.000  -37.000  -31.000 0.0000000000
-1  17.000  -37.000  -31.000 0.0000000000
-1  16.000  -37.000  -31.000 0.0000000000
-1  15.000  -37.000  -31.000 0.0000000000
-1  14.000  -37.000  -31.000 0.0000000000
-1  13.000  -37.000  -31.000 0.0000000000
-1  24.000  -37.000  -32.000 0.0000000000
-1  23.000  -37.000  -32.000 0.0000000000
-1  22.000  -37.000  -32.000 0.0000000000
-1  21.000  -37.000  -32.000 0.0000000000
-1  20.000  -37.000  -32.000 0.0000000000
-1  19.000  -37.000  -32.000 0.0000000000
-1  18.000  -37.000  -32.000 0.0000000000
-1  17.000  -37.000  -32.000 0.0000000000
-1  16.000  -37.000  -32.000 0.0000000000
-1  15.000  -37.000  -32.000 0.0000000000
-1  14.000  -37.000  -32.000 0.0000000000
-1  13.000  -37.000  -32.000 0.0000000000
-1  25.000  -37.000  -33.000 0.0000000000
-1  24.000  -37.000  -33.000 0.0000000000
-1  23.000  -37.000  -33.000 0.0000000000
-1  22.000  -37.000  -33.000 0.0000000000
-1  21.000  -37.000  -33.000 0.0000000000
-1  20.000  -37.000  -33.000 0.0000000000
-1  19.000  -37.000  -33.000 0.0000000000
-1  18.000  -37.000  -33.000 0.0000000000
-1  17.000  -37.000  -33.000 0.0000000000
-1  16.000  -37.000  -33.000 0.0000000000
-1  15.000  -37.000  -33.000 0.0000000000
-1  14.000  -37.000  -33.000 0.0000000000
-1  13.000  -37.000  -33.000 0.0000000000
-1  25.000  -37.000  -34.000 0.0000000000
-1  24.000  -37.000  -34.000 0.0000000000
-1  23.000  -37.000  -34.000 0.0000000000
-1  22.000  -37.000  -34.000 0.0000000000
-1  21.000  -37.000  -34.000 0.0000000000
-1  20.000  -37.000  -34.000 0.0000000000
-1  19.000  -37.000  -34.000 0.0000000000
-1  18.000  -37.000  -34.000 0.0000000000
-1  17.000  -37.000  -34.000 0.0000000000
-1  16.000  -37.000  -34.000 0.0000000000
-1  15.000  -37.000  -34.000 0.0000000000
-1  14.000  -37.000  -34.000 0.0000000000
-1  13.000  -37.000  -34.000 0.0000000000
-1  25.000  -37.000  -35.000 0.0000000000
-1  24.000  -37.000  -35.000 0.0000000000
-1  23.000  -37.000  -35.000 0.0000000000
-1  22.000  -37.000  -35.000 0.0000000000
-1  21.000  -37.000  -35.000 0.0000000000
-1  20.000  -37.000  -35.000 0.0000000000
-1  19.000  -37.000  -35.000 0.0000000000
-1  18.000  -37.000  -35.000 0.0000000000
-1  17.000  -37.000  -35.000 0.0000000000
-1  16.000  -37.000  -35.000 0.0000000000
-1  15.000  -37.000  -35.000 0.0000000000
-1  14.000  -37.000  -35.000 0.0000000000
-1  13.000  -37.000  -35.000 0.0000000000
-1  25.000  -37.000  -36.000 0.0000000000
-1  24.000  -37.000  -36.000 0.0000000000
-1  23.000  -37.000  -36.000 0.0000000000
-1  22.000  -37.000  -36.000 0.0000000000
-1  21.000  -37.000  -36.000 0.0000000000
-1  20.000  -37.000  -36.000 0.0000000000
-1  19.000  -37.000  -36.000 0.0000000000
-1  18.000  -37.000  -36.000 0.0000000000
-1  17.000  -37.000  -36.000 0.0000000000
-1  16.000  -37.000  -36.000 0.0000000000
-1  15.000  -37.000  -36.000 0.0000000000
-1  14.000  -37.000  -36.000 0.0000000000
-1  13.000  -37.000  -36.000 0.0000000000
-1  25.000  -37.000  -37.000 0.0000000000
-1  24.000  -37.000  -37.000 0.0000000000
-1  23.000  -37.000  -37.000 0.0000000000
-1  22.000  -37.000  -37.000 0.0000000000
-1  21.000  -37.000  -37.000 0.0000000000
-1  20.000  -37.000  -37.000 0.0000000000
-1  19.000  -37.000  -37.000 0.0000000000
-1  18.000  -37.000  -37.000 0.0000000000
-1  17.000  -37.000  -37.000 0.0000000000
-1  16.000  -37.000  -37.000 0.0000000000
-1  15.000  -37.000  -37.000 0.0000000000
-1  14.000  -37.000  -37.000 0.0000000000
-1  13.000  -37.000  -37.000 0.0000000000
-1  24.000  -37.000  -38.000 0.0000000000
-1  23.000  -37.000  -38.000 0.0000000000
-1  22.000  -37.000  -38.000 0.0000000000
-1  21.000  -37.000  -38.000 0.0000000000
-1  20.000  -37.000  -38.000 0.0000000000
-1  19.000  -37.000  -38.000 0.0000000000
-1  18.000  -37.000  -38.000 0.0000000000
-1  17.000  -37.000  -38.000 0.0000000000
-1  16.000  -37.000  -38.000 0.0000000000
-1  15.000  -37.000  -38.000 0.0000000000
-1  14.000  -37.000  -38.000 0.0000000000
-1  13.000  -37.000  -38.000 0.0000000000
-1  23.000  -37.000  -39.000 0.0000000000
-1  22.000  -37.000  -39.000 0.0000000000
-1  21.000  -37.000  -39.000 0.0000000000
-1  20.000  -37.000  -39.000 0.0000000000
-1  19.000  -37.000  -39.000 0.0000000000
-1  18.000  -37.000  -39.000 0.0000000000
-1  17.000  -37.000  -39.000 0.0000000000
-1  16.000  -37.000  -39.000 0.0000000000
-1  15.000  -37.000  -39.000 0.0000000000
-1  14.000  -37.000  -39.000 0.0000000000
-1  13.000  -37.000  -39.000 0.0000000000
-1  12.000  -37.000  -39.000 0.0000000000
-1  23.000  -37.000  -40.000 0.0000000000
-1  22.000  -37.000  -40.000 0.0000000000
-1  21.000  -37.000  -40.000 0.0000000000
-1  20.000  -37.000  -40.000 0.0000000000
-1  19.000  -37.000  -40.000 0.0000000000
-1  18.000  -37.000  -40.000 0.0000000000
-1  17.000  -37.000  -40.000 0.0000000000
-1  16.000  -37.000  -40.000 0.0000000000
-1  15.000  -37.000  -40.000 0.0000000000
-1  14.000  -37.000  -40.000 0.0000000000
-1  13.000  -37.000  -40.000 0.0000000000
-1  12.000  -37.000  -40.000 0.0000000000
-1  22.000  -37.000  -41.000 0.0000000000
-1  21.000  -37.000  -41.000 0.0000000000
-1  20.000  -37.000  -41.000 0.0000000000
-1  19.000  -37.000  -41.000 0.0000000000
-1  18.000  -37.000  -41.000 0.0000000000
-1  17.000  -37.000  -41.000 0.0000000000
-1  16.000  -37.000  -41.000 0.0000000000
-1  15.000  -37.000  -41.000 0.0000000000
-1  14.000  -37.000  -41.000 0.0000000000
-1  13.000  -37.000  -41.000 0.0000000000
-1  12.000  -37.000  -41.000 0.0000000000
-1  11.000  -37.000  -41.000 0.0000000000
-1  20.000  -37.000  -42.000 0.0000000000
-1  19.000  -37.000  -42.000 0.0000000000
-1  18.000  -37.000  -42.000 0.0000000000
-1  17.000  -37.000  -42.000 0.0000000000
-1  16.000  -37.000  -42.000 0.0000000000
-1  15.000  -37.000  -42.000 0.0000000000
-1  14.000  -37.000  -42.000 0.0000000000
-1  13.000  -37.000  -42.000 0.0000000000
-1  12.000  -37.000  -42.000 0.0000000000
-1  11.000  -37.000  -42.000 0.0000000000
-1  19.000  -37.000  -43.000 0.0000000000
-1  18.000  -37.000  -43.000 0.0000000000
-1  17.000  -37.000  -43.000 0.0000000000
-1  16.000  -37.000  -43.000 0.0000000000
-1  15.000  -37.000  -43.000 0.0000000000
-1  14.000  -37.000  -43.000 0.0000000000
-1  13.000  -37.000  -43.000 0.0000000000
-1  12.000  -37.000  -43.000 0.0000000000
-1  11.000  -37.000  -43.000 0.0000000000
-1  15.000  -37.000  -44.000 0.0000000000
-1  14.000  -37.000  -44.000 0.0000000000
-1  13.000  -37.000  -44.000 0.0000000000
-1  12.000  -37.000  -44.000 0.0000000000
-1  11.000  -37.000  -44.000 0.0000000000
-1  16.000  -36.000  -27.000 0.0000000000
-1  15.000  -36.000  -27.000 0.0000000000
-1  14.000  -36.000  -27.000 0.0000000000
-1  17.000  -36.000  -28.000 0.0000000000
-1  16.000  -36.000  -28.000 0.0000000000
-1  15.000  -36.000  -28.000 0.0000000000
-1  14.000  -36.000  -28.000 0.0000000000
-1  19.000  -36.000  -29.000 0.0000000000
-1  18.000  -36.000  -29.000 0.0000000000
-1  17.000  -36.000  -29.000 0.0000000000
-1  16.000  -36.000  -29.000 0.0000000000
-1  15.000  -36.000  -29.000 0.0000000000
-1  14.000  -36.000  -29.000 0.0000000000
-1  13.000  -36.000  -29.000 0.0000000000
-1  20.000  -36.000  -30.000 0.0000000000
-1  19.000  -36.000  -30.000 0.0000000000
-1  18.000  -36.000  -30.000 0.0000000000
-1  17.000  -36.000  -30.000 0.0000000000
-1  16.000  -36.000  -30.000 0.0000000000
-1  15.000  -36.000  -30.000 0.0000000000
-1  14.000  -36.000  -30.000 0.0000000000
-1  13.000  -36.000  -30.000 0.0000000000
-1  21.000  -36.000  -31.000 0.0000000000
-1  20.000  -36.000  -31.000 0.0000000000
-1  19.000  -36.000  -31.000 0.0000000000
-1  18.000  -36.000  -31.000 0.0000000000
-1  17.000  -36.000  -31.000 0.0000000000
-1  16.000  -36.000  -31.000 0.0000000000
-1  15.000  -36.000  -31.000 0.0000000000
-1  14.000  -36.000  -31.000 0.0000000000
-1  13.000  -36.000  -31.000 0.0000000000
-1  23.000  -36.000  -32.000 0.0000000000
-1  22.000  -36.000  -32.000 0.0000000000
-1  21.000  -36.000  -32.000 0.0000000000
-1  20.000  -36.000  -32.000 0.0000000000
-1  19.000  -36.000  -32.000 0.0000000000
-1  18.000  -36.000  -32.000 0.0000000000
-1  17.000  -36.000  -32.000 0.0000000000
-1  16.000  -36.000  -32.000 0.0000000000
-1  15.000  -36.000  -32.000 0.0000000000
-1  14.000  -36.000  -32.000 0.0000000000
-1  13.000  -36.000  -32.000 0.0000000000
-1  23.000  -36.000  -33.000 0.0000000000
-1  22.000  -36.000  -33.000 0.0000000000
-1  21.000  -36.000  -33.000 0.0000000000
-1  20.000  -36.000  -33.000 0.0000000000
-1  19.000  -36.000  -33.000 0.0000000000
-1  18.000  -36.000  -33.000 0.0000000000
-1  17.000  -36.000  -33.000 0.0000000000
-1  16.000  -36.000  -33.000 0.0000000000
-1  15.000  -36.000  -33.000 0.0000000000
-1  14.000  -36.000  -33.000 0.0000000000
-1  13.000  -36.000  -33.000 0.0000000000
-1  24.000  -36.000  -34.000 0.0000000000
-1  23.000  -36.000  -34.000 0.0000000000
-1  22.000  -36.000  -34.000 0.0000000000
-1  21.000  -36.000  -34.000 0.0000000000
-1  20.000  -36.000  -34.000 0.0000000000
-1  19.000  -36.000  -34.000 0.0000000000
-1  18.000  -36.000  -34.000 0.0000000000
-1  17.000  -36.000  -34.000 0.0000000000
-1  16.000  -36.000  -34.000 0.0000000000
-1  15.000  -36.000  -34.000 0.0000000000
-1  14.000  -36.000  -34.000 0.0000000000
-1  13.000  -36.000  -34.000 0.0000000000
-1  24.000  -36.000  -35.000 0.0000000000
-1  23.000  -36.000  -35.000 0.0000000000
-1  22.000  -36.000  -35.000 0.0000000000
-1  21.000  -36.000  -35.000 0.0000000000
-1  20.000  -36.000  -35.000 0.0000000000
-1  19.000  -36.000  -35.000 0.0000000000
-1  18.000  -36.000  -35.000 0.0000000000
-1  17.000  -36.000  -35.000 0.0000000000
-1  16.000  -36.000  -35.000 0.0000000000
-1  15.000  -36.000  -35.000 0.0000000000
-1  14.000  -36.000  -35.000 0.0000000000
-1  13.000  -36.000  -35.000 0.0000000000
-1  24.000  -36.000  -36.000 0.0000000000
-1  23.000  -36.000  -36.000 0.0000000000
-1  22.000  -36.000  -36.000 0.0000000000
-1  21.000  -36.000  -36.000 0.0000000000
-1  20.000  -36.000  -36.000 0.0000000000
-1  19.000  -36.000  -36.000 0.0000000000
-1  18.000  -36.000  -36.000 0.0000000000
-1  17.000  -36.000  -36.000 0.0000000000
-1  16.000  -36.000  -36.000 0.0000000000
-1  15.000  -36.000  -36.000 0.0000000000
-1  14.000  -36.000  -36.000 0.0000000000
-1  13.000  -36.000  -36.000 0.0000000000
-1  23.000  -36.000  -37.000 0.0000000000
-1  22.000  -36.000  -37.000 0.0000000000
-1  21.000  -36.000  -37.000 0.0000000000
-1  20.000  -36.000  -37.000 0.0000000000
-1  19.000  -36.000  -37.000 0.0000000000
-1  18.000  -36.000  -37.000 0.0000000000
-1  17.000  -36.000  -37.000 0.0000000000
-1  16.000  -36.000  -37.000 0.0000000000
-1  15.000  -36.000  -37.000 0.0000000000
-1  14.000  -36.000  -37.000 0.0000000000
-1  13.000  -36.000  -37.000 0.0000000000
-1  12.000  -36.000  -37.000 0.0000000000
-1  23.000  -36.000  -38.000 0.0000000000
-1  22.000  -36.000  -38.000 0.0000000000
-1  21.000  -36.000  -38.000 0.0000000000
-1  20.000  -36.000  -38.000 0.0000000000
-1  19.000  -36.000  -38.000 0.0000000000
-1  18.000  -36.000  -38.000 0.0000000000
-1  17.000  -36.000  -38.000 0.0000000000
-1  16.000  -36.000  -38.000 0.0000000000
-1  15.000  -36.000  -38.000 0.0000000000
-1  14.000  -36.000  -38.000 0.0000000000
-1  13.000  -36.000  -38.000 0.0000000000
-1  12.000  -36.000  -38.000 0.0000000000
-1  23.000  -36.000  -39.000 0.0000000000
-1  22.000  -36.000  -39.000 0.0000000000
-1  21.000  -36.000  -39.000 0.0000000000
-1  20.000  -36.000  -39.000 0.0000000000
-1  19.000  -36.000  -39.000 0.0000000000
-1  18.000  -36.000  -39.000 0.0000000000
-1  17.000  -36.000  -39.000 0.0000000000
-1  16.000  -36.000  -39.000 0.0000000000
-1  15.000  -36.000  -39.000 0.0000000000
-1  14.000  -36.000  -39.000 0.0000000000
-1  13.000  -36.000  -39.000 0.0000000000
-1  12.000  -36.000  -39.000 0.0000000000
-1  11.000  -36.000  -39.000 0.0000000000
-1  22.000  -36.000  -40.000 0.0000000000
-1  21.000  -36.000  -40.000 0.0000000000
-1  20.000  -36.000  -40.000 0.0000000000
-1  19.000  -36.000  -40.000 0.0000000000
-1  18.000  -36.000  -40.000 0.0000000000
-1  17.000  -36.000  -40.000 0.0000000000
-1  16.000  -36.000  -40.000 0.0000000000
-1  15.000  -36.000  -40.000 0.0000000000
-1  14.000  -36.000  -40.000 0.0000000000
-1  13.000  -36.000  -40.000 0.0000000000
-1  12.000  -36.000  -40.000 0.0000000000
-1  11.000  -36.000  -40.000 0.0000000000
-1  21.000  -36.000  -41.000 0.0000000000
-1  20.000  -36.000  -41.000 0.0000000000
-1  19.000  -36.000  -41.000 0.0000000000
-1  18.000  -36.000  -41.000 0.0000000000
-1  17.000  -36.000  -41.000 0.0000000000
-1  16.000  -36.000  -41.000 0.0000000000
-1  15.000  -36.000  -41.000 0.0000000000
-1  14.000  -36.000  -41.000 0.0000000000
-1  13.000  -36.000  -41.000 0.0000000000
-1  12.000  -36.000  -41.000 0.0000000000
-1  11.000  -36.000  -41.000 0.0000000000
-1  20.000  -36.000  -42.000 0.0000000000
-1  19.000  -36.000  -42.000 0.0000000000
-1  18.000  -36.000  -42.000 0.0000000000
-1  17.000  -36.000  -42.000 0.0000000000
-1  16.000  -36.000  -42.000 0.0000000000
-1  15.000  -36.000  -42.000 0.0000000000
-1  14.000  -36.000  -42.000 0.0000000000
-1  13.000  -36.000  -42.000 0.0000000000
-1  12.000  -36.000  -42.000 0.0000000000
-1  11.000  -36.000  -42.000 0.0000000000
-1  17.000  -36.000  -43.000 0.0000000000
-1  16.000  -36.000  -43.000 0.0000000000
-1  15.000  -36.000  -43.000 0.0000000000
-1  14.000  -36.000  -43.000 0.0000000000
-1  13.000  -36.000  -43.000 0.0000000000
-1  12.000  -36.000  -43.000 0.0000000000
-1  11.000  -36.000  -43.000 0.0000000000
-1  10.000  -36.000  -43.000 0.0000000000
-1  15.000  -36.000  -44.000 0.0000000000
-1  14.000  -36.000  -44.000 0.0000000000
-1  13.000  -36.000  -44.000 0.0000000000
-1  12.000  -36.000  -44.000 0.0000000000
-1  11.000  -36.000  -44.000 0.0000000000
-1  14.000  -35.000  -26.000 0.0000000000
-1  17.000  -35.000  -27.000 0.0000000000
-1  16.000  -35.000  -27.000 0.0000000000
-1  15.000  -35.000  -27.000 0.0000000000
-1  14.000  -35.000  -27.000 0.0000000000
-1  18.000  -35.000  -28.000 0.0000000000
-1  17.000  -35.000  -28.000 0.0000000000
-1  16.000  -35.000  -28.000 0.0000000000
-1  15.000  -35.000  -28.000 0.0000000000
-1  14.000  -35.000  -28.000 0.0000000000
-1  19.000  -35.000  -29.000 0.0000000000
-1  18.000  -35.000  -29.000 0.0000000000
-1  17.000  -35.000  -29.000 0.0000000000
-1  16.000  -35.000  -29.000 0.0000000000
-1  15.000  -35.000  -29.000 0.0000000000
-1  14.000  -35.000  -29.000 0.0000000000
-1  20.000  -35.000  -30.000 0.0000000000
-1  19.000  -35.000  -30.000 0.0000000000
-1  18.000  -35.000  -30.000 0.0000000000
-1  17.000  -35.000  -30.000 0.0000000000
-1  16.000  -35.000  -30.000 0.0000000000
-1  15.000  -35.000  -30.000 0.0000000000
-1  14.000  -35.000  -30.000 0.0000000000
-1  21.000  -35.000  -31.000 0.0000000000
-1  20.000  -35.000  -31.000 0.0000000000
-1  19.000  -35.000  -31.000 0.0000000000
-1  18.000  -35.000  -31.000 0.0000000000
-1  17.000  -35.000  -31.000 0.0000000000
-1  16.000  -35.000  -31.000 0.0000000000
-1  15.000  -35.000  -31.000 0.0000000000
-1  14.000  -35.000  -31.000 0.0000000000
-1  13.000  -35.000  -31.000 0.0000000000
-1  22.000  -35.000  -32.000 0.0000000000
-1  21.000  -35.000  -32.000 0.0000000000
-1  20.000  -35.000  -32.000 0.0000000000
-1  19.000  -35.000  -32.000 0.0000000000
-1  18.000  -35.000  -32.000 0.0000000000
-1  17.000  -35.000  -32.000 0.0000000000
-1  16.000  -35.000  -32.000 0.0000000000
-1  15.000  -35.000  -32.000 0.0000000000
-1  14.000  -35.000  -32.000 0.0000000000
-1  13.000  -35.000  -32.000 0.0000000000
-1  22.000  -35.000  -33.000 0.0000000000
-1  21.000  -35.000  -33.000 0.0000000000
-1  20.000  -35.000  -33.000 0.0000000000
-1  19.000  -35.000  -33.000 0.0000000000
-1  18.000  -35.000  -33.000 0.0000000000
-1  17.000  -35.000  -33.000 0.0000000000
-1  16.000  -35.000  -33.000 0.0000000000
-1  15.000  -35.000  -33.000 0.0000000000
-1  14.000  -35.000  -33.000 0.0000000000
-1  13.000  -35.000  -33.000 0.0000000000
-1  23.000  -35.000  -34.000 0.0000000000
-1  22.000  -35.000  -34.000 0.0000000000
-1  21.000  -35.000  -34.000 0.0000000000
-1  20.000  -35.000  -34.000 0.0000000000
-1  19.000  -35.000  -34.000 0.0000000000
-1  18.000  -35.000  -34.000 0.0000000000
-1  17.000  -35.000  -34.000 0.0000000000
-1  16.000  -35.000  -34.000 0.0000000000
-1  15.000  -35.000  -34.000 0.0000000000
-1  14.000  -35.000  -34.000 0.0000000000
-1  13.000  -35.000  -34.000 0.0000000000
-1  23.000  -35.000  -35.000 0.0000000000
-1  22.000  -35.000  -35.000 0.0000000000
-1  21.000  -35.000  -35.000 0.0000000000
-1  20.000  -35.000  -35.000 0.0000000000
-1  19.000  -35.000  -35.000 0.0000000000
-1  18.000  -35.000  -35.000 0.0000000000
-1  17.000  -35.000  -35.000 0.0000000000
-1  16.000  -35.000  -35.000 0.0000000000
-1  15.000  -35.000  -35.000 0.0000000000
-1  14.000  -35.000  -35.000 0.0000000000
-1  13.000  -35.000  -35.000 0.0000000000
-1  23.000  -35.000  -36.000 0.0000000000
-1  22.000  -35.000  -36.000 0.0000000000
-1  21.000  -35.000  -36.000 0.0000000000
-1  20.000  -35.000  -36.000 0.0000000000
-1  19.000  -35.000  -36.000 0.0000000000
-1  18.000  -35.000  -36.000 0.0000000000
-1  17.000  -35.000  -36.000 0.0000000000
-1  16.000  -35.000  -36.000 0.0000000000
-1  15.000  -35.000  -36.000 0.0000000000
-1  14.000  -35.000  -36.000 0.0000000000
-1  13.000  -35.000  -36.000 0.0000000000
-1  12.000  -35.000  -36.000 0.0000000000
-1  22.000  -35.000  -37.000 0.0000000000
-1  21.000  -35.000  -37.000 0.0000000000
-1  20.000  -35.000  -37.000 0.0000000000
-1  19.000  -35.000  -37.000 0.0000000000
-1  18.000  -35.000  -37.000 0.0000000000
-1  17.000  -35.000  -37.000 0.0000000000
-1  16.000  -35.000  -37.000 0.0000000000
-1  15.000  -35.000  -37.000 0.0000000000
-1  14.000  -35.000  -37.000 0.0000000000
-1  13.000  -35.000  -37.000 0.0000000000
-1  12.000  -35.000  -37.000 0.0000000000
-1  22.000  -35.000  -38.000 0.0000000000
-1  21.000  -35.000  -38.000 0.0000000000
-1  20.000  -35.000  -38.000 0.0000000000
-1  19.000  -35.000  -38.000 0.0000000000
-1  18.000  -35.000  -38.000 0.0000000000
-1  17.000  -35.000  -38.000 0.0000000000
-1  16.000  -35.000  -38.000 0.0000000000
-1  15.000  -35.000  -38.000 0.0000000000
-1  14.000  -35.000  -38.000 0.0000000000
-1  13.000  -35.000  -38.000 0.0000000000
-1  12.000  -35.000  -38.000 0.0000000000
-1  11.000  -35.000  -38.000 0.0000000000
-1  21.000  -35.000  -39.000 0.0000000000
-1  20.000  -35.000  -39.000 0.0000000000
-1  19.000  -35.000  -39.000 0.0000000000
-1  18.000  -35.000  -39.000 0.0000000000
-1  17.000  -35.000  -39.000 0.0000000000
-1  16.000  -35.000  -39.000 0.0000000000
-1  15.000  -35.000  -39.000 0.0000000000
-1  14.000  -35.000  -39.000 0.0000000000
-1  13.000  -35.000  -39.000 0.0000000000
-1  12.000  -35.000  -39.000 0.0000000000
-1  11.000  -35.000  -39.000 0.0000000000
-1  21.000  -35.000  -40.000 0.0000000000
-1  20.000  -35.000  -40.000 0.0000000000
-1  19.000  -35.000  -40.000 0.0000000000
-1  18.000  -35.000  -40.000 0.0000000000
-1  17.000  -35.000  -40.000 0.0000000000
-1  16.000  -35.000  -40.000 0.0000000000
-1  15.000  -35.000  -40.000 0.0000000000
-1  14.000  -35.000  -40.000 0.0000000000
-1  13.000  -35.000  -40.000 0.0000000000
-1  12.000  -35.000  -40.000 0.0000000000
-1  11.000  -35.000  -40.000 0.0000000000
-1  20.000  -35.000  -41.000 0.0000000000
-1  19.000  -35.000  -41.000 0.0000000000
-1  18.000  -35.000  -41.000 0.0000000000
-1  17.000  -35.000  -41.000 0.0000000000
-1  16.000  -35.000  -41.000 0.0000000000
-1  15.000  -35.000  -41.000 0.0000000000
-1  14.000  -35.000  -41.000 0.0000000000
-1  13.000  -35.000  -41.000 0.0000000000
-1  12.000  -35.000  -41.000 0.0000000000
-1  11.000  -35.000  -41.000 0.0000000000
-1  18.000  -35.000  -42.000 0.0000000000
-1  17.000  -35.000  -42.000 0.0000000000
-1  16.000  -35.000  -42.000 0.0000000000
-1  15.000  -35.000  -42.000 0.0000000000
-1  14.000  -35.000  -42.000 0.0000000000
-1  13.000  -35.000  -42.000 0.0000000000
-1  12.000  -35.000  -42.000 0.0000000000
-1  11.000  -35.000  -42.000 0.0000000000
-1  10.000  -35.000  -42.000 0.0000000000
-1  17.000  -35.000  -43.000 0.0000000000
-1  16.000  -35.000  -43.000 0.0000000000
-1  15.000  -35.000  -43.000 0.0000000000
-1  14.000  -35.000  -43.000 0.0000000000
-1  13.000  -35.000  -43.000 0.0000000000
-1  12.000  -35.000  -43.000 0.0000000000
-1  11.000  -35.000  -43.000 0.0000000000
-1  10.000  -35.000  -43.000 0.0000000000
-1  14.000  -35.000  -44.000 0.0000000000
-1  13.000  -35.000  -44.000 0.0000000000
-1  12.000  -35.000  -44.000 0.0000000000
-1  11.000  -35.000  -44.000 0.0000000000
-1  10.000  -35.000  -44.000 0.0000000000
-1  15.000  -34.000  -26.000 0.0000000000
-1  14.000  -34.000  -26.000 0.0000000000
-1  17.000  -34.000  -27.000 0.0000000000
-1  16.000  -34.000  -27.000 0.0000000000
-1  15.000  -34.000  -27.000 0.0000000000
-1  14.000  -34.000  -27.000 0.0000000000
-1  18.000  -34.000  -28.000 0.0000000000
-1  17.000  -34.000  -28.000 0.0000000000
-1  16.000  -34.000  -28.000 0.0000000000
-1  15.000  -34.000  -28.000 0.0000000000
-1  14.000  -34.000  -28.000 0.0000000000
-1  19.000  -34.000  -29.000 0.0000000000
-1  18.000  -34.000  -29.000 0.0000000000
-1  17.000  -34.000  -29.000 0.0000000000
-1  16.000  -34.000  -29.000 0.0000000000
-1  15.000  -34.000  -29.000 0.0000000000
-1  14.000  -34.000  -29.000 0.0000000000
-1  20.000  -34.000  -30.000 0.0000000000
-1  19.000  -34.000  -30.000 0.0000000000
-1  18.000  -34.000  -30.000 0.0000000000
-1  17.000  -34.000  -30.000 0.0000000000
-1  16.000  -34.000  -30.000 0.0000000000
-1  15.000  -34.000  -30.000 0.0000000000
-1  14.000  -34.000  -30.000 0.0000000000
-1  21.000  -34.000  -31.000 0.0000000000
-1  20.000  -34.000  -31.000 0.0000000000
-1  19.000  -34.000  -31.000 0.0000000000
-1  18.000  -34.000  -31.000 0.0000000000
-1  17.000  -34.000  -31.000 0.0000000000
-1  16.000  -34.000  -31.000 0.0000000000
-1  15.000  -34.000  -31.000 0.0000000000
-1  14.000  -34.000  -31.000 0.0000000000
-1  22.000  -34.000  -32.000 0.0000000000
-1  21.000  -34.000  -32.000 0.0000000000
-1  20.000  -34.000  -32.000 0.0000000000
-1  19.000  -34.000  -32.000 0.0000000000
-1  18.000  -34.000  -32.000 0.0000000000
-1  17.000  -34.000  -32.000 0.0000000000
-1  16.000  -34.000  -32.000 0.0000000000
-1  15.000  -34.000  -32.000 0.0000000000
-1  14.000  -34.000  -32.000 0.0000000000
-1  13.000  -34.000  -32.000 0.0000000000
-1  22.000  -34.000  -33.000 0.0000000000
-1  21.000  -34.000  -33.000 0.0000000000
-1  20.000  -34.000  -33.000 0.0000000000
-1  19.000  -34.000  -33.000 0.0000000000
-1  18.000  -34.000  -33.000 0.0000000000
-1  17.000  -34.000  -33.000 0.0000000000
-1  16.000  -34.000  -33.000 0.0000000000
-1  15.000  -34.000  -33.000 0.0000000000
-1  14.000  -34.000  -33.000 0.0000000000
-1  13.000  -34.000  -33.000 0.0000000000
-1  22.000  -34.000  -34.000 0.0000000000
-1  21.000  -34.000  -34.000 0.0000000000
-1  20.000  -34.000  -34.000 0.0000000000
-1  19.000  -34.000  -34.000 0.0000000000
-1  18.000  -34.000  -34.000 0.0000000000
-1  17.000  -34.000  -34.000 0.0000000000
-1  16.000  -34.000  -34.000 0.0000000000
-1  15.000  -34.000  -34.000 0.0000000000
-1  14.000  -34.000  -34.000 0.0000000000
-1  13.000  -34.000  -34.000 0.0000000000
-1  22.000  -34.000  -35.000 0.0000000000
-1  21.000  -34.000  -35.000 0.0000000000
-1  20.000  -34.000  -35.000 0.0000000000
-1  19.000  -34.000  -35.000 0.0000000000
-1  18.000  -34.000  -35.000 0.0000000000
-1  17.000  -34.000  -35.000 0.0000000000
-1  16.000  -34.000  -35.000 0.0000000000
-1  15.000  -34.000  -35.000 0.0000000000
-1  14.000  -34.000  -35.000 0.0000000000
-1  13.000  -34.000  -35.000 0.0000000000
-1  22.000  -34.000  -36.000 0.0000000000
-1  21.000  -34.000  -36.000 0.0000000000
-1  20.000  -34.000  -36.000 0.0000000000
-1  19.000  -34.000  -36.000 0.0000000000
-1  18.000  -34.000  -36.000 0.0000000000
-1  17.000  -34.000  -36.000 0.0000000000
-1  16.000  -34.000  -36.000 0.0000000000
-1  15.000  -34.000  -36.000 0.0000000000
-1  14.000  -34.000  -36.000 0.0000000000
-1  13.000  -34.000  -36.000 0.0000000000
-1  12.000  -34.000  -36.000 0.0000000000
-1  22.000  -34.000  -37.000 0.0000000000
-1  21.000  -34.000  -37.000 0.0000000000
-1  20.000  -34.000  -37.000 0.0000000000
-1  19.000  -34.000  -37.000 0.0000000000
-1  18.000  -34.000  -37.000 0.0000000000
-1  17.000  -34.000  -37.000 0.0000000000
-1  16.000  -34.000  -37.000 0.0000000000
-1  15.000  -34.000  -37.000 0.0000000000
-1  14.000  -34.000  -37.000 0.0000000000
-1  13.000  -34.000  -37.000 0.0000000000
-1  12.000  -34.000  -37.000 0.0000000000
-1  21.000  -34.000  -38.000 0.0000000000
-1  20.000  -34.000  -38.000 0.0000000000
-1  19.000  -34.000  -38.000 0.0000000000
-1  18.000  -34.000  -38.000 0.0000000000
-1  17.000  -34.000  -38.000 0.0000000000
-1  16.000  -34.000  -38.000 0.0000000000
-1  15.000  -34.000  -38.000 0.0000000000
-1  14.000  -34.000  -38.000 0.0000000000
-1  13.000  -34.000  -38.000 0.0000000000
-1  12.000  -34.000  -38.000 0.0000000000
-1  11.000  -34.000  -38.000 0.0000000000
-1  21.000  -34.000  -39.000 0.0000000000
-1  20.000  -34.000  -39.000 0.0000000000
-1  19.000  -34.000  -39.000 0.0000000000
-1  18.000  -34.000  -39.000 0.0000000000
-1  17.000  -34.000  -39.000 0.0000000000
-1  16.000  -34.000  -39.000 0.0000000000
-1  15.000  -34.000  -39.000 0.0000000000
-1  14.000  -34.000  -39.000 0.0000000000
-1  13.000  -34.000  -39.000 0.0000000000
-1  12.000  -34.000  -39.000 0.0000000000
-1  11.000  -34.000  -39.000 0.0000000000
-1  20.000  -34.000  -40.000 0.0000000000
-1  19.000  -34.000  -40.000 0.0000000000
-1  18.000  -34.000  -40.000 0.0000000000
-1  17.000  -34.000  -40.000 0.0000000000
-1  16.000  -34.000  -40.000 0.0000000000
-1  15.000  -34.000  -40.000 0.0000000000
-1  14.000  -34.000  -40.000 0.0000000000
-1  13.000  -34.000  -40.000 0.0000000000
-1  12.000  -34.000  -40.000 0.0000000000
-1  11.000  -34.000  -40.000 0.0000000000
-1  18.000  -34.000  -41.000 0.0000000000
-1  17.000  -34.000  -41.000 0.0000000000
-1  16.000  -34.000  -41.000 0.0000000000
-1  15.000  -34.000  -41.000 0.0000000000
-1  14.000  -34.000  -41.000 0.0000000000
-1  13.000  -34.000  -41.000 0.0000000000
-1  12.000  -34.000  -41.000 0.0000000000
-1  11.000  -34.000  -41.000 0.0000000000
-1  17.000  -34.000  -42.000 0.0000000000
-1  16.000  -34.000  -42.000 0.0000000000
-1  15.000  -34.000  -42.000 0.0000000000
-1  14.000  -34.000  -42.000 0.0000000000
-1  13.000  -34.000  -42.000 0.0000000000
-1  12.000  -34.000  -42.000 0.0000000000
-1  11.000  -34.000  -42.000 0.0000000000
-1  10.000  -34.000  -42.000 0.0000000000
-1  15.000  -34.000  -43.000 0.0000000000
-1  14.000  -34.000  -43.000 0.0000000000
-1  13.000  -34.000  -43.000 0.0000000000
-1  12.000  -34.000  -43.000 0.0000000000
-1  11.000  -34.000  -43.000 0.0000000000
-1  10.000  -34.000  -43.000 0.0000000000
-1  13.000  -34.000  -44.000 0.0000000000
-1  12.000  -34.000  -44.000 0.0000000000
-1  11.000  -34.000  -44.000 0.0000000000
-1  12.000  -34.000  -45.000 0.0000000000
-1  17.000  -33.000  -26.000 0.0000000000
-1  16.000  -33.000  -26.000 0.0000000000
-1  15.000  -33.000  -26.000 0.0000000000
-1  14.000  -33.000  -26.000 0.0000000000
-1  17.000  -33.000  -27.000 0.0000000000
-1  16.000  -33.000  -27.000 0.0000000000
-1  15.000  -33.000  -27.000 0.0000000000
-1  14.000  -33.000  -27.000 0.0000000000
-1  18.000  -33.000  -28.000 0.0000000000
-1  17.000  -33.000  -28.000 0.0000000000
-1  16.000  -33.000  -28.000 0.0000000000
-1  15.000  -33.000  -28.000 0.0000000000
-1  14.000  -33.000  -28.000 0.0000000000
-1  19.000  -33.000  -29.000 0.0000000000
-1  18.000  -33.000  -29.000 0.0000000000
-1  17.000  -33.000  -29.000 0.0000000000
-1  16.000  -33.000  -29.000 0.0000000000
-1  15.000  -33.000  -29.000 0.0000000000
-1  14.000  -33.000  -29.000 0.0000000000
-1  20.000  -33.000  -30.000 0.0000000000
-1  19.000  -33.000  -30.000 0.0000000000
-1  18.000  -33.000  -30.000 0.0000000000
-1  17.000  -33.000  -30.000 0.0000000000
-1  16.000  -33.000  -30.000 0.0000000000
-1  15.000  -33.000  -30.000 0.0000000000
-1  14.000  -33.000  -30.000 0.0000000000
-1  21.000  -33.000  -31.000 0.0000000000
-1  20.000  -33.000  -31.000 0.0000000000
-1  19.000  -33.000  -31.000 0.0000000000
-1  18.000  -33.000  -31.000 0.0000000000
-1  17.000  -33.000  -31.000 0.0000000000
-1  16.000  -33.000  -31.000 0.0000000000
-1  15.000  -33.000  -31.000 0.0000000000
-1  14.000  -33.000  -31.000 0.0000000000
-1  21.000  -33.000  -32.000 0.0000000000
-1  20.000  -33.000  -32.000 0.0000000000
-1  19.000  -33.000  -32.000 0.0000000000
-1  18.000  -33.000  -32.000 0.0000000000
-1  17.000  -33.000  -32.000 0.0000000000
-1  16.000  -33.000  -32.000 0.0000000000
-1  15.000  -33.000  -32.000 0.0000000000
-1  14.000  -33.000  -32.000 0.0000000000
-1  22.000  -33.000  -33.000 0.0000000000
-1  21.000  -33.000  -33.000 0.0000000000
-1  20.000  -33.000  -33.000 0.0000000000
-1  19.000  -33.000  -33.000 0.0000000000
-1  18.000  -33.000  -33.000 0.0000000000
-1  17.000  -33.000  -33.000 0.0000000000
-1  16.000  -33.000  -33.000 0.0000000000
-1  15.000  -33.000  -33.000 0.0000000000
-1  14.000  -33.000  -33.000 0.0000000000
-1  21.000  -33.000  -34.000 0.0000000000
-1  20.000  -33.000  -34.000 0.0000000000
-1  19.000  -33.000  -34.000 0.0000000000
-1  18.000  -33.000  -34.000 0.0000000000
-1  17.000  -33.000  -34.000 0.0000000000
-1  16.000  -33.000  -34.000 0.0000000000
-1  15.000  -33.000  -34.000 0.0000000000
-1  14.000  -33.000  -34.000 0.0000000000
-1  22.000  -33.000  -35.000 0.0000000000
-1  21.000  -33.000  -35.000 0.0000000000
-1  20.000  -33.000  -35.000 0.0000000000
-1  19.000  -33.000  -35.000 0.0000000000
-1  18.000  -33.000  -35.000 0.0000000000
-1  17.000  -33.000  -35.000 0.0000000000
-1  16.000  -33.000  -35.000 0.0000000000
-1  15.000  -33.000  -35.000 0.0000000000
-1  14.000  -33.000  -35.000 0.0000000000
-1  13.000  -33.000  -35.000 0.0000000000
-1  12.000  -33.000  -35.000 0.0000000000
-1  21.000  -33.000  -36.000 0.0000000000
-1  20.000  -33.000  -36.000 0.0000000000
-1  19.000  -33.000  -36.000 0.0000000000
-1  18.000  -33.000  -36.000 0.0000000000
-1  17.000  -33.000  -36.000 0.0000000000
-1  16.000  -33.000  -36.000 0.0000000000
-1  15.000  -33.000  -36.000 0.0000000000
-1  14.000  -33.000  -36.000 0.0000000000
-1  13.000  -33.000  -36.000 0.0000000000
-1  12.000  -33.000  -36.000 0.0000000000
-1  21.000  -33.000  -37.000 0.0000000000
-1  20.000  -33.000  -37.000 0.0000000000
-1  19.000  -33.000  -37.000 0.0000000000
-1  18.000  -33.000  -37.000 0.0000000000
-1  17.000  -33.000  -37.000 0.0000000000
-1  16.000  -33.000  -37.000 0.0000000000
-1  15.000  -33.000  -37.000 0.0000000000
-1  14.000  -33.000  -37.000 0.0000000000
-1  13.000  -33.000  -37.000 0.0000000000
-1  12.000  -33.000  -37.000 0.0000000000
-1  21.000  -33.000  -38.000 0.0000000000
-1  20.000  -33.000  -38.000 0.0000000000
-1  19.000  -33.000  -38.000 0.0000000000
-1  18.000  -33.000  -38.000 0.0000000000
-1  17.000  -33.000  -38.000 0.0000000000
-1  16.000  -33.000  -38.000 0.0000000000
-1  15.000  -33.000  -38.000 0.0000000000
-1  14.000  -33.000  -38.000 0.0000000000
-1  13.000  -33.000  -38.000 0.0000000000
-1  12.000  -33.000  -38.000 0.0000000000
-1  20.000  -33.000  -39.000 0.0000000000
-1  19.000  -33.000  -39.000 0.0000000000
-1  18.000  -33.000  -39.000 0.0000000000
-1  17.000  -33.000  -39.000 0.0000000000
-1  16.000  -33.000  -39.000 0.0000000000
-1  15.000  -33.000  -39.000 0.0000000000
-1  14.000  -33.000  -39.000 0.0000000000
-1  13.000  -33.000  -39.000 0.0000000000
-1  12.000  -33.000  -39.000 0.0000000000
-1  11.000  -33.000  -39.000 0.0000000000
-1  19.000  -33.000  -40.000 0.0000000000
-1  18.000  -33.000  -40.000 0.0000000000
-1  17.000  -33.000  -40.000 0.0000000000
-1  16.000  -33.000  -40.000 0.0000000000
-1  15.000  -33.000  -40.000 0.0000000000
-1  14.000  -33.000  -40.000 0.0000000000
-1  13.000  -33.000  -40.000 0.0000000000
-1  12.000  -33.000  -40.000 0.0000000000
-1  11.000  -33.000  -40.000 0.0000000000
-1  18.000  -33.000  -41.000 0.0000000000
-1  17.000  -33.000  -41.000 0.0000000000
-1  16.000  -33.000  -41.000 0.0000000000
-1  15.000  -33.000  -41.000 0.0000000000
-1  14.000  -33.000  -41.000 0.0000000000
-1  13.000  -33.000  -41.000 0.0000000000
-1  12.000  -33.000  -41.000 0.0000000000
-1  11.000  -33.000  -41.000 0.0000000000
-1  16.000  -33.000  -42.000 0.0000000000
-1  15.000  -33.000  -42.000 0.0000000000
-1  14.000  -33.000  -42.000 0.0000000000
-1  13.000  -33.000  -42.000 0.0000000000
-1  12.000  -33.000  -42.000 0.0000000000
-1  11.000  -33.000  -42.000 0.0000000000
-1  14.000  -33.000  -43.000 0.0000000000
-1  13.000  -33.000  -43.000 0.0000000000
-1  12.000  -33.000  -43.000 0.0000000000
-1  11.000  -33.000  -43.000 0.0000000000
-1  13.000  -33.000  -44.000 0.0000000000
-1  12.000  -33.000  -44.000 0.0000000000
-1  11.000  -33.000  -44.000 0.0000000000
-1  15.000  -32.000  -25.000 0.0000000000
-1  14.000  -32.000  -25.000 0.0000000000
-1  17.000  -32.000  -26.000 0.0000000000
-1  16.000  -32.000  -26.000 0.0000000000
-1  15.000  -32.000  -26.000 0.0000000000
-1  14.000  -32.000  -26.000 0.0000000000
-1  17.000  -32.000  -27.000 0.0000000000
-1  16.000  -32.000  -27.000 0.0000000000
-1  15.000  -32.000  -27.000 0.0000000000
-1  14.000  -32.000  -27.000 0.0000000000
-1  18.000  -32.000  -28.000 0.0000000000
-1  17.000  -32.000  -28.000 0.0000000000
-1  16.000  -32.000  -28.000 0.0000000000
-1  15.000  -32.000  -28.000 0.0000000000
-1  14.000  -32.000  -28.000 0.0000000000
-1  19.000  -32.000  -29.000 0.0000000000
-1  18.000  -32.000  -29.000 0.0000000000
-1  17.000  -32.000  -29.000 0.0000000000
-1  16.000  -32.000  -29.000 0.0000000000
-1  15.000  -32.000  -29.000 0.0000000000
-1  14.000  -32.000  -29.000 0.0000000000
-1  20.000  -32.000  -30.000 0.0000000000
-1  19.000  -32.000  -30.000 0.0000000000
-1  18.000  -32.000  -30.000 0.0000000000
-1  17.000  -32.000  -30.000 0.0000000000
-1  16.000  -32.000  -30.000 0.0000000000
-1  15.000  -32.000  -30.000 0.0000000000
-1  14.000  -32.000  -30.000 0.0000000000
-1  20.000  -32.000  -31.000 0.0000000000
-1  19.000  -32.000  -31.000 0.0000000000
-1  18.000  -32.000  -31.000 0.0000000000
-1  17.000  -32.000  -31.000 0.0000000000
-1  16.000  -32.000  -31.000 0.0000000000
-1  15.000  -32.000  -31.000 0.0000000000
-1  14.000  -32.000  -31.000 0.0000000000
-1  21.000  -32.000  -32.000 0.0000000000
-1  20.000  -32.000  -32.000 0.0000000000
-1  19.000  -32.000  -32.000 0.0000000000
-1  18.000  -32.000  -32.000 0.0000000000
-1  17.000  -32.000  -32.000 0.0000000000
-1  16.000  -32.000  -32.000 0.0000000000
-1  15.000  -32.000  -32.000 0.0000000000
-1  14.000  -32.000  -32.000 0.0000000000
-1  21.000  -32.000  -33.000 0.0000000000
-1  20.000  -32.000  -33.000 0.0000000000
-1  19.000  -32.000  -33.000 0.0000000000
-1  18.000  -32.000  -33.000 0.0000000000
-1  17.000  -32.000  -33.000 0.0000000000
-1  16.000  -32.000  -33.000 0.0000000000
-1  15.000  -32.000  -33.000 0.0000000000
-1  14.000  -32.000  -33.000 0.0000000000
-1  13.000  -32.000  -33.000 0.0000000000
-1  21.000  -32.000  -34.000 0.0000000000
-1  20.000  -32.000  -34.000 0.0000000000
-1  19.000  -32.000  -34.000 0.0000000000
-1  18.000  -32.000  -34.000 0.0000000000
-1  17.000  -32.000  -34.000 0.0000000000
-1  16.000  -32.000  -34.000 0.0000000000
-1  15.000  -32.000  -34.000 0.0000000000
-1  14.000  -32.000  -34.000 0.0000000000
-1  13.000  -32.000  -34.000 0.0000000000
-1  21.000  -32.000  -35.000 0.0000000000
-1  20.000  -32.000  -35.000 0.0000000000
-1  19.000  -32.000  -35.000 0.0000000000
-1  18.000  -32.000  -35.000 0.0000000000
-1  17.000  -32.000  -35.000 0.0000000000
-1  16.000  -32.000  -35.000 0.0000000000
-1  15.000  -32.000  -35.000 0.0000000000
-1  14.000  -32.000  -35.000 0.0000000000
-1  13.000  -32.000  -35.000 0.0000000000
-1  21.000  -32.000  -36.000 0.0000000000
-1  20.000  -32.000  -36.000 0.0000000000
-1  19.000  -32.000  -36.000 0.0000000000
-1  18.000  -32.000  -36.000 0.0000000000
-1  17.000  -32.000  -36.000 0.0000000000
-1  16.000  -32.000  -36.000 0.0000000000
-1  15.000  -32.000  -36.000 0.0000000000
-1  14.000  -32.000  -36.000 0.0000000000
-1  13.000  -32.000  -36.000 0.0000000000
-1  20.000  -32.000  -37.000 0.0000000000
-1  19.000  -32.000  -37.000 0.0000000000
-1  18.000  -32.000  -37.000 0.0000000000
-1  17.000  -32.000  -37.000 0.0000000000
-1  16.000  -32.000  -37.000 0.0000000000
-1  15.000  -32.000  -37.000 0.0000000000
-1  14.000  -32.000  -37.000 0.0000000000
-1  13.000  -32.000  -37.000 0.0000000000
-1  12.000  -32.000  -37.000 0.0000000000
-1  20.000  -32.000  -38.000 0.0000000000
-1  19.000  -32.000  -38.000 0.0000000000
-1  18.000  -32.000  -38.000 0.0000000000
-1  17.000  -32.000  -38.000 0.0000000000
-1  16.000  -32.000  -38.000 0.0000000000
-1  15.000  -32.000  -38.000 0.0000000000
-1  14.000  -32.000  -38.000 0.0000000000
-1  13.000  -32.000  -38.000 0.0000000000
-1  12.000  -32.000  -38.000 0.0000000000
-1  19.000  -32.000  -39.000 0.0000000000
-1  18.000  -32.000  -39.000 0.0000000000
-1  17.000  -32.000  -39.000 0.0000000000
-1  16.000  -32.000  -39.000 0.0000000000
-1  15.000  -32.000  -39.000 0.0000000000
-1  14.000  -32.000  -39.000 0.0000000000
-1  13.000  -32.000  -39.000 0.0000000000
-1  12.000  -32.000  -39.000 0.0000000000
-1  11.000  -32.000  -39.000 0.0000000000
-1  18.000  -32.000  -40.000 0.0000000000
-1  17.000  -32.000  -40.000 0.0000000000
-1  16.000  -32.000  -40.000 0.0000000000
-1  15.000  -32.000  -40.000 0.0000000000
-1  14.000  -32.000  -40.000 0.0000000000
-1  13.000  -32.000  -40.000 0.0000000000
-1  12.000  -32.000  -40.000 0.0000000000
-1  11.000  -32.000  -40.000 0.0000000000
-1  17.000  -32.000  -41.000 0.0000000000
-1  16.000  -32.000  -41.000 0.0000000000
-1  15.000  -32.000  -41.000 0.0000000000
-1  14.000  -32.000  -41.000 0.0000000000
-1  13.000  -32.000  -41.000 0.0000000000
-1  12.000  -32.000  -41.000 0.0000000000
-1  11.000  -32.000  -41.000 0.0000000000
-1  15.000  -32.000  -42.000 0.0000000000
-1  14.000  -32.000  -42.000 0.0000000000
-1  13.000  -32.000  -42.000 0.0000000000
-1  12.000  -32.000  -42.000 0.0000000000
-1  11.000  -32.000  -42.000 0.0000000000
-1  13.000  -32.000  -43.000 0.0000000000
-1  12.000  -32.000  -43.000 0.0000000000
-1  12.000  -32.000  -44.000 0.0000000000
-1  15.000  -31.000  -25.000 0.0000000000
-1  14.000  -31.000  -25.000 0.0000000000
-1  17.000  -31.000  -26.000 0.0000000000
-1  16.000  -31.000  -26.000 0.0000000000
-1  15.000  -31.000  -26.000 0.0000000000
-1  14.000  -31.000  -26.000 0.0000000000
-1  17.000  -31.000  -27.000 0.0000000000
-1  16.000  -31.000  -27.000 0.0000000000
-1  15.000  -31.000  -27.000 0.0000000000
-1  14.000  -31.000  -27.000 0.0000000000
-1  18.000  -31.000  -28.000 0.0000000000
-1  17.000  -31.000  -28.000 0.0000000000
-1  16.000  -31.000  -28.000 0.0000000000
-1  15.000  -31.000  -28.000 0.0000000000
-1  14.000  -31.000  -28.000 0.0000000000
-1  19.000  -31.000  -29.000 0.0000000000
-1  18.000  -31.000  -29.000 0.0000000000
-1  17.000  -31.000  -29.000 0.0000000000
-1  16.000  -31.000  -29.000 0.0000000000
-1  15.000  -31.000  -29.000 0.0000000000
-1  14.000  -31.000  -29.000 0.0000000000
-1  19.000  -31.000  -30.000 0.0000000000
-1  18.000  -31.000  -30.000 0.0000000000
-1  17.000  -31.000  -30.000 0.0000000000
-1  16.000  -31.000  -30.000 0.0000000000
-1  15.000  -31.000  -30.000 0.0000000000
-1  14.000  -31.000  -30.000 0.0000000000
-1  20.000  -31.000  -31.000 0.0000000000
-1  19.000  -31.000  -31.000 0.0000000000
-1  18.000  -31.000  -31.000 0.0000000000
-1  17.000  -31.000  -31.000 0.0000000000
-1  16.000  -31.000  -31.000 0.0000000000
-1  15.000  -31.000  -31.000 0.0000000000
-1  14.000  -31.000  -31.000 0.0000000000
-1  20.000  -31.000  -32.000 0.0000000000
-1  19.000  -31.000  -32.000 0.0000000000
-1  18.000  -31.000  -32.000 0.0000000000
-1  17.000  -31.000  -32.000 0.0000000000
-1  16.000  -31.000  -32.000 0.0000000000
-1  15.000  -31.000  -32.000 0.0000000000
-1  14.000  -31.000  -32.000 0.0000000000
-1  21.000  -31.000  -33.000 0.0000000000
-1  20.000  -31.000  -33.000 0.0000000000
-1  19.000  -31.000  -33.000 0.0000000000
-1  18.000  -31.000  -33.000 0.0000000000
-1  17.000  -31.000  -33.000 0.0000000000
-1  16.000  -31.000  -33.000 0.0000000000
-1  15.000  -31.000  -33.000 0.0000000000
-1  14.000  -31.000  -33.000 0.0000000000
-1  13.000  -31.000  -33.000 0.0000000000
-1  20.000  -31.000  -34.000 0.0000000000
-1  19.000  -31.000  -34.000 0.0000000000
-1  18.000  -31.000  -34.000 0.0000000000
-1  17.000  -31.000  -34.000 0.0000000000
-1  16.000  -31.000  -34.000 0.0000000000
-1  15.000  -31.000  -34.000 0.0000000000
-1  14.000  -31.000  -34.000 0.0000000000
-1  13.000  -31.000  -34.000 0.0000000000
-1  21.000  -31.000  -35.000 0.0000000000
-1  20.000  -31.000  -35.000 0.0000000000
-1  19.000  -31.000  -35.000 0.0000000000
-1  18.000  -31.000  -35.000 0.0000000000
-1  17.000  -31.000  -35.000 0.0000000000
-1  16.000  -31.000  -35.000 0.0000000000
-1  15.000  -31.000  -35.000 0.0000000000
-1  14.000  -31.000  -35.000 0.0000000000
-1  13.000  -31.000  -35.000 0.0000000000
-1  20.000  -31.000  -36.000 0.0000000000
-1  19.000  -31.000  -36.000 0.0000000000
-1  18.000  -31.000  -36.000 0.0000000000
-1  17.000  -31.000  -36.000 0.0000000000
-1  16.000  -31.000  -36.000 0.0000000000
-1  15.000  -31.000  -36.000 0.0000000000
-1  14.000  -31.000  -36.000 0.0000000000
-1  13.000  -31.000  -36.000 0.0000000000
-1  20.000  -31.000  -37.000 0.0000000000
-1  19.000  -31.000  -37.000 0.0000000000
-1  18.000  -31.000  -37.000 0.0000000000
-1  17.000  -31.000  -37.000 0.0000000000
-1  16.000  -31.000  -37.000 0.0000000000
-1  15.000  -31.000  -37.000 0.0000000000
-1  14.000  -31.000  -37.000 0.0000000000
-1  13.000  -31.000  -37.000 0.0000000000
-1  12.000  -31.000  -37.000 0.0000000000
-1  19.000  -31.000  -38.000 0.0000000000
-1  18.000  -31.000  -38.000 0.0000000000
-1  17.000  -31.000  -38.000 0.0000000000
-1  16.000  -31.000  -38.000 0.0000000000
-1  15.000  -31.000  -38.000 0.0000000000
-1  14.000  -31.000  -38.000 0.0000000000
-1  13.000  -31.000  -38.000 0.0000000000
-1  12.000  -31.000  -38.000 0.0000000000
-1  18.000  -31.000  -39.000 0.0000000000
-1  17.000  -31.000  -39.000 0.0000000000
-1  16.000  -31.000  -39.000 0.0000000000
-1  15.000  -31.000  -39.000 0.0000000000
-1  14.000  -31.000  -39.000 0.0000000000
-1  13.000  -31.000  -39.000 0.0000000000
-1  12.000  -31.000  -39.000 0.0000000000
-1  17.000  -31.000  -40.000 0.0000000000
-1  16.000  -31.000  -40.000 0.0000000000
-1  15.000  -31.000  -40.000 0.0000000000
-1  14.000  -31.000  -40.000 0.0000000000
-1  13.000  -31.000  -40.000 0.0000000000
-1  16.000  -31.000  -41.000 0.0000000000
-1  15.000  -31.000  -41.000 0.0000000000
-1  14.000  -31.000  -41.000 0.0000000000
-1  13.000  -31.000  -41.000 0.0000000000
-1  14.000  -31.000  -42.000 0.0000000000
-1  13.000  -31.000  -42.000 0.0000000000
-1  13.000  -31.000  -43.000 0.0000000000
-1  16.000  -30.000  -25.000 0.0000000000
-1  15.000  -30.000  -25.000 0.0000000000
-1  17.000  -30.000  -26.000 0.0000000000
-1  16.000  -30.000  -26.000 0.0000000000
-1  15.000  -30.000  -26.000 0.0000000000
-1  14.000  -30.000  -26.000 0.0000000000
-1  17.000  -30.000  -27.000 0.0000000000
-1  16.000  -30.000  -27.000 0.0000000000
-1  15.000  -30.000  -27.000 0.0000000000
-1  14.000  -30.000  -27.000 0.0000000000
-1  18.000  -30.000  -28.000 0.0000000000
-1  17.000  -30.000  -28.000 0.0000000000
-1  16.000  -30.000  -28.000 0.0000000000
-1  15.000  -30.000  -28.000 0.0000000000
-1  14.000  -30.000  -28.000 0.0000000000
-1  18.000  -30.000  -29.000 0.0000000000
-1  17.000  -30.000  -29.000 0.0000000000
-1  16.000  -30.000  -29.000 0.0000000000
-1  15.000  -30.000  -29.000 0.0000000000
-1  14.000  -30.000  -29.000 0.0000000000
-1  19.000  -30.000  -30.000 0.0000000000
-1  18.000  -30.000  -30.000 0.0000000000
-1  17.000  -30.000  -30.000 0.0000000000
-1  16.000  -30.000  -30.000 0.0000000000
-1  15.000  -30.000  -30.000 0.0000000000
-1  14.000  -30.000  -30.000 0.0000000000
-1  19.000  -30.000  -31.000 0.0000000000
-1  18.000  -30.000  -31.000 0.0000000000
-1  17.000  -30.000  -31.000 0.0000000000
-1  16.000  -30.000  -31.000 0.0000000000
-1  15.000  -30.000  -31.000 0.0000000000
-1  14.000  -30.000  -31.000 0.0000000000
-1  20.000  -30.000  -32.000 0.0000000000
-1  19.000  -30.000  -32.000 0.0000000000
-1  18.000  -30.000  -32.000 0.0000000000
-1  17.000  -30.000  -32.000 0.0000000000
-1  16.000  -30.000  -32.000 0.0000000000
-1  15.000  -30.000  -32.000 0.0000000000
-1  14.000  -30.000  -32.000 0.0000000000
-1  20.000  -30.000  -33.000 0.0000000000
-1  19.000  -30.000  -33.000 0.0000000000
-1  18.000  -30.000  -33.000 0.0000000000
-1  17.000  -30.000  -33.000 0.0000000000
-1  16.000  -30.000  -33.000 0.0000000000
-1  15.000  -30.000  -33.000 0.0000000000
-1  14.000  -30.000  -33.000 0.0000000000
-1  20.000  -30.000  -34.000 0.0000000000
-1  19.000  -30.000  -34.000 0.0000000000
-1  18.000  -30.000  -34.000 0.0000000000
-1  17.000  -30.000  -34.000 0.0000000000
-1  16.000  -30.000  -34.000 0.0000000000
-1  15.000  -30.000  -34.000 0.0000000000
-1  14.000  -30.000  -34.000 0.0000000000
-1  13.000  -30.000  -34.000 0.0000000000
-1  20.000  -30.000  -35.000 0.0000000000
-1  19.000  -30.000  -35.000 0.0000000000
-1  18.000  -30.000  -35.000 0.0000000000
-1  17.000  -30.000  -35.000 0.0000000000
-1  16.000  -30.000  -35.000 0.0000000000
-1  15.000  -30.000  -35.000 0.0000000000
-1  14.000  -30.000  -35.000 0.0000000000
-1  20.000  -30.000  -36.000 0.0000000000
-1  19.000  -30.000  -36.000 0.0000000000
-1  18.000  -30.000  -36.000 0.0000000000
-1  17.000  -30.000  -36.000 0.0000000000
-1  16.000  -30.000  -36.000 0.0000000000
-1  15.000  -30.000  -36.000 0.0000000000
-1  14.000  -30.000  -36.000 0.0000000000
-1  13.000  -30.000  -36.000 0.0000000000
-1  18.000  -30.000  -37.000 0.0000000000
-1  17.000  -30.000  -37.000 0.0000000000
-1  16.000  -30.000  -37.000 0.0000000000
-1  15.000  -30.000  -37.000 0.0000000000
-1  14.000  -30.000  -37.000 0.0000000000
-1  18.000  -30.000  -38.000 0.0000000000
-1  17.000  -30.000  -38.000 0.0000000000
-1  16.000  -30.000  -38.000 0.0000000000
-1  15.000  -30.000  -38.000 0.0000000000
-1  14.000  -30.000  -38.000 0.0000000000
-1  13.000  -30.000  -38.000 0.0000000000
-1  18.000  -30.000  -39.000 0.0000000000
-1  17.000  -30.000  -39.000 0.0000000000
-1  16.000  -30.000  -39.000 0.0000000000
-1  15.000  -30.000  -39.000 0.0000000000
-1  14.000  -30.000  -39.000 0.0000000000
-1  13.000  -30.000  -39.000 0.0000000000
-1  16.000  -30.000  -40.000 0.0000000000
-1  15.000  -30.000  -40.000 0.0000000000
-1  16.000  -29.000  -25.000 0.0000000000
-1  15.000  -29.000  -25.000 0.0000000000
-1  17.000  -29.000  -26.000 0.0000000000
-1  16.000  -29.000  -26.000 0.0000000000
-1  15.000  -29.000  -26.000 0.0000000000
-1  17.000  -29.000  -27.000 0.0000000000
-1  16.000  -29.000  -27.000 0.0000000000
-1  15.000  -29.000  -27.000 0.0000000000
-1  14.000  -29.000  -27.000 0.0000000000
-1  18.000  -29.000  -28.000 0.0000000000
-1  17.000  -29.000  -28.000 0.0000000000
-1  16.000  -29.000  -28.000 0.0000000000
-1  15.000  -29.000  -28.000 0.0000000000
-1  18.000  -29.000  -29.000 0.0000000000
-1  17.000  -29.000  -29.000 0.0000000000
-1  16.000  -29.000  -29.000 0.0000000000
-1  15.000  -29.000  -29.000 0.0000000000
-1  14.000  -29.000  -29.000 0.0000000000
-1  19.000  -29.000  -30.000 0.0000000000
-1  18.000  -29.000  -30.000 0.0000000000
-1  17.000  -29.000  -30.000 0.0000000000
-1  16.000  -29.000  -30.000 0.0000000000
-1  15.000  -29.000  -30.000 0.0000000000
-1  19.000  -29.000  -31.000 0.0000000000
-1  18.000  -29.000  -31.000 0.0000000000
-1  17.000  -29.000  -31.000 0.0000000000
-1  16.000  -29.000  -31.000 0.0000000000
-1  15.000  -29.000  -31.000 0.0000000000
-1  19.000  -29.000  -32.000 0.0000000000
-1  18.000  -29.000  -32.000 0.0000000000
-1  17.000  -29.000  -32.000 0.0000000000
-1  16.000  -29.000  -32.000 0.0000000000
-1  15.000  -29.000  -32.000 0.0000000000
-1  19.000  -29.000  -33.000 0.0000000000
-1  18.000  -29.000  -33.000 0.0000000000
-1  17.000  -29.000  -33.000 0.0000000000
-1  16.000  -29.000  -33.000 0.0000000000
-1  15.000  -29.000  -33.000 0.0000000000
-1  19.000  -29.000  -34.000 0.0000000000
-1  18.000  -29.000  -34.000 0.0000000000
-1  17.000  -29.000  -34.000 0.0000000000
-1  16.000  -29.000  -34.000 0.0000000000
-1  19.000  -29.000  -35.000 0.0000000000
-1  18.000  -29.000  -35.000 0.0000000000
-1  17.000  -29.000  -35.000 0.0000000000
-1  18.000  -29.000  -36.000 0.0000000000
-1  17.000  -29.000  -36.000 0.0000000000
-1  18.000  -29.000  -37.000 0.0000000000
-1  15.000  -28.000  -24.000 0.0000000000
-1  16.000  -28.000  -25.000 0.0000000000
-1  15.000  -28.000  -25.000 0.0000000000
-1  17.000  -28.000  -26.000 0.0000000000
-1  16.000  -28.000  -26.000 0.0000000000
-1  15.000  -28.000  -26.000 0.0000000000
-1  17.000  -28.000  -27.000 0.0000000000
-1  16.000  -28.000  -27.000 0.0000000000
-1  15.000  -28.000  -27.000 0.0000000000
-1  18.000  -28.000  -28.000 0.0000000000
-1  17.000  -28.000  -28.000 0.0000000000
-1  16.000  -28.000  -28.000 0.0000000000
-1  15.000  -28.000  -28.000 0.0000000000
-1  18.000  -28.000  -29.000 0.0000000000
-1  17.000  -28.000  -29.000 0.0000000000
-1  16.000  -28.000  -29.000 0.0000000000
-1  15.000  -28.000  -29.000 0.0000000000
-1  18.000  -28.000  -30.000 0.0000000000
-1  17.000  -28.000  -30.000 0.0000000000
-1  16.000  -28.000  -30.000 0.0000000000
-1  15.000  -28.000  -30.000 0.0000000000
-1  18.000  -28.000  -31.000 0.0000000000
-1  17.000  -28.000  -31.000 0.0000000000
-1  16.000  -28.000  -31.000 0.0000000000
-1  19.000  -28.000  -32.000 0.0000000000
-1  18.000  -28.000  -32.000 0.0000000000
-1  17.000  -28.000  -32.000 0.0000000000
-1  16.000  -28.000  -32.000 0.0000000000
-1  19.000  -28.000  -33.000 0.0000000000
-1  18.000  -28.000  -33.000 0.0000000000
-1  17.000  -28.000  -33.000 0.0000000000
-1  18.000  -28.000  -34.000 0.0000000000
-1  17.000  -28.000  -34.000 0.0000000000
-1  18.000  -28.000  -35.000 0.0000000000
-1  16.000  -27.000  -25.000 0.0000000000
-1  17.000  -27.000  -26.000 0.0000000000
-1  16.000  -27.000  -26.000 0.0000000000
-1  17.000  -27.000  -27.000 0.0000000000
-1  16.000  -27.000  -27.000 0.0000000000
-1  17.000  -27.000  -28.000 0.0000000000
-1  16.000  -27.000  -28.000 0.0000000000
-1  18.000  -27.000  -29.000 0.0000000000
-1  17.000  -27.000  -29.000 0.0000000000
-1  16.000  -27.000  -29.000 0.0000000000
-1  18.000  -27.000  -30.000 0.0000000000
-1  17.000  -27.000  -30.000 0.0000000000
-1  18.000  -27.000  -31.000 0.0000000000
